{"CGO_CALL_C_FUNC":{"name":"CGO_CALL_C_FUNC","build_times":{"1.18":[482.954174,489.690794,471.423769,476.396358,470.797455,471.267104,467.641546,485.613636,466.410025,470.360589],"1.19":[497.853047,502.308014,493.0374,507.891984,494.304315,502.044511,491.160452,522.778839,505.884766,507.153487],"1.20":[423.713299,428.469738,420.427206,423.628402,434.876712,427.431844,436.67348,423.839271,426.684801,434.009683],"gotip":[475.168666,461.117112,456.567083,467.688603,475.179202,467.075351,473.463624,465.515762,469.275201,473.162873]},"run_times":{"1.18":[3517.76046,3518.995485,3518.935304,3522.008242,3517.70884,3514.389813,3523.268135,3519.05915,3520.257692,3517.401297],"1.19":[3542.991367,3544.103483,3541.158848,3553.376355,3545.278756,3545.205056,3543.415947,3542.494902,3543.843823,3541.498171],"1.20":[3554.874193,3557.124587,3556.721481,3555.073252,3555.879165,3555.774686,3554.974249,3555.448086,3555.65167,3556.301244],"gotip":[3583.41889,3581.850839,3579.907131,3570.816826,3572.42519,3571.872279,3593.698805,3582.907988,3563.525896,3580.867801]}},"Fibonacci":{"name":"Fibonacci","build_times":{"1.18":[117.545577,114.028312,117.423776,112.240579,118.174089,122.701772,116.12445,117.14157,117.810982,115.509039],"1.19":[132.731795,123.78602,118.585218,111.857487,110.884668,116.21935,107.963,118.017785,114.763825,112.242078],"1.20":[127.343912,117.210039,119.562117,120.121715,121.564822,118.35796,120.662488,112.793748,120.693294,121.943075],"gotip":[120.747442,121.58622,122.047342,108.989598,114.674275,119.610429,114.77928,116.946221,113.682862,124.859745]},"run_times":{"1.18":[4013.283505,4016.49051,4013.032618,4014.552328,4012.571374,4011.951707,4016.832649,4015.895176,4013.690747,4012.745642],"1.19":[3904.506606,3903.392241,3904.012832,3906.459432,3903.294228,3904.877999,3902.186219,3902.318725,3902.79905,3903.868147],"1.20":[3924.712584,3925.874057,3925.503813,3931.017827,3913.325223,3932.716328,3923.681461,3937.367164,3912.576454,3924.247894],"gotip":[4247.240044,4250.180445,4249.952398,4246.565776,4244.972479,4245.113439,4244.879862,4245.769982,4276.439085,4245.395065]}},"Garbage_Collection":{"name":"Garbage_Collection","build_times":{"1.18":[125.290947,132.074258,132.885771,131.218843,131.444348,130.757336,123.609719,126.523967,133.678384,129.302513],"1.19":[117.27308,165.512112,113.37472,113.494423,112.889813,115.668855,114.64774,118.505299,123.640276,127.131729],"1.20":[118.370505,124.157754,114.532249,123.197276,114.441701,121.198087,119.021174,121.120156,120.428007,118.644152],"gotip":[109.323971,115.360863,116.445463,116.941292,122.274997,122.781108,115.07524,115.836859,122.058405,123.400427]},"run_times":{"1.18":[5698.397419,5752.426351,5671.396134,5695.379776,5750.560867,5702.192438,5730.709384,5717.581948,5671.742607,5755.936092],"1.19":[5608.593737,5554.113923,5554.761855,5571.222645,5540.138669,5559.17238,5585.721728,5561.499129,5547.227558,5535.742627],"1.20":[6263.008883,6227.927171,6210.519759,6212.509291,6250.680679,6196.968899,6198.146383,6204.416937,6203.20084,6195.493962],"gotip":[6561.273733,6556.531352,6598.397148,6602.037102,6576.075232,6581.204047,6544.640347,6568.462149,6572.589216,6586.577979]}},"Goroutine_Creation":{"name":"Goroutine_Creation","build_times":{"1.18":[139.10575,139.188651,136.467607,137.174018,139.915295,131.358327,132.222242,137.350031,132.353846,130.310011],"1.19":[124.575595,143.257453,112.177043,122.97652,117.396429,123.677232,116.524114,115.885504,116.834019,123.734032],"1.20":[122.55462,122.529065,125.85486,114.435077,123.682505,127.939986,119.512055,116.830417,128.175366,125.231002],"gotip":[123.979199,115.817456,124.086214,119.331878,125.576235,126.085173,122.655675,118.443677,119.272612,115.094773]},"run_times":{"1.18":[5491.9293,5473.662418,5462.331882,5455.927824,5412.473764,5467.996135,5355.846086,5394.026553,5411.596468,5420.173358],"1.19":[9099.237122,9100.674206,9084.762746,9116.505506,9137.48997,9254.464664,9110.269835,9084.86918,9100.501525,9082.480861],"1.20":[9230.814937,9243.336362,9193.234337,9219.641209,9196.085225,9245.657517,9260.365081,9224.432775,9225.493072,9185.908762],"gotip":[5612.003062,5596.150444,5647.071854,5559.090623,5617.87847,5619.809873,5619.042273,5642.939103,5679.83437,5811.17854]}},"MergeSort":{"name":"MergeSort","build_times":{"1.18":[127.761271,130.408214,122.034678,127.776771,127.378265,124.64122,133.997672,121.56177,121.346853,118.154294],"1.19":[128.590027,116.131502,115.093683,119.34306,125.043262,118.290141,113.175548,108.113356,120.937589,118.995553],"1.20":[133.680935,117.74172,128.327815,118.754994,132.30122,119.357919,119.945113,120.825782,114.643019,121.882339],"gotip":[118.798056,125.461406,117.46422,117.549123,119.722057,122.501403,120.23695,125.575121,120.614158,125.612142]},"run_times":{"1.18":[5984.160312,5934.809838,5980.561202,5949.190219,5964.128525,5984.245422,5952.373356,5911.399031,5895.326523,6006.130191],"1.19":[7583.930412,7647.920539,7747.045731,7612.719716,7618.650693,7670.000389,7688.646715,7708.974381,7828.880409,7687.884019],"1.20":[8885.849137,8726.09029,8861.114514,8850.605919,8707.72093,8749.559737,8680.063179,8916.490817,8678.972243,8842.274685],"gotip":[9338.924867,9224.291314,9127.994288,9121.41789,9004.500939,9048.904093,9000.327518,8914.352142,9174.800056,8977.040222]}},"Sort_Random":{"name":"Sort_Random","build_times":{"1.18":[158.606465,154.815223,146.106582,140.794995,146.973595,149.307534,153.101695,141.196402,145.674574,141.863712],"1.19":[168.546677,129.32083,122.330515,123.262055,122.733139,126.288752,133.508984,123.005647,114.170863,126.102446],"1.20":[130.955099,128.63365,132.919289,131.419738,128.587599,139.588611,131.060174,135.777627,130.575423,129.028094],"gotip":[127.222226,140.675948,128.595016,132.336431,132.555921,132.513634,135.560185,135.534975,136.902101,137.858011]},"run_times":{"1.18":[5028.222392,5034.151427,5028.447948,5029.728685,5031.179992,5031.338216,5033.369614,5027.458249,5030.757586,5032.766566],"1.19":[5090.447859,5080.227218,5095.096668,5091.321362,5086.910041,5101.090258,5084.593055,5084.793103,5083.521751,5083.023071],"1.20":[5081.019094,5079.924727,5080.968004,5082.070997,5081.153229,5080.906756,5080.270498,5078.812695,5079.723874,5081.681543],"gotip":[5202.507893,5204.669788,5204.120566,5202.644144,5203.712191,5206.443451,5204.66518,5203.151279,5202.557962,5201.599825]}},"Sort_Reversed":{"name":"Sort_Reversed","build_times":{"1.18":[131.091367,140.612224,132.885997,140.164717,134.684926,135.771944,133.875012,130.744961,135.267035,130.790662],"1.19":[129.663879,116.220663,119.926223,117.691187,117.966591,113.693123,110.364669,124.447195,124.11979,109.526455],"1.20":[123.219235,124.210036,123.061375,118.103239,123.862329,129.975726,118.557936,122.904798,124.868308,118.778912],"gotip":[128.299484,116.507984,126.692852,119.854367,121.633834,123.871199,116.367171,116.261404,118.675266,119.667286]},"run_times":{"1.18":[3580.97597,3576.85198,3575.611759,3576.074364,3578.932031,3577.58419,3575.12395,3578.797948,3573.945689,3574.300981],"1.19":[369.686127,370.887346,369.888661,369.374365,370.761587,370.091376,371.037592,369.220062,370.161277,369.779871],"1.20":[369.387346,370.201559,370.942971,369.899554,370.27326,369.727352,370.313261,369.697651,369.989356,369.673751],"gotip":[374.144847,374.422752,374.255749,374.83496,374.142747,375.31487,375.252468,375.34327,374.700358,374.497554]}},"TimeAfterFunc":{"name":"TimeAfterFunc","build_times":{"1.18":[148.441466,152.306333,144.560599,143.794985,151.149413,142.024055,153.504872,145.169632,140.643257,145.904545],"1.19":[226.141837,129.633357,124.028559,128.003028,131.953897,129.728258,135.237154,122.36413,132.831312,124.508067],"1.20":[133.509381,139.714762,130.0897,129.492373,137.97602,138.593344,136.102571,135.015809,134.957697,137.645372],"gotip":[136.024825,131.794649,133.940887,134.098883,133.462772,139.592783,132.372004,128.590177,133.786355,137.028509]},