{"Fibonacci":{"name":"Fibonacci","build_times":{"1.17":[119.853651,119.672149,131.490143,115.738618,118.767242,120.134253,120.507956,116.01362,117.821835,115.892919],"1.18":[132.008338,126.558694,131.611635,132.901644,133.933653,127.846505,124.465878,162.516678,130.191423,127.195],"1.19beta1":[269.005214,252.522792,260.802253,264.253579,257.992332,271.558233,248.31786,245.65384,249.343567,252.618492]},"run_times":{"1.17":[3901.016544,3900.633376,3900.340957,3902.96279,3902.265892,3900.533304,3900.204615,3902.611132,3923.399284,3901.348998],"1.18":[4014.532753,4020.678522,3432.180556,4015.834887,4015.575237,4011.827412,4012.343852,4012.948099,4010.352917,4010.088394],"1.19beta1":[4010.609635,4010.287453,4011.109984,3494.722401,3510.783892,3519.414004,3420.367061,3427.376911,3418.177327,3428.229507]}},"MergeSort":{"name":"MergeSort","build_times":{"1.17":[119.52896,118.676656,123.837397,124.1587,123.731997,137.214005,124.1865,126.299717,120.969074,117.686148],"1.18":[120.861713,126.58029,128.889481,133.628662,131.094972,130.375675,131.824469,134.18666,131.126472,135.517054],"1.19beta1":[272.880742,275.565441,271.599442,274.087642,267.879543,240.623549,238.876049,244.817148,243.061149,242.226348]},"run_times":{"1.17":[5695.67037,5627.790231,5653.360513,5680.482996,5544.492195,5727.495298,5595.146249,5674.042258,5705.811426,5660.663586],"1.18":[5808.379116,5753.25817,5796.16716,5810.423811,5741.700695,5736.814127,5798.896861,5724.683151,5640.983624,5725.120979],"1.19beta1":[6469.552264,6425.951866,6446.164161,6470.584942,6784.649682,6857.587648,6858.547019,6832.671796,6752.69337,6750.255096]}},"Sort_Random":{"name":"Sort_Random","build_times":{"1.17":[129.972373,125.846136,124.614325,127.346938,129.985638,126.359835,129.100938,130.703439,124.298233,122.83743],"1.18":[156.477022,151.517487,150.010376,148.573965,141.097994,142.208905,135.678508,141.544795,141.272292,140.358877],"1.19beta1":[286.450043,288.123656,294.342505,288.032856,283.216418,288.142468,283.377934,284.338242,289.256881,274.206662]},"run_times":{"1.17":[4256.167584,4370.99343,5012.603314,5011.005378,5013.338366,5012.234151,5010.945878,4273.461856,4307.856658,4268.488816],"1.18":[4266.989134,4382.472043,4390.303363,4389.440615,4701.453916,4311.324416,5033.143964,4274.675752,5029.208715,5030.422095],"1.19beta1":[5028.813951,5021.667253,4402.116344,5023.280296,5019.562599,4283.074033,5021.683152,5021.161577,5021.976029,4306.743081]}},"Sort_Reversed":{"name":"Sort_Reversed","build_times":{"1.17":[127.165237,124.560308,131.737785,123.106493,121.562577,125.470719,133.2818,131.164778,124.787411,123.703],"1.18":[152.153301,148.582778,145.240256,135.863695,145.85776,134.604886,138.25741,136.6811,143.458044,140.180023],"1.19beta1":[262.0278,264.591013,257.327465,255.760156,263.107403,274.843879,264.021409,266.349924,253.146539,260.330385]},"run_times":{"1.17":[3717.352758,3160.312476,3159.864151,3183.37026,3227.555061,3164.405033,3715.035446,3222.769782,3718.150736,3712.842541],"1.18":[3078.828036,3576.232782,3575.705435,3575.449804,3574.546897,3057.641577,3066.169987,3574.213123,3574.720755,3108.899639],"1.19beta1":[369.126289,323.644095,324.245299,327.869022,318.794164,316.65275,313.547629,314.441636,370.325697,369.424191]}},"TimeAfterFunc":{"name":"TimeAfterFunc","build_times":{"1.17":[130.303886,142.516769,141.974418,134.232685,137.5928,136.528895,139.94111,140.979114,142.074819,140.283811],"1.18":[270.473505,147.762705,150.985531,141.422453,140.335945,141.989457,147.092,149.263716,148.020606,144.918882],"1.19beta1":[325.85941,315.98833,292.501043,294.458658,284.74048,285.304585,284.088476,285.459386,292.986646,292.970046]},"run_times":{"1.17":[4950.361743,4553.945743,4909.860736,4447.043321,4253.092142,4629.573534,4220.084735,5221.177681,4652.336886,4283.792806],"1.18":[3956.757882,4572.406061,4329.364331,5787.771733,4009.632524,4405.06872,5044.528386,3938.435006,4420.651371,4093.129759],"1.19beta1":[5042.068731,4819.652792,4737.147343,4417.178999,5440.980098,4718.835323,4530.913536,5357.478865,5163.72298,4325.70489]}},"alloc_1.5k":{"name":"alloc_1.5k","build_times":{"1.17":[117.789537,110.496578,111.91069,113.481002,112.316593,118.22044,111.089183,108.830666,111.310285,112.796596],"1.18":[132.072158,126.742314,125.896808,129.281635,129.045633,125.163002,116.16063,118.305147,124.250494,125.348004],"1.19beta1":[293.623032,273.505262,277.888012,274.579199,270.794968,271.814377,271.757976,275.348704,275.545907,273.230687]},"run_times":{"1.17":[2789.686206,2905.556523,2993.733628,2880.60591,2932.9427,2831.638612,2815.105767,2842.113195,2934.360542,2919.761892],"1.18":[3719.994078,3695.525155,4349.069839,3688.87199,3701.65578,4348.137752,4346.748783,4345.929924,4347.16907,4348.588595],"1.19beta1":[4349.674118,4352.04212,3695.675555,3721.603665,3727.466338,4347.727886,3722.844066,4350.3561,4353.529767,4029.56036]}},"regexp_Compile":{"name":"regexp_Compile","build_times":{"1.17":[191.562009,145.653511,155.258257,160.622339,157.637094,151.274997,147.52424,158.389104,148.24835,148.059048],"1.18":[199.889749,153.284391,159.837,162.119202,161.790702,154.536293,151.250689,156.648695,158.725398,155.498794],"1.19beta1":[281.134864,278.761745,274.650614,278.158641,282.296173,282.697675,282.267273,289.351827,277.915739,276.71933]},"run_times":{"1.17":[1034.927714,1022.933418,1004.436076,1011.383676,994.120276,1033.785114,1019.936978,1014.289365,1023.701578,1018.773171],"1.18":[1071.662137,1016.100365,996.944388,1049.431497,1071.438666,1088.106792,1092.99313,1137.865371,1161.186094,1095.478031],"1.19beta1":[1062.738479,1088.576279,1074.075066,1092.579314,1047.235435,1041.923695,1029.881303,1079.361378,1067.275586,1081.318093]}},"regexp_FindAllString":{"name":"regexp_FindAllString","build_times":{"1.17":[158.2992,156.552686,155.076875,160.99572,158.320099,157.100874,150.987499,156.084542,157.934558,151.773805],"1.18":[162.650087,168.890137,165.719211,164.031598,164.792404,157.803149,160.50547,161.920982,166.996321,167.951329],"1.19beta1":[300.292479,306.167826,300.35298,305.104833,304.019957,303.592415,297.378405,299.655928,301.790038,301.723731]},"run_times":{"1.17":[2130.113518,2143.719534,2264.990077,2146.639516,2177.891316,2156.625551,2222.248261,2047.885395,2028.854955,2091.686153],"1.18":[2195.809116,2292.791192,2359.001218,2350.024825,2343.088194,2342.222486,2341.806082,2352.433248,2418.011881,2351.695006],"1.19beta1":[2265.558493,2191.704073,2127.691672,2134.352416,2151.67881,2115.043779,2190.790169,2134.376473,2109.291047,2090.071473]}},"switch_case":{"name":"switch_case","build_times":{"1.17":[256.267959,196.916074,199.916594,197.580079,194.58056,194.357258,207.328642,206.774838,195.703567,195.800267],"1.18":[246.431364,214.028806,199.261689,189.306616,185.679601,181.273865,182.714677,187.239213,190.325838,179.695452],"1.19beta1":[314.728605,313.845598,326.454102,302.424403,326.956207,308.893356,307.735148,310.55837,312.948291,318.157233]},"run_times":{"1.17":[5201.119798,5207.547695,4429.618075,4434.256854,4443.397317,4434.875344,5209.603017,4498.322351,4451.842832,5202.24447],"1.18":[4901.585914,5082.399112,5724.903728,5724.226274,4909.950482,5721.435431,4886.482972,4890.647437,5004.715448,4874.936944],"1.19beta1":[3270.955523,2793.457665,2800.221361,3278.292741,3271.874292,3270.111889,3273.046432,2794.964159,3272.213709,3272.597311]}}}