{"Fibonacci":{"name":"Fibonacci","build_times":{"1.17":[128.981439,125.798294,129.608648,124.85688,124.920681,123.971867,122.618649,120.150313,119.529305,124.354273],"1.18":[130.809991,136.388372,132.117811,137.65129,128.541858,133.399629,133.228427,142.753364,128.568458,131.519301],"1.19beta1":[274.80924,280.501221,277.401577,272.083101,268.293847,275.033243,269.108496,272.969468,273.555676,275.172797],"1.19rc1":[155.718915,146.628886,152.53197,153.302181,150.970147,156.456626,149.289824,152.604271,145.378168,149.641529],"1.19rc2":[148.010619,144.057662,157.706058,162.270023,145.538284,150.013948,146.020991,143.657556,144.129764,146.298695],"gotip":[147.615867,142.106691,147.237662,141.958188,141.487782,141.792986,137.876032,145.405136,147.104261,143.923016]},"run_times":{"1.17":[3901.262741,3900.960635,3904.473351,3900.285998,3900.96981,3902.539502,3900.554307,3901.765927,3901.099913,3902.406624],"1.18":[4011.914986,4014.173939,4016.750263,4013.942992,4012.289179,4015.046202,4010.681168,4017.987772,4012.184856,4011.976919],"1.19beta1":[4012.945319,4011.765765,4012.629113,4011.264305,4012.977678,4012.392033,4011.486916,4012.113013,4010.843864,4011.745455],"1.19rc1":[3901.142,3903.907276,3902.214874,3902.676501,3900.942212,3900.255659,3901.046729,3901.056241,3900.324169,3904.414734],"1.19rc2":[3904.770404,3905.790346,3904.264207,3904.97087,3907.296277,3903.998153,3905.324848,3906.276891,3905.210598,3904.535725],"gotip":[4010.962284,4011.883444,4013.092515,4010.633617,4012.883094,4010.652281,4011.370631,4010.504081,4011.233927,4010.261345]}},"MergeSort":{"name":"MergeSort","build_times":{"1.17":[130.993272,129.012644,132.26109,133.545708,139.128788,132.9154,131.107973,126.706911,131.872484,130.421564],"1.18":[135.433857,136.835778,134.435543,140.924836,136.142468,139.499116,132.785618,135.688461,135.683661,133.763633],"1.19beta1":[283.882853,283.044642,276.258745,288.938926,271.090971,281.288717,274.489919,272.735195,275.687336,283.269745],"1.19rc1":[154.927112,157.745351,163.634236,153.066685,188.859895,156.147129,151.831267,154.80831,155.399818,160.372289],"1.19rc2":[156.148626,147.725406,154.672905,148.835422,144.992067,155.238914,147.820308,152.014768,153.944096,154.1856],"gotip":[149.911533,170.235723,150.255339,153.371282,146.614887,147.5452,151.942762,147.417298,150.629244,148.566814]},"run_times":{"1.17":[5944.610334,5984.705367,5926.756557,5976.883273,5977.776164,5924.510929,5940.336878,5955.245812,5912.18433,5978.363092],"1.18":[5745.054921,5826.555172,5736.792833,5734.166892,5754.228553,5773.163409,5757.749957,5738.961199,5716.02982,5764.60226],"1.19beta1":[7160.681145,7177.528986,7208.544392,7196.734484,7137.844673,7194.03828,7099.398903,7193.775887,7260.82513,7198.669647],"1.19rc1":[7218.739724,7203.095806,7172.491409,7246.121064,7147.278844,7172.597985,7116.631743,7196.920609,7219.968834,7127.086109],"1.19rc2":[7556.127878,7474.730809,7417.203077,7469.586225,7454.97072,7471.777243,7441.382767,7531.656906,7539.800036,7505.643038],"gotip":[7322.568348,7445.155559,7383.580346,7424.043493,7323.120026,7414.542952,7403.782359,7378.020734,7271.134045,7355.151596]}},"Sort_Random":{"name":"Sort_Random","build_times":{"1.17":[147.389318,150.033858,150.648767,147.737824,151.695583,148.243731,147.706423,148.631937,146.1611,142.483044],"1.18":[161.860947,161.982449,153.238478,150.739145,152.48657,152.294068,151.891261,149.907532,145.003059,154.141095],"1.19beta1":[288.804917,290.291137,284.697958,290.728443,289.884732,290.008233,284.743358,292.919475,286.085778,286.772187],"1.19rc1":[165.886508,167.925137,165.558303,163.264367,166.457216,166.945123,161.015133,169.442761,162.76026,163.056664],"1.19rc2":[159.304065,162.692914,157.632741,153.98169,156.568326,152.045862,156.451825,156.691128,154.246093,155.317408],"gotip":[151.721244,151.323539,152.904362,148.676301,150.160923,149.170608,150.598729,149.26931,154.22868,150.364125]},"run_times":{"1.17":[5011.486274,5012.915104,5011.974607,5013.158089,5012.828629,5012.886016,5013.669736,5012.438602,5013.693416,5011.921888],"1.18":[5026.234838,5031.636449,5031.446018,5029.663637,5023.754227,5032.574676,5031.23124,5027.147579,5028.884303,5030.214664],"1.19beta1":[5020.136729,5020.321706,5021.749496,5024.116061,5026.369475,5026.240074,5028.085594,5023.674858,5025.280934,5020.9411],"1.19rc1":[5097.256535,5092.47971,5091.468125,5109.140561,5094.584267,5091.923693,5105.442012,5102.725793,5094.987832,5100.645912],"1.19rc2":[5070.311329,5070.240318,5074.720459,5068.647085,5071.11738,5070.418922,5071.747815,5072.423924,5071.459712,5071.086372],"gotip":[5026.805652,5027.762243,5026.14562,5027.935217,5030.349666,5028.224441,5029.629966,5027.877637,5027.638032,5028.907522]}},"Sort_Reversed":{"name":"Sort_Reversed","build_times":{"1.17":[139.500876,142.724022,138.286958,135.145614,134.527706,135.53322,138.606663,131.014855,142.300216,137.148442],"1.18":[142.902725,142.847725,140.884597,153.05147,151.70145,138.25536,145.766266,137.57775,140.571892,140.131587],"1.19beta1":[284.341321,284.688525,274.237077,279.35675,284.687925,279.659954,278.952244,274.228477,281.215676,282.144089],"1.19rc1":[152.374654,152.134351,155.395198,150.119122,155.055492,151.513042,151.523948,153.929484,153.850883,155.095801],"1.19rc2":[145.718868,142.654724,142.065315,149.228417,147.320591,140.905999,141.371105,143.412335,143.206632,149.804025],"gotip":[139.439073,146.93798,145.931565,142.324514,147.934094,144.247241,144.645847,138.48006,146.454772,141.952309]},"run_times":{"1.17":[3712.376204,3715.827701,3715.416292,3712.804396,3714.85645,3718.210781,3719.480368,3715.569347,3717.068469,3717.234202],"1.18":[3576.357882,3574.124183,3573.359871,3573.227613,3577.157375,3576.563289,3573.86232,3574.771324,3575.980576,3573.216634],"1.19beta1":[369.265621,370.063833,369.161319,370.564039,370.135233,369.083618,369.105519,369.14752,369.803728,370.494238],"1.19rc1":[369.406341,370.492857,370.222052,369.180737,370.845762,369.164337,369.486842,370.242052,370.02115,370.487556],"1.19rc2":[369.456942,369.205838,370.647858,370.120951,370.699559,369.364641,369.097025,369.889235,370.27424,370.353842],"gotip":[369.244326,370.222239,369.702932,370.902849,370.180738,369.455528,370.25844,369.760833,369.549629,370.253539]}},"TimeAfterFunc":{"name":"TimeAfterFunc","build_times":{"1.17":[166.842966,145.99987,148.877211,141.355105,148.050299,148.182901,149.081214,146.191873,148.953012,151.067343],"1.18":[448.236723,165.525635,160.804469,157.860527,158.468935,161.980385,155.198589,156.61331,157.689224,154.490179],"1.19beta1":[1561.257736,303.561003,304.554418,303.206299,291.26163,296.98641,291.050827,293.148756,293.020554,296.2163],"1.19rc1":[191.084412,192.953538,173.358761,173.267759,177.316217,170.091714,173.099357,173.516462,165.025643,169.051699],"1.19rc2":[519.252512,162.218185,158.37733,162.711492,161.635176,158.168428,159.82295,157.268815,158.979639,157.100013],"gotip":[178.200828,169.068899,161.146386,159.635065,156.925126,160.102072,158.003341,159.97087,162.84231,164.597335]},"run_times":{"1.17":[5210.936307,4588.326858,5159.146831,4603.889051,5627.071332,4857.219983,4500.761019,4089.508115,4946.676749,4202.863888],"1.18":[6361.887469,4321.250368,4731.746789,3883.733552,5414.531621,6150.050901,4725.313371,4834.727073,4620.477698,3837.793576],"1.19beta1":[4600.589861,4839.308567,4916.558921,4112.984691,4913.139601,3902.329438,5060.672036,5397.176717,4993.502679,5207.560911],"1.19rc1":[5069.664953,5014.769656,4720.131193,6757.106378,4937.01462,5227.776011,4894.630302,5018.721859,4243.582805,4989.574977],"1.19rc2":[4732.280244,4949.780443,5347.047528,5009.000238,4475.947832,4723.182349,4891.172057,4602.427868,4700.01756,4391.10899],"gotip":[4735.397997,5100.617826,4366.389367,4678.04724,5235.236597,4916.890539,4887.865155,5491.286716,4285.091131,4685.222947]}},"alloc_1.5k":{"name":"alloc_1.5k","build_times":{"1.17":[297.9303,125.132064,136.260521,126.480383,126.049177,126.163678,129.659428,126.129378,122.322324,121.136708],