{"Fibonacci":{"name":"Fibonacci","build_times":{"1.17":[158.072318,162.839132,165.073837,150.9445,156.545215,169.81895,158.795421,157.163716,158.904621,151.763702],"1.18":[160.266718,169.954462,177.598496,159.227014,167.775053,172.101471,170.254763,171.502769,170.325764,174.604783],"1.19beta1":[357.667662,376.196044,365.462097,379.068656,353.216644,357.683451,374.898715,366.420481,360.756858,376.970324]},"run_times":{"1.17":[4806.165806,4766.033914,4693.381155,4725.953276,4715.829793,4689.059223,4768.95164,4642.929029,4655.166373,4737.889634],"1.18":[4715.745226,4729.451399,4694.208992,4693.980901,4778.782507,5063.54967,4791.433631,4746.687714,4782.117363,4745.405835],"1.19beta1":[4829.335518,4769.736649,4752.941705,4649.589421,4709.308436,4696.416841,4732.203568,4714.350171,4733.432393,4789.2994]}},"MergeSort":{"name":"MergeSort","build_times":{"1.17":[175.240932,166.737897,173.704026,170.587012,164.98379,185.830176,161.830877,172.026719,166.696696,176.313837],"1.18":[172.941385,168.487965,192.558974,185.319341,170.904276,177.694006,162.254737,168.539565,178.079909,170.069672],"1.19beta1":[367.252607,374.142238,397.128338,362.032285,370.056813,361.191395,384.905486,368.162621,363.553804,356.213575]},"run_times":{"1.17":[8637.953893,8585.119805,8470.622347,8198.260672,8201.587928,8356.074893,8261.540099,8142.706443,8310.962762,8188.010512],"1.18":[7950.066939,7902.294847,7796.959867,7907.083308,7837.994424,7938.300557,7832.342899,8107.986714,7815.993952,7812.207822],"1.19beta1":[9878.239447,9787.617253,9925.137231,9749.489958,9764.74309,9879.651305,9920.719524,9928.490974,9901.544551,9781.920195]}},"Sort_Random":{"name":"Sort_Random","build_times":{"1.17":[183.998739,183.436837,187.536856,189.455364,187.464755,182.954734,189.455765,194.085785,190.82327,189.722266],"1.18":[188.755243,187.075935,209.935038,201.058398,179.977803,187.714839,192.319458,188.751635,189.611889,193.438898],"1.19beta1":[362.265247,358.380929,364.261156,376.09651,354.856513,371.432089,369.958082,359.104531,358.523838,369.552491]},"run_times":{"1.17":[6143.264197,6086.106496,6006.800814,5945.673985,6169.212691,6116.019093,6044.217457,6022.858676,6092.500322,6013.947167],"1.18":[5959.390541,6158.719602,6257.761405,6035.006048,6146.60244,6084.663848,6152.683135,6134.009195,6144.421595,5985.873659],"1.19beta1":[6141.800565,6173.528764,6168.744902,6163.545158,6197.244783,6149.762939,6057.80952,6113.566783,6082.737887,6032.579815]}},"Sort_Reversed":{"name":"Sort_Reversed","build_times":{"1.17":[191.971819,170.543505,173.007518,166.876286,171.880312,166.466684,164.742674,172.434515,172.139413,175.659033],"1.18":[178.999512,183.504836,179.079212,185.543595,179.555331,190.427905,179.226828,185.35057,179.390329,180.482337],"1.19beta1":[360.673888,373.300072,373.375873,348.248006,347.540601,361.953597,361.498794,340.440454,348.79851,349.158212]},"run_times":{"1.17":[4752.791693,4770.883569,4767.123441,4652.596468,4665.076919,4658.398634,4660.740087,4692.958374,4922.336695,4842.513079],"1.18":[4733.998039,4630.874273,4710.888324,4735.654487,4707.945717,4708.967265,4692.294402,4692.381648,4736.248207,4701.850388],"1.19beta1":[463.739071,504.43724,474.594043,459.734045,467.848798,472.579229,487.172426,475.620149,455.91302,469.355639]}},"alloc_1.5k":{"name":"alloc_1.5k","build_times":{"1.17":[150.449876,162.975065,155.910759,156.928575,160.277774,153.483737,166.380707,155.065045,163.648292,163.393591],"1.18":[171.870475,161.693922,171.851674,179.607514,174.385187,177.625503,160.562617,161.21102,160.222014,170.821969],"1.19beta1":[394.259587,385.143446,359.221329,367.922767,371.477485,376.383706,368.32217,369.099673,359.832631,350.234388]},"run_times":{"1.17":[3999.195949,3920.177592,3972.331969,3979.569229,3937.917184,3988.762563,4178.869002,3942.54869,3963.758742,3990.916898],"1.18":[2902.382382,2927.913062,2951.199272,2938.491338,2924.218102,2942.580031,2853.320078,2846.505553,2837.4386,2916.290747],"1.19beta1":[3034.550407,2995.187829,3023.937172,2950.970448,2899.007461,2855.517272,2900.130988,2862.167684,2844.967964,2905.395397]}},"regexp_Compile":{"name":"regexp_Compile","build_times":{"1.17":[240.318635,217.600138,214.786526,222.953161,215.225028,203.310676,206.39529,206.632591,205.477285,217.98374],"1.18":[219.795872,207.820925,213.512247,225.153593,212.131042,216.428459,217.915165,213.559447,212.990345,216.241258],"1.19beta1":[392.670887,393.24009,410.661456,413.579666,391.392383,427.033717,422.926348,403.244639,407.515065,413.671]},"run_times":{"1.17":[1400.141035,1389.899288,1400.674233,1391.304793,1386.694173,1396.325915,1431.446171,1402.289993,1411.984403,1431.776281],"1.18":[1442.463711,1442.227061,1450.111381,1443.294814,1455.91058,1466.09902,1466.292179,1447.842284,1450.734095,1458.324124],"1.19beta1":[1486.104522,1458.802963,1468.482886,1477.306348,1496.148456,1485.109848,1493.08518,1473.979103,1448.2397,1473.832651]}},"switch_case":{"name":"switch_case","build_times":{"1.17":[250.720006,246.3672,261.371123,259.45532,239.110988,264.701429,258.604618,257.479118,251.850308,252.622609],"1.18":[279.223865,290.249927,263.572478,271.26482,270.264216,259.542855,262.989674,251.813712,254.459126,265.499589],"1.19beta1":[442.344164,478.003351,454.806856,430.312057,446.388822,449.393434,441.402902,441.289701,441.0982,435.327377]},"run_times":{"1.17":[7286.325924,7229.023513,7302.494474,7268.088841,7135.103937,7259.55236,7390.181367,7666.377819,7323.720041,7347.284014],"1.18":[7381.476763,7312.581766,7212.134522,7368.567761,7318.14113,7343.519826,7326.387962,7351.066249,7296.348337,7316.940958],"1.19beta1":[4217.113758,4257.961847,4249.103929,4254.704425,4245.442664,4248.884827,4238.452012,4363.585053,4345.430389,4288.932992]}}}