{"CGO_CALL_C_FUNC":{"name":"CGO_CALL_C_FUNC","build_times":{"1.18":[540.70705,460.199539,455.125093,467.014499,465.973807,458.197568,468.206089,464.31982,464.545718,458.034969],"1.19":[504.029521,479.108218,480.629006,487.401552,484.954872,486.340561,480.692581,486.772676,479.622411,491.315953],"1.20":[411.693659,409.068522,426.048008,459.234661,464.18511,414.966987,419.879635,410.813837,412.508345,415.43746],"gotip":[454.446695,455.260537,450.526567,458.013407,456.352205,452.632339,461.425219,450.297135,455.081661,447.456013]},"run_times":{"1.18":[3616.473574,3617.174374,3616.503245,3618.276046,3612.637496,3618.73918,3612.957326,3622.30463,3621.220345,3615.302684],"1.19":[3613.883337,3613.215187,3828.529141,3610.424142,3612.872725,3614.183469,3610.99658,3613.79606,3613.206576,3609.686126],"1.20":[3640.514335,3635.753973,3637.204121,3633.68352,3634.171184,3632.563517,3634.014879,3633.619892,3633.783704,3631.463009],"gotip":[3557.276789,3553.055737,3555.534981,3559.49672,3555.324526,3552.708076,3557.157977,3553.187555,3555.601164,3555.336367]}},"Fibonacci":{"name":"Fibonacci","build_times":{"1.18":[116.359322,117.011512,110.65161,121.71384,114.999243,113.643764,113.640064,112.866875,114.644648,112.797476],"1.19":[108.131344,107.042158,109.695125,116.744636,112.147171,107.150734,118.109795,106.857939,103.990575,115.514328],"1.20":[112.039963,115.032763,114.45551,114.629897,114.609874,117.80675,112.682024,111.643434,110.761199,114.636843],"gotip":[110.877177,119.02884,111.174927,111.204027,117.787792,115.519158,110.969771,111.933174,117.052552,111.629392]},"run_times":{"1.18":[4796.622137,4796.96376,4800.491536,4796.494725,4796.716621,4796.57025,4797.370378,4797.747127,4797.099333,4797.846058],"1.19":[4793.862722,4795.644725,4793.538714,4795.79768,4794.661903,4795.363316,4793.990946,4794.930791,4794.884879,4794.481756],"1.20":[4793.512294,4793.009628,4793.092034,4795.542547,4793.854531,4793.658273,4794.61073,4793.234794,4792.67418,4793.749236],"gotip":[5214.431966,5214.715899,5217.597429,5214.881303,5214.621854,5214.231018,5214.157986,5214.38861,5213.836034,5214.08102]}},"Garbage_Collection":{"name":"Garbage_Collection","build_times":{"1.18":[124.043346,129.968706,122.081925,129.301573,123.543315,121.981126,121.939126,121.698628,128.150782,122.954119],"1.19":[108.071427,112.571441,111.945678,105.899049,114.11789,106.326245,109.96232,110.555016,111.124512,113.591694],"1.20":[117.498915,109.916862,120.380676,111.045328,112.123462,110.76708,124.084783,116.166566,113.340558,117.07066],"gotip":[117.365714,128.080128,111.032876,119.094873,108.619508,117.230294,113.266341,107.92102,111.610318,118.603176]},"run_times":{"1.18":[6102.35826,6072.675626,5214.467978,5230.782136,5190.812477,5190.626403,5171.226543,5198.093628,5177.909603,5195.019981],"1.19":[5172.2813,5254.580906,5202.368614,5186.211055,5232.624578,5195.122411,5178.998897,5221.54345,5209.652316,5197.320125],"1.20":[6107.756239,6120.906069,6185.57373,6150.546189,6128.54496,6291.095195,6127.364368,6112.297882,6139.736918,6087.101246],"gotip":[6578.591747,6670.850389,6577.188432,6596.126262,6625.796797,6599.388396,6629.249697,6624.945843,6609.249521,6421.022941]}},"Goroutine_Creation":{"name":"Goroutine_Creation","build_times":{"1.18":[126.858624,131.514785,123.82075,127.655718,134.698957,125.649134,121.285071,129.995298,132.666775,127.30762],"1.19":[149.068364,118.730515,108.689898,114.867647,106.754914,111.785673,114.111453,109.585091,108.762898,107.079512],"1.20":[124.938567,115.676146,123.744556,118.046933,119.55993,115.040565,112.989992,115.896272,115.208374,118.891745],"gotip":[111.980827,113.609142,119.52222,111.400479,109.989561,110.338006,111.508396,122.598243,112.490029,111.210994]},"run_times":{"1.18":[6329.890085,6252.18695,6205.601465,6235.020239,6158.353346,6271.686642,6344.520967,6323.109963,6163.982918,6334.24714],"1.19":[10542.624335,10462.118037,10541.8276,10612.940522,10594.343048,10547.513876,10527.21565,10549.932633,10504.188151,10548.151021],"1.20":[10561.193631,10539.428614,10505.17749,10444.871788,10458.388556,10390.432826,10394.688413,10496.389104,10446.185181,10458.528088],"gotip":[6336.553545,6286.257209,6285.600476,6267.127513,6348.300417,6326.20287,6304.378612,6570.627007,6280.942421,6472.254197]}},"MergeSort":{"name":"MergeSort","build_times":{"1.18":[124.045255,126.351229,120.2758,118.375121,127.307317,123.937557,131.941717,121.514353,126.787698,118.625283],"1.19":[122.996547,109.671972,120.595269,116.660136,114.628258,113.628169,115.315051,118.379318,112.627281,112.121985],"1.20":[113.264925,119.232384,119.591516,113.890827,118.072675,112.70204,121.634523,118.741221,113.266489,112.646826],"gotip":[116.155119,114.294183,111.993918,116.18434,113.93319,115.466692,119.65203,114.303755,114.87006,118.47819]},"run_times":{"1.18":[5889.072497,5910.295764,5858.788184,5944.401461,5812.608205,5883.178671,5860.805887,5896.215112,5839.409591,5903.873447],"1.19":[7481.230158,7429.229324,7447.716671,7407.929688,7443.581296,7502.712943,7489.942969,7393.072313,7391.144261,7429.52887],"1.20":[8165.32523,8032.401133,8094.259181,8070.243591,8062.753817,8087.794117,8031.075509,8036.275431,8045.501497,8041.88881],"gotip":[8276.984698,8295.147401,8261.244905,8226.961864,8322.075538,8345.020247,8197.764215,8211.20831,8377.268654,8382.578974]}},"Sort_Random":{"name":"Sort_Random","build_times":{"1.18":[203.875809,135.915673,145.284999,136.656359,145.545922,138.54697,138.901562,139.183257,134.446957,144.832152],"1.19":[124.078549,119.885422,119.165335,119.366431,126.435208,117.962855,128.820467,119.575127,117.788861,115.909523],"1.20":[126.540363,125.549098,123.822698,125.229951,122.965426,119.263616,132.230288,130.319765,124.497069,123.117795],"gotip":[131.723139,127.327422,125.785892,130.002387,129.820957,128.727287,123.517681,127.366224,126.610689,130.371566]},"run_times":{"1.18":[5984.767023,5976.801659,5997.284582,5975.110196,5992.607522,5976.435231,5978.56287,5987.240727,5989.968582,5985.017306],"1.19":[5920.172651,5919.804372,5917.884819,5916.001302,5916.820277,5916.600516,5922.445303,5923.30751,5920.037045,5916.853219],"1.20":[5970.488961,5968.80361,5969.871332,5966.226383,5968.100226,5967.626159,5968.80131,5967.889147,5974.843136,5970.360524],"gotip":[6029.060534,6030.587471,6028.153617,6026.13797,6027.534961,6025.810455,6017.920651,6028.285317,6031.032373,6028.775615]}},"Sort_Reversed":{"name":"Sort_Reversed","build_times":{"1.18":[126.569892,124.998211,128.308287,124.044717,132.06606,125.586107,130.337572,125.545607,124.054718,129.000783],"1.19":[111.275652,161.609671,107.13819,111.615256,104.015713,105.650901,113.149345,119.0901,103.695016,108.222982],"1.20":[118.505402,120.998085,115.88943,117.835317,117.061852,113.685153,118.821512,119.157604,119.256271,115.574952],"gotip":[126.025604,114.614985,114.622471,114.942841,115.840497,117.110404,115.67688,119.089693,113.889604,114.711429]},"run_times":{"1.18":[3539.864818,3543.678951,3541.318913,3543.865049,3544.036709,3542.491484,3542.658074,3544.876156,3539.656204,3540.433399],"1.19":[361.08517,361.595366,360.724072,361.559066,361.690865,360.700873,360.898171,362.621658,360.970771,361.146369],"1.20":[362.922014,363.149809,360.171172,360.27657,360.013375,361.107552,360.490365,360.429866,360.25937,360.863857],"gotip":[371.122717,372.06984,371.195056,371.075257,371.615451,370.939759,370.756561,372.205344,371.073657,371.269855]}},"TimeAfterFunc":{"name":"TimeAfterFunc","build_times":{"1.18":[136.753096,140.583157,142.693734,139.690965,138.730675,139.584466,137.671286,147.344787,147.911781,191.728331],"1.19":[197.334028,127.654725,120.913191,119.177109,129.714904,119.716004,119.480006,116.807532,120.351597,122.277878],"1.20":[145.351647,125.887621,137.936768,128.060472,124.261679,128.290315,132.844754,128.465307,133.195844,125.576879],"gotip":[125.892491,131.981844,136.531653,140.024527,128.633108,128.893961,126.867134,128.304498,134.146985,137.067072]},