{"Fibonacci":{"name":"Fibonacci","build_times":{"1.17":[124.560901,125.423813,120.709252,130.776981,122.469675,150.855239,115.348983,113.362858,118.600124,116.077092],"1.18":[127.954989,125.241953,136.184094,126.973161,131.545821,134.804663,124.027222,133.02094,129.847198,128.504381],"1.19beta1":[253.684741,269.160139,247.148858,252.694929,262.793157,263.516167,276.597834,262.318151,270.729658,260.265226]},"run_times":{"1.17":[3446.839924,3444.441304,3446.164325,3441.779679,3438.871305,3438.358092,3580.423891,3434.554364,3435.235043,3904.168234],"1.18":[3547.467999,3544.102053,4029.15467,3542.186139,3539.909231,3541.416941,3544.957628,3543.410335,3543.068457,3542.777763],"1.19beta1":[4012.178887,3579.957182,3534.982223,3530.022706,3534.504824,3538.215299,3543.093675,3533.941514,3531.073977,3538.344088]}},"MergeSort":{"name":"MergeSort","build_times":{"1.17":[126.844015,117.935702,119.529021,122.714563,127.650425,129.674051,126.736513,128.537036,127.692626,122.52106],"1.18":[140.3458,131.860566,135.958731,137.556855,136.210135,135.631525,142.90844,140.076795,136.888745,140.275698],"1.19beta1":[283.0301,282.506792,281.50278,282.655494,283.185204,286.549949,265.337572,276.403316,269.625328,268.907818]},"run_times":{"1.17":[5834.094414,6056.663216,6139.564051,6026.190773,5950.653707,6035.085045,5947.070088,5992.088672,5865.505839,5890.864804],"1.18":[6183.926756,6363.800445,6065.228666,6021.362149,6101.166127,6107.863094,6229.340722,6080.872483,6017.699025,6097.806502],"1.19beta1":[7298.535325,7631.032242,7619.885751,7632.657334,7600.603553,7695.591262,7709.361526,7772.093213,7876.623619,7831.505904]}},"Sort_Random":{"name":"Sort_Random","build_times":{"1.17":[142.197454,145.202793,142.407056,146.828715,153.3729,150.819166,147.442122,146.162705,147.146419,142.705761],"1.18":[156.718251,161.978923,153.0879,153.75111,151.801384,151.001572,159.861494,153.128601,151.727783,151.383877],"1.19beta1":[273.470634,278.048196,266.394037,268.706068,275.885367,272.692223,284.377883,271.348004,262.539385,271.612608]},"run_times":{"1.17":[5021.33703,5016.558433,4425.076774,5017.135361,5014.154283,4443.218672,4426.036989,4423.337392,4425.368008,4431.782668],"1.18":[4447.694706,5035.801185,5030.091889,4446.065012,4437.887848,5029.144307,5033.604278,4424.433633,4440.85853,4431.99301],"1.19beta1":[4432.171936,4430.009072,4492.65484,5023.563959,4438.835523,4437.610846,4436.304287,4437.976383,4440.827743,4437.188795]}},"Sort_Reversed":{"name":"Sort_Reversed","build_times":{"1.17":[122.365724,129.628121,135.090894,132.57666,127.845098,128.302503,125.841471,131.225142,127.697596,131.04284],"1.18":[130.922249,127.716407,163.021779,128.527218,130.647146,136.770828,140.424777,129.968365,128.767453,130.937183],"1.19beta1":[271.771988,260.583538,257.541098,255.008665,250.84781,256.551685,257.185894,256.411083,257.117393,258.491311]},"run_times":{"1.17":[3274.511455,3722.692911,3285.331418,3719.245182,3281.062302,3281.812524,3280.40273,3279.453933,3279.958737,3270.47091],"1.18":[3151.347803,3153.251929,3148.519504,3148.296291,3142.419463,3185.032433,3156.878002,3155.129264,3158.097415,3150.889121],"1.19beta1":[326.447907,326.372307,325.9371,326.164903,324.900687,324.955888,323.501668,325.681697,326.298006,325.091189]}},"TimeAfterFunc":{"name":"TimeAfterFunc","build_times":{"1.17":[143.880235,145.694859,143.786434,147.606786,146.067364,150.426623,152.974766,146.572949,146.02864,147.840567],"1.18":[544.855769,163.829625,151.760669,152.234175,156.581432,153.275988,144.407374,142.710651,144.307273,148.978833],"1.19beta1":[375.299185,317.36163,287.485242,305.998782,291.137189,289.892373,288.443254,287.584443,294.387131,288.513255]},"run_times":{"1.17":[4423.013832,5502.555904,4926.166556,4225.220909,4786.301864,4490.835551,5076.592564,5693.208766,5533.608663,4749.679183],"1.18":[4159.13446,4532.045787,4194.808759,5651.03522,5338.021129,5139.608305,4058.752347,4405.177949,4211.167068,4095.572734],"1.19beta1":[4966.144055,5155.595478,4578.669199,4852.776055,5287.650498,5124.600898,5492.169303,5411.509394,5193.007395,5362.936099]}},"alloc_1.5k":{"name":"alloc_1.5k","build_times":{"1.17":[134.98615,124.72382,124.214716,119.516254,130.6961,123.843311,128.641573,129.272481,128.517071,127.981565],"1.18":[137.915129,147.05405,139.194746,139.086545,138.80184,141.627779,138.152132,128.916309,128.246601,135.538098],"1.19beta1":[263.443452,270.158631,273.264369,261.098524,265.88838,280.583557,259.366002,271.766951,261.711131,259.942609]},"run_times":{"1.17":[3515.586222,3158.575578,3253.179332,2966.310424,3027.200222,3067.153892,3224.614634,3028.694087,3159.708101,3233.372498],"1.18":[4348.022362,3838.387056,3835.709336,3840.313503,3841.526327,4352.557171,3996.936888,4149.007925,4350.307401,3838.456603],"1.19beta1":[3838.232573,3840.781053,3836.939926,3839.542589,3837.570723,3839.86907,3839.605667,3841.353633,3837.429113,3838.09004]}},"regexp_Compile":{"name":"regexp_Compile","build_times":{"1.17":[195.815831,153.16808,167.977071,157.843841,169.070886,157.403034,157.526637,158.436148,154.759801,154.768901],"1.18":[205.883035,172.792212,170.590883,170.161778,169.092064,167.94805,176.865963,169.49457,172.215704,171.855],"1.19beta1":[303.531845,283.322483,285.858615,282.044355,285.069292,279.672222,283.563473,284.678787,284.997191,283.850176]},"run_times":{"1.17":[1028.356099,1066.134189,1041.177667,1075.027104,1077.03983,1122.045413,1124.567145,1082.848356,1072.218724,1044.320866],"1.18":[1148.765403,1182.18323,1133.931713,1096.734591,1055.493117,1073.962257,1041.805339,1064.036128,1038.8017,1045.211385],"1.19beta1":[1043.602617,1053.348843,1102.898284,1053.559846,1068.796943,1147.25988,1087.657544,1115.929112,1101.487124,1104.18306]}},"regexp_FindAllString":{"name":"regexp_FindAllString","build_times":{"1.17":[160.814991,158.704764,156.750538,154.205706,159.804578,176.292592,153.550697,156.764639,162.322611,162.798917],"1.18":[169.1334,173.176553,172.792348,171.552432,170.757121,170.523219,174.678872,170.249615,168.476692,161.4112],"1.19beta1":[308.77623,311.13326,312.834983,310.061346,314.543004,316.363428,311.16016,304.141269,301.536035,311.768769]},"run_times":{"1.17":[2211.063334,2248.17307,2242.230192,2320.050901,2102.980928,2123.249931,2108.689344,2108.108037,2141.508442,2149.145459],"1.18":[2116.716537,2125.919259,2134.717574,2112.564486,2129.856417,2115.875154,2119.344099,2138.346047,2197.842549,2194.713641],"1.19beta1":[2195.962372,2157.655424,2204.814941,2175.841162,2136.034729,2084.645126,2173.822199,2224.600668,2255.304048,2236.968267]}},"switch_case":{"name":"switch_case","build_times":{"1.17":[249.514592,185.864153,185.69485,180.731085,190.929119,182.561009,188.066782,183.173017,182.392506,183.126817],"1.18":[249.011162,208.681134,195.303758,206.279103,193.627137,195.711764,196.18547,194.994655,203.231862,194.037143],"1.19beta1":[372.846693,335.329421,319.927727,315.885776,336.82744,328.523735,328.86534,313.235343,310.736011,311.866226]},"run_times":{"1.17":[4603.418121,4597.053351,4580.228248,4570.660003,4585.549903,4579.178302,4590.891858,4586.822869,4586.435869,4586.968696],"1.18":[5732.772958,5724.195511,5031.011472,5724.770504,5722.919575,5040.839648,5049.162406,5041.082354,5033.566822,5031.907279],"1.19beta1":[2883.847476,2890.48824,2887.575322,2887.066417,2886.014803,2880.933639,3274.178871,3272.463848,2885.167136,2879.57535]}}}