{"CGO_CALL_C_FUNC":{"name":"CGO_CALL_C_FUNC","build_times":{"1.18":[493.322792,468.969484,453.046009,474.593039,480.505592,469.144582,466.622102,460.829747,458.775263,460.216652],"1.19":[495.274561,477.645602,479.281888,484.414348,471.852948,488.980512,486.162932,474.54352,489.820698,481.138067],"1.20":[414.00232,428.547408,423.842058,416.120829,419.544486,418.533099,413.743329,422.680958,418.601196,426.873844],"gotip":[459.222935,461.908703,462.823396,460.621712,465.45216,470.413702,470.42181,455.975112,575.111889,462.802645]},"run_times":{"1.18":[3624.812171,3622.427092,3621.944294,3622.827984,3620.123202,3624.158035,3621.828753,3618.15037,3621.037245,3626.895973],"1.19":[3635.642038,3615.60339,3618.609455,3618.036757,3615.987966,3618.36615,3620.069363,3617.209685,3617.631368,3617.994263],"1.20":[3628.966405,3630.743231,3626.689729,3631.742829,3630.731258,3629.913506,3628.524275,3632.197195,3626.77482,3633.329268],"gotip":[3562.253534,3561.558158,3558.867211,3553.183503,3561.543151,3558.533054,3558.78042,3562.494888,3559.871924,3558.856432]}},"Fibonacci":{"name":"Fibonacci","build_times":{"1.18":[148.678557,117.569096,115.382804,116.296796,113.43022,110.222748,120.558959,115.253605,113.48292,115.298305],"1.19":[118.093986,117.486491,120.14367,104.61329,110.603344,105.653482,109.835149,121.237062,108.948057,109.92745],"1.20":[117.478686,105.736072,116.001887,118.298982,108.708588,113.1778,112.873618,112.375615,110.51493,118.690064],"gotip":[118.230966,120.658947,116.838477,115.279388,118.961059,117.020274,132.245356,123.697623,111.559921,112.64471]},"run_times":{"1.18":[4799.511101,4798.387385,4800.888236,4798.649992,4802.050685,4799.219717,4800.567453,4798.210272,4799.078268,4798.356967],"1.19":[4794.473692,4795.007753,4793.929875,4799.060136,4794.178408,4796.127806,4796.222041,4795.889615,4794.734282,4793.794396],"1.20":[4793.933991,4794.702793,4795.176629,4794.128247,4793.170409,4795.795905,4795.317531,4796.683847,4795.335875,4793.177094],"gotip":[5208.637075,5207.775681,5208.150475,5208.522571,5212.33754,5208.957565,5209.920757,5207.575475,5207.988073,5209.603658]}},"Garbage_Collection":{"name":"Garbage_Collection","build_times":{"1.18":[128.044989,128.998181,125.138812,125.440009,128.234387,125.288811,129.946774,125.935105,132.88915,126.172103],"1.19":[112.932505,109.979427,110.89052,110.062927,116.531975,114.157494,112.368809,105.123466,109.054939,111.090222],"1.20":[112.726351,123.58574,118.693708,121.667383,116.075622,112.649549,113.575245,113.249737,116.93438,114.941915],"gotip":[112.911831,118.30409,119.666137,120.282368,120.803756,121.811657,118.421677,119.364768,116.627381,116.145795]},"run_times":{"1.18":[5232.017279,5197.701351,5150.85132,5171.701855,5172.569848,5156.145279,5161.087739,5197.638852,5159.475457,5183.278229],"1.19":[5210.683638,5235.365589,5183.570979,5212.772012,5223.661121,5218.865144,5163.002842,5255.495558,5201.280952,5190.729852],"1.20":[6114.357609,6089.998287,6040.841873,6071.857658,6095.775159,6100.264554,6107.139275,6135.089516,6921.023855,6082.983402],"gotip":[6489.029636,6464.167034,6491.508844,6435.839956,6490.662916,6452.576512,6534.715645,6482.525015,6479.311207,6471.794695]}},"Goroutine_Creation":{"name":"Goroutine_Creation","build_times":{"1.18":[133.908648,128.614489,126.472606,127.996395,131.03287,129.707181,126.312908,127.2801,128.61429,126.193909],"1.19":[117.848574,118.768667,112.841913,118.127972,114.868698,112.067819,112.740615,115.022297,112.932213,115.145896],"1.20":[116.996877,113.917096,118.969261,119.310855,123.174216,117.829668,119.052159,111.240321,124.740119,112.029448],"gotip":[128.126916,115.060759,117.238542,124.940179,123.813574,116.550927,123.282272,124.558064,114.148129,122.327365]},"run_times":{"1.18":[6493.965723,6343.317682,6434.549725,6469.019565,6388.78177,6372.175502,6426.066079,6153.920448,6270.1442,6346.887052],"1.19":[10617.941901,10542.830173,10489.959551,10523.55106,10529.525614,10512.114688,10502.603492,10564.433151,10448.797951,10411.579569],"1.20":[10597.726694,10887.159852,10706.110676,10644.689712,10683.636727,10689.027623,10638.985996,10617.20725,10539.759559,10614.067107],"gotip":[6662.732859,6374.83767,6663.336505,6733.596704,6507.624733,6649.001147,6565.872439,6561.817148,6668.747592,6550.141467]}},"MergeSort":{"name":"MergeSort","build_times":{"1.18":[118.681496,122.16007,123.42596,120.701881,118.064101,121.456375,123.490252,131.138594,125.15364,126.899926],"1.19":[118.28379,110.44985,105.560287,107.588972,113.454027,117.462996,110.37325,110.559149,116.060406,109.548857],"1.20":[118.826381,115.585398,118.664576,124.104334,119.940357,121.52145,115.401384,113.585213,122.050747,117.267594],"gotip":[116.452885,126.34161,115.136191,121.985236,120.658647,118.752862,123.470525,121.108261,118.8369,115.413519]},"run_times":{"1.18":[5864.300015,5739.399302,5714.089807,5949.406899,5971.928905,5940.288789,5869.061863,5910.727873,5865.922055,5775.246576],"1.19":[7335.006823,7543.822826,7549.526043,7498.195259,7260.563196,7239.354802,7392.513942,7872.157249,7479.219372,7510.023844],"1.20":[8186.025988,8252.214643,8024.285096,8048.908671,7872.094376,8181.779201,8072.149404,8056.082824,7912.685655,7965.369588],"gotip":[8075.334203,8148.280011,8148.231069,8033.641418,8265.993807,8038.286705,8060.247553,8176.037866,8198.265596,8350.037845]}},"Sort_Random":{"name":"Sort_Random","build_times":{"1.18":[170.186517,138.994652,150.352567,140.988938,144.67891,140.896938,137.739962,143.394419,147.997385,140.047845],"1.19":[122.589742,126.258413,121.40505,126.815609,114.279207,117.091785,125.115422,118.268975,118.557173,122.289244],"1.20":[130.837326,128.779803,126.094067,124.695515,125.918425,127.272987,136.060735,125.453924,128.333801,127.366402],"gotip":[147.476046,132.228734,131.028273,131.04812,126.672009,134.068449,128.852378,129.943365,134.163333,136.952918]},"run_times":{"1.18":[5976.391338,5986.727585,5978.360571,5975.498538,5977.818777,5994.565233,5992.698336,5976.480751,5978.42633,5982.677609],"1.19":[5925.743988,5925.243367,5925.146186,5924.072736,5928.55504,5922.904217,5924.806364,5923.013963,5925.616023,5929.467883],"1.20":[6009.938979,6009.117247,6003.4267,6007.518445,6012.663654,6001.791926,6011.975724,6020.870613,6014.994275,6013.76817],"gotip":[6162.146033,6159.989143,6163.21145,6159.586288,6154.190483,6156.728524,6163.62686,6157.9367,6159.830477,6160.44246]}},"Sort_Reversed":{"name":"Sort_Reversed","build_times":{"1.18":[132.458257,130.238874,129.896276,130.359573,132.517657,133.524049,128.862385,144.126765,130.776671,129.244082],"1.19":[115.902283,114.798592,109.902031,109.368135,110.872323,107.564851,117.015176,112.575411,113.277905,116.58738],"1.20":[121.222044,121.732631,126.325996,119.371157,123.466327,121.532983,114.641025,119.13785,120.097742,118.767345],"gotip":[128.664675,119.278242,124.710765,123.555872,123.230685,119.578462,118.355592,121.422679,127.443927,129.766412]},"run_times":{"1.18":[3545.388983,3549.37155,3545.264582,3547.204763,3542.584274,3550.301713,3544.980693,3542.834102,3545.249071,3543.723977],"1.19":[360.93875,361.526445,361.235748,361.244947,360.574253,361.125048,362.294339,361.693344,361.275947,361.272247],"1.20":[362.308792,361.499798,361.271,361.132501,361.612198,362.094695,362.638291,361.302399,361.052602,361.439299],"gotip":[375.284443,375.144145,375.348143,375.724941,375.289443,375.139945,375.526442,375.80024,375.323143,375.459842]}},"TimeAfterFunc":{"name":"TimeAfterFunc","build_times":{"1.18":[152.458096,138.856003,142.355976,151.720101,149.36902,142.329576,144.38716,144.637158,150.809809,147.901231],"1.19":[171.730541,123.91442,125.585306,134.794333,140.29639,123.261624,131.392361,122.647829,125.721205,131.319461],"1.20":[142.817069,130.998764,131.370062,133.143347,130.716167,130.847065,127.795988,132.369753,130.706767,132.682152],"gotip":[132.581451,133.702543,127.518792,128.18159,135.083433,125.878503,137.024018,129.385786,129.071984,138.460636]},