{"Fibonacci":{"name":"Fibonacci","build_times":{"1.17":[125.644561,135.238333,134.345318,134.854427,136.929364,130.066841,132.620986,127.7778,127.789399,128.853319],"1.18":[133.765888,135.981724,131.878757,134.373498,132.842572,134.753004,134.091294,129.684021,133.525784,138.667168],"1.19beta1":[279.978253,277.122205,276.570096,273.82165,277.330811,275.772785,281.414781,276.554198,274.214158,271.608414]},"run_times":{"1.17":[3900.505753,3901.185401,3900.670542,3901.659171,3901.609723,3901.068669,3904.860291,3900.186115,3901.395097,3900.826],"1.18":[4012.449563,4015.467895,4018.39593,4016.6032,4011.663698,4013.445689,4021.421139,4012.481192,4013.150628,4012.481924],"1.19beta1":[4011.950955,4014.219172,4010.87509,4011.898225,4012.65246,4012.955046,4011.252996,4012.999333,4012.664736,4018.924284]}},"MergeSort":{"name":"MergeSort","build_times":{"1.17":[137.563473,137.576873,136.241251,134.829327,138.407987,138.483788,152.305717,130.401354,135.011831,135.105132],"1.18":[139.094361,137.873941,140.612188,140.266581,142.219915,166.816533,135.5087,140.471286,141.512802,138.794256],"1.19beta1":[293.813077,287.899777,281.698072,299.610776,295.535806,282.697989,281.54447,283.432201,286.27505,287.630572]},"run_times":{"1.17":[6385.209642,6088.785467,6134.355654,6111.631794,6057.303021,6059.155824,6087.490409,5994.883397,6062.181912,6089.426041],"1.18":[5931.706315,5930.053412,6044.389498,6041.071991,5846.013201,5876.053212,5861.495909,5802.219767,5875.496012,5952.954682],"1.19beta1":[7488.852706,7527.897536,7364.911609,7471.845449,7377.385388,7309.664534,7316.089297,7223.729482,7302.714468,7330.766521]}},"Sort_Random":{"name":"Sort_Random","build_times":{"1.17":[157.473774,148.176122,146.513295,144.234058,145.993086,145.431378,149.570245,147.676114,148.425426,146.8216],"1.18":[160.149408,173.499734,156.72295,155.828735,156.519747,158.234176,152.088572,156.422745,154.386911,151.668365],"1.19beta1":[297.164607,318.069959,286.765931,290.20419,288.083354,291.44461,293.105738,293.012937,288.305161,286.788942]},"run_times":{"1.17":[5011.732764,5013.545442,5011.962043,5010.100498,5011.600521,5012.457848,5012.136321,5017.735896,5013.655939,5016.252898],"1.18":[5031.370885,5032.535929,5030.170398,5025.730734,5030.789434,5029.009094,5034.401995,5027.860523,5030.856811,5030.620258],"1.19beta1":[5025.77625,5021.097875,5023.339125,5023.7649,5023.024966,5023.785038,5022.944001,5023.032882,5020.369286,5021.194951]}},"Sort_Reversed":{"name":"Sort_Reversed","build_times":{"1.17":[136.578925,143.354741,152.520597,141.868816,140.241088,138.253454,134.699193,139.681478,136.332022,139.358573],"1.18":[142.809238,144.165662,144.597669,143.867956,143.808755,140.072591,143.591352,143.921257,141.216311,142.759337],"1.19beta1":[280.51224,284.103798,277.584792,283.931195,285.177315,281.461855,288.358642,280.958109,278.706779,278.768179]},"run_times":{"1.17":[3716.606781,3713.085286,3713.972356,3715.277678,3711.621216,3716.344,3715.816025,3713.475891,3713.678001,3716.542374],"1.18":[3575.06614,3573.603461,3573.351813,3575.089841,3572.58455,3574.772488,3574.627125,3573.824254,3574.758841,3577.561595],"1.19beta1":[369.492642,370.462055,369.774945,369.545042,370.16405,369.244438,369.274039,370.286152,369.37204,369.573743]}},"alloc_1.5k":{"name":"alloc_1.5k","build_times":{"1.17":[157.799433,150.542402,183.20298,138.10042,246.790209,125.582437,125.78274,127.893971,129.322291,130.354006],"1.18":[135.648125,143.881859,150.458467,146.607803,135.202017,135.035014,135.032614,135.493522,130.663342,133.763093],"1.19beta1":[293.062748,280.900658,284.663217,281.137239,272.658183,274.343532,272.426276,277.225515,273.524308,272.047066]},"run_times":{"1.17":[3159.675117,3169.584628,3161.374951,3198.122025,3175.394274,3170.436598,3174.018673,3223.275848,3188.881247,3174.584976],"1.18":[4346.714711,4351.961879,4346.738496,4346.495065,4351.059638,4348.214374,4346.859726,4349.540825,4348.433827,4357.759278],"1.19beta1":[4346.935331,4347.071551,4348.542491,4347.670515,4345.839396,4347.943263,4347.561251,4345.477192,4345.758528,4347.534935]}},"regexp_Compile":{"name":"regexp_Compile","build_times":{"1.17":[160.384714,173.527137,174.725658,194.122686,167.919542,161.480133,163.104061,158.31618,167.743739,162.113944],"1.18":[181.01897,176.9088,173.823448,162.545257,169.581876,167.379639,164.062883,168.266553,174.146954,168.884564],"1.19beta1":[311.784152,308.393196,306.397062,310.351229,314.746402,311.570649,308.843004,317.487349,318.223261,315.354913]},"run_times":{"1.17":[1104.764999,1093.506509,1096.027751,1092.542093,1101.164353,1094.798868,1097.402812,1093.346844,1094.015755,1101.358479],"1.18":[1152.634653,1144.230712,1157.257233,1156.142514,1149.013393,1161.386003,1149.237897,1159.571874,1156.25658,1152.460816],"1.19beta1":[1151.611101,1153.495498,1152.423248,1172.524589,1158.836557,1154.110776,1166.124981,1164.417252,1161.336063,1162.819662]}},"regexp_FindAllString":{"name":"regexp_FindAllString","build_times":{"1.17":[167.31643,172.082109,167.752337,169.485866,169.540067,173.841839,175.579669,172.511917,176.20898,178.187213],"1.18":[178.017243,177.460235,178.187346,175.97171,167.531776,178.42605,178.899158,173.861477,173.378769,174.822793],"1.19beta1":[315.207838,308.32402,309.936749,310.523358,324.181089,313.351106,312.686595,318.304389,309.787046,308.405822]},"run_times":{"1.17":[2373.80824,2359.652301,2357.467376,2377.959623,2350.386857,2356.694506,2356.510917,2378.850396,2360.504899,2360.180198],"1.18":[2368.716887,2370.089038,2365.503354,2353.696055,2363.873926,2398.635111,2353.623349,2352.404328,2369.070515,2364.511238],"1.19beta1":[2255.536496,2252.964552,2242.661778,2248.804381,2240.265232,2243.349084,2240.572237,2237.359833,2238.938999,2243.27307]}},"switch_case":{"name":"switch_case","build_times":{"1.17":[206.045367,194.958912,194.780311,196.655936,200.877895,200.777294,191.764268,198.818667,215.398397,201.349202],"1.18":[200.606812,195.310466,201.951649,196.635803,207.95117,199.890063,204.820647,206.390073,195.381587,199.604659],"1.19beta1":[384.773888,348.531262,337.696804,335.562573,338.139184,343.078086,336.080064,332.111409,338.707736,328.998649]},"run_times":{"1.17":[5201.445044,5212.258325,5204.498125,5204.441439,5205.252212,5206.163984,5202.855915,5205.901732,5208.977339,5206.237024],"1.18":[5726.818156,5722.5817,5724.042243,5724.372419,5723.332665,5721.166878,5723.030486,5725.209986,5722.466647,5730.486422],"1.19beta1":[3277.222541,3272.011944,3273.577447,3272.066816,3272.162854,3272.007538,3272.11409,3271.5457,3270.576384,3270.656858]}}}