{"Fibonacci":{"name":"Fibonacci","build_times":{"1.17":[148.431829,150.736438,149.399475,152.697932,149.476678,143.922216,154.98134,149.346772,153.442766,150.608933],"1.18":[158.761622,157.727374,157.577967,148.733448,153.658581,149.21797,149.275173,150.393026,155.256657,153.22016],"1.19beta1":[327.686127,334.658857,318.601696,335.110078,322.790795,326.731481,326.331562,317.092225,322.735192,318.622597],"1.19rc1":[174.40702,184.471095,180.177893,172.870348,171.22547,175.137955,193.555223,179.238548,175.794385,179.318252],"gotip":[177.335199,198.942122,193.250652,181.286286,188.264317,180.809263,181.969018,189.961597,178.925874,174.756877]},"run_times":{"1.17":[4713.358216,4548.690129,4527.460303,4532.027863,4523.205273,4485.80453,4535.51464,4497.670328,4482.25467,4478.598907],"1.18":[4628.100999,4614.796041,4653.091886,4838.328398,4962.212332,4697.774031,4662.056422,4938.182222,4644.890282,4616.841624],"1.19beta1":[4629.736344,4602.514096,4609.471124,4600.499887,4605.029503,4635.729436,4701.884549,4661.755221,4672.097862,4660.54099],"1.19rc1":[4615.27156,4724.907755,4820.402756,4522.497923,4849.229254,4723.776664,4495.509952,4543.459544,4793.0524,4935.633399],"gotip":[4516.716709,4507.279753,4655.826609,4526.779606,4771.8399,4809.151093,4538.041266,4522.320084,4508.11217,4630.300656]}},"MergeSort":{"name":"MergeSort","build_times":{"1.17":[162.321174,166.371265,151.859379,153.827172,148.903339,146.815941,147.815487,146.723536,149.350661,153.505657],"1.18":[155.806315,156.844165,151.637917,182.002162,154.160336,159.06547,161.233273,166.121206,166.007201,155.544103],"1.19beta1":[317.632112,373.182672,336.333802,325.202257,334.680811,328.282905,324.795438,324.137907,323.462974,313.654505],"1.19rc1":[187.26547,192.870732,175.258308,178.895878,185.597791,175.505019,178.93158,176.149149,180.318844,176.445463],"gotip":[186.221788,197.353119,197.637033,196.549081,205.497508,188.940218,191.251428,193.524137,218.271518,211.120676]},"run_times":{"1.17":[6898.372848,7088.096656,7105.503082,6861.455535,7067.288756,7095.172821,7050.194524,6761.381685,6841.503922,6846.271748],"1.18":[6858.559341,6650.542328,6700.531674,6677.667462,6747.830312,6670.650305,6646.602431,6643.089739,6690.324712,6686.222408],"1.19beta1":[8361.175594,8374.414673,8257.404424,8228.535761,8322.893638,8314.719464,8378.985388,8383.298539,8278.860674,8359.629118],"1.19rc1":[8320.624547,8313.066825,8379.211955,8517.351255,8479.867031,8425.557332,8302.808931,8429.945366,8502.89747,8628.108349],"gotip":[8969.632467,8873.99704,8933.617954,8925.634437,8975.834889,8970.643596,8966.694083,8922.520671,8772.021556,8769.424869]}},"Sort_Random":{"name":"Sort_Random","build_times":{"1.17":[170.213607,174.871928,173.561366,174.558513,164.038413,181.479712,164.863138,172.220671,174.997195,171.886356],"1.18":[181.96065,173.390842,180.803495,180.9018,175.03532,197.504389,171.004529,176.577894,188.312452,179.960355],"1.19beta1":[373.132429,339.964153,337.588341,332.451596,335.359234,337.180921,342.717384,335.755953,337.79215,328.351801],"1.19rc1":[221.034804,211.088731,198.579137,204.997341,211.05993,198.280124,200.151213,194.338237,202.38112,196.859357],"gotip":[200.370026,195.274884,213.056729,215.434942,210.183093,198.917357,190.231644,208.262101,199.371279,203.621681]},"run_times":{"1.17":[5836.056468,5876.850209,5940.217282,6021.612495,5815.93221,5824.769113,5864.542186,5815.493053,5779.282468,6077.977823],"1.18":[6120.191213,5840.176712,5974.909556,5836.373549,5998.020338,5844.543745,5836.052397,6180.462041,5794.301796,6104.373966],"1.19beta1":[5813.319765,5812.761641,5815.622326,5910.269763,6212.498609,5826.718088,5826.573484,5793.844927,5895.912321,5887.218773],"1.19rc1":[6305.442314,5924.199813,6017.370829,5947.817435,6294.786071,5962.939552,5959.78007,5991.784043,5928.838875,6059.051051],"gotip":[5902.503306,6305.582715,6265.226696,6029.326772,6328.558916,6342.921904,6171.518942,6120.314818,5995.258088,6185.622211]}},"Sort_Reversed":{"name":"Sort_Reversed","build_times":{"1.17":[184.389965,159.625088,164.662428,170.996029,162.63033,165.76168,162.081005,169.054936,170.066885,160.747742],"1.18":[163.926491,162.831739,174.951315,172.027376,173.735357,164.683127,166.707524,168.94623,170.279793,164.571022],"1.19beta1":[333.161144,329.738581,333.94278,335.358548,335.60606,319.493694,316.678259,318.325841,334.375604,325.284471],"1.19rc1":[185.657431,185.356716,190.291651,191.986731,192.668164,199.31718,185.972045,184.189961,194.521252,179.884355],"gotip":[191.68862,197.846612,186.208859,201.514487,192.393552,193.419201,185.078805,180.637694,192.434455,178.760104]},"run_times":{"1.17":[4521.078414,4377.776488,4366.737479,4651.526988,4272.617014,4304.082797,4291.812074,4352.263565,4272.979425,4273.347924],"1.18":[4125.633985,4205.447482,4325.798404,4115.039607,4119.362208,4138.609705,4186.036682,4345.214822,4175.203843,4143.468342],"1.19beta1":[426.558188,429.555831,447.274674,426.536387,449.397575,427.83635,453.467768,426.8013,452.86274,436.854278],"1.19rc1":[424.247679,441.188585,443.052477,430.014257,451.960901,451.774793,455.094851,445.41169,463.370444,431.664836],"gotip":[425.44794,427.165921,453.929395,452.767139,451.968101,447.798498,437.05978,420.861409,449.28536,442.346831]}},"TimeAfterFunc":{"name":"TimeAfterFunc","build_times":{"1.17":[186.782988,170.962443,174.246198,174.309701,168.286918,175.308449,166.242022,170.275311,163.467792,170.895741],"1.18":[535.196582,183.083149,182.046699,179.968102,187.811172,177.527186,180.615736,175.174092,174.10314,179.501096],"1.19beta1":[1728.775079,352.016072,352.147179,358.958201,334.059722,343.72108,346.018388,364.033142,353.204028,356.208171],"1.19rc1":[591.718211,229.501063,210.291154,202.725297,221.377179,209.798031,216.834465,198.316387,203.417529,208.470568],"gotip":[210.094144,212.036036,205.500327,214.132935,201.174221,201.310628,204.165364,208.345161,214.142535,207.68673]},"run_times":{"1.17":[5298.699394,6003.641409,8000.93035,4560.247456,7056.140768,4885.433366,5459.969052,5312.076428,7216.020643,4841.349799],"1.18":[5008.639171,4084.710956,4002.299078,3821.001394,4372.805621,4885.637113,5080.139819,4059.092391,4626.981949,5760.866747],"1.19beta1":[4725.609617,4771.697992,4240.18112,4802.067726,5030.424547,4483.833995,4922.691164,4769.404343,4704.789972,4766.357811],"1.19rc1":[4562.241998,5889.671253,4906.29828,6878.166971,5316.693494,5698.261564,4380.179382,4662.681507,6272.500107,5186.220684],"gotip":[4703.503736,4289.826193,4742.552837,5599.41872,5394.552772,4897.57554,4548.926146,4735.025714,5648.772769,5037.690269]}},"alloc_1.5k":{"name":"alloc_1.5k","build_times":{"1.17":[159.91638,146.016621,146.230731,150.804447,151.633086,145.542098,146.036721,145.004572,147.312182,142.768467],"1.18":[169.93706,157.560772,183.639709,170.58569,158.108198,160.621318,151.054363,153.103061,146.54945,150.274826],"1.19beta1":[326.331346,314.211872,324.183844,326.728664,346.524602,315.313324,323.644119,324.353652,317.647735,322.660972],"1.19rc1":[191.420774,182.812965,202.679907,199.441653,194.055999,188.759847,186.740252,198.300199,200.103085,182.234138],"gotip":[199.413059,196.598825,183.532806,187.697803,182.896075,180.551564,186.501746,196.198907,193.089358,189.509189]},"run_times":{"1.17":[3827.141467,3766.591286,3755.212583,3744.225546,3774.593678,3734.354621,3838.030956,3751.421288,3833.490512,3800.78905],"1.18":[5040.996362,5059.938086,5176.799924,5020.838989,5202.626252,5065.310349,5435.021903,5161.459418,5007.167498,4998.280462],"1.19beta1":[5084.639573,5344.162668,5047.468128,5041.934388,5237.155752,5186.285291,5180.680648,5177.784011,5158.36332,5473.005196],"1.19rc1":[2660.555911,2706.332265,2744.179034,2620.04773,2764.985104,2617.555599,2615.972825,2586.177639,2781.41573,2673.910731],"gotip":[2596.345625,2553.631288,2576.337664,2639.682776,2637.80159,2556.836053,2539.581138,2679.845286,2559.870501,2770.174014]}},"regexp_Compile":{"name":"regexp_Compile",