{"CGO_CALL_C_FUNC":{"name":"CGO_CALL_C_FUNC","build_times":{"1.17":[553.262211,489.537592,499.183716,484.545727,487.549166,488.339677,501.813149,481.57919,518.571965,492.632471],"1.18":[535.617341,494.661772,520.358967,515.279908,495.517381,494.120465,488.862144,500.976364,496.045293,503.963308],"1.19":[574.404311,548.50829,530.969373,533.945911,533.98781,537.298152,539.757382,546.414964,533.217501,536.654044],"gotip":[547.564681,548.588694,511.122237,532.856502,541.399906,527.671939,543.181228,527.540438,542.49152,520.289348]},"run_times":{"1.17":[3412.128278,3772.502897,3412.384168,3416.320447,3412.010771,3872.865268,3868.091759,3875.125332,3873.128473,3412.979433],"1.18":[3109.419887,3524.920077,3518.975908,3106.90462,3104.766337,3104.688649,3519.540615,3103.919217,3519.790925,3106.393265],"1.19":[3132.908172,3543.639617,3544.505898,3375.815374,3127.04541,3668.656934,3126.025199,3542.342395,3126.070694,3544.455303],"gotip":[3558.990553,3142.742818,3142.990599,3562.943627,3140.056842,3141.890733,3566.558978,3561.650446,3143.310643,3144.241854]}},"Fibonacci":{"name":"Fibonacci","build_times":{"1.17":[120.897417,123.539051,130.917439,159.207392,135.07219,134.106578,125.858075,129.48142,123.238242,120.316406],"1.18":[128.554729,128.963134,133.177587,130.810258,132.559779,139.261365,134.2503,125.43089,136.677431,136.850833],"1.19":[151.3044,155.449951,145.973633,139.482952,142.346087,144.682717,144.429713,143.764905,137.322125,139.275048],"gotip":[154.206636,146.915844,146.018833,152.319313,150.711293,145.827531,144.384313,145.025321,152.388914,145.639729]},"run_times":{"1.17":[3444.208395,3443.945991,3442.762865,3836.778775,3906.081109,3904.644401,3445.766896,3445.699873,3445.641417,3447.033574],"1.18":[4014.644528,3540.650325,4018.625732,3541.934343,4015.169977,3542.127084,3546.739241,4014.729605,4012.281675,3540.208951],"1.19":[3902.628919,3917.266546,3902.717563,3901.993654,3432.265501,3432.375724,3427.837968,3437.181692,3440.80188,3437.39845],"gotip":[3435.097237,3443.172407,3445.438399,3445.107262,3443.774637,3442.667723,3447.808017,3931.482605,3446.546661,3445.21299]}},"Garbage_Collection":{"name":"Garbage_Collection","build_times":{"1.17":[131.656658,144.918025,135.71871,132.367067,138.15664,137.458231,132.364967,138.11164,133.311079,129.319129],"1.18":[142.652903,149.313488,154.781457,147.444764,150.960909,144.78213,143.480214,139.360762,145.574441,144.548727],"1.19":[140.45817,162.065244,140.081766,137.826338,140.508071,137.468333,140.810076,145.395833,134.692398,142.336795],"gotip":[140.023163,142.9203,148.581771,144.421318,155.994664,149.410881,148.267567,153.222029,145.844937,148.241766]},"run_times":{"1.17":[5399.074255,5428.334448,5191.249956,5402.701617,5360.175531,5426.063589,5174.430319,5374.890901,5477.63819,5366.899357],"1.18":[5686.821754,5380.638268,5377.294998,5376.736214,5417.331937,5362.68284,5376.658676,5441.453402,5416.442338,5404.331967],"1.19":[5270.385107,5239.351754,4948.993831,4934.460016,4934.128971,4948.749057,4925.975961,4931.232787,5219.55733,4974.15435],"gotip":[5739.608666,5772.530518,5707.48762,5870.965595,5947.949728,5769.628368,5724.199693,5866.819497,6080.988878,6048.252216]}},"Goroutine_Creation":{"name":"Goroutine_Creation","build_times":{"1.17":[138.170038,133.890084,137.327128,134.815096,138.261539,137.921035,136.638119,134.29799,131.812358,128.936522],"1.18":[145.53633,148.176164,151.240602,141.405778,144.446416,143.209001,151.738509,151.606707,147.523755,150.900898],"1.19":[158.050319,149.907662,145.622531,145.192329,144.612324,148.924854,148.897055,152.164677,160.209835,150.543266],"gotip":[155.951251,161.579415,168.634694,164.404147,167.279679,159.868295,165.381558,152.21621,155.123842,153.09342]},"run_times":{"1.17":[8314.32255,8711.05196,8724.245557,8783.0556,8877.321081,8630.081834,8643.504301,8710.587724,8681.220229,8835.724285],"1.18":[5334.55331,5204.513299,5266.443606,5154.184047,5158.030964,5234.020431,5282.837408,5408.873169,5379.12877,5354.440842],"1.19":[8836.67416,8835.944037,8767.672577,8647.688584,8768.135245,8653.328316,8785.165855,8850.603614,8971.059724,8914.223622],"gotip":[8873.517763,8838.222118,8859.957481,8917.689569,8918.490411,8787.488765,8670.038463,8668.341252,8766.000774,8842.078747]}},"MergeSort":{"name":"MergeSort","build_times":{"1.17":[125.393571,130.267032,127.969704,135.242094,123.949053,127.997203,137.822427,125.181968,128.852114,133.116668],"1.18":[150.387865,146.336314,141.804358,137.803909,143.813683,143.54938,143.813083,148.211737,145.816508,145.546005],"1.19":[154.523426,151.865593,151.231686,154.645728,164.38145,149.605665,154.900932,147.037233,143.842194,154.948732],"gotip":[171.048538,162.392029,173.861872,172.620457,159.494993,166.855185,158.528981,152.505906,167.381691,165.142464]},"run_times":{"1.17":[6162.50861,6088.165989,6020.625474,6043.338168,6048.303741,6291.734418,6360.985649,6067.592655,5851.570947,6114.668416],"1.18":[6213.722241,6325.792366,6370.526943,6070.233904,6094.565314,6135.081894,6221.87847,5952.675655,5925.568727,6205.721906],"1.19":[7630.735998,7949.543832,7723.151729,7659.693885,7636.407681,7705.233299,8359.589564,8309.109397,8103.040543,8099.062771],"gotip":[9220.181583,9828.115683,9492.525478,8971.660288,8953.037935,8885.929432,8889.906546,8615.097654,8752.375406,9130.112734]}},"Sort_Random":{"name":"Sort_Random","build_times":{"1.17":[148.731157,145.273014,142.366078,146.521029,140.438054,139.949647,140.506155,143.974198,144.790007,145.133413],"1.18":[172.84216,176.039099,161.846923,158.448679,163.612044,163.590043,157.432367,154.740833,156.272853,155.782646],"1.19":[156.13355,143.018586,141.851271,160.94351,146.215826,142.270677,147.328639,145.70582,138.280427,148.416653],"gotip":[158.500674,166.012168,155.608938,158.535775,158.679976,160.293897,157.491062,156.60675,162.232421,159.347185]},"run_times":{"1.17":[5017.097343,4763.462988,4422.280534,5017.600283,5015.70081,5015.231624,4418.895157,5018.845901,5018.18402,5016.302189],"1.18":[5030.75706,4747.47705,4444.614094,5037.046258,5029.6982,4434.45102,4435.47178,4431.374625,4434.422551,4433.255377],"1.19":[4482.753477,4489.454658,4488.343327,4485.70842,4486.718418,4493.223778,4487.623816,5085.494303,4490.88146,5088.345823],"gotip":[5093.504041,4499.329139,5093.016646,4497.528247,5094.078837,4486.727115,4489.332385,4489.30434,4488.818873,4490.737935]}},"Sort_Reversed":{"name":"Sort_Reversed","build_times":{"1.17":[123.454726,123.346725,129.820205,123.475827,131.885131,126.14556,126.788167,130.031208,134.464863,124.616241],"1.18":[139.20624,141.030364,143.14239,146.099226,147.186341,143.783398,145.946025,145.083314,152.829411,145.096014],"1.19":[144.499804,149.75037,144.96411,145.239613,143.137087,143.140788,143.878295,143.627393,149.01526,148.195149],"gotip":[149.373764,142.754582,149.097261,142.260875,139.370139,146.773832,150.735481,148.19515,143.861995,143.575292]},"run_times":{"1.17":[3275.005794,3283.110734,3277.839551,3275.559721,3280.234599,3282.70013,3276.414422,3276.265498,3272.856664,3715.395058],"1.18":[3584.674312,3580.929042,3443.651533,3580.713674,3160.070203,3157.743802,3581.183756,3157.860355,3157.493922,3155.328595],"1.19":[370.484323,327.322884,326.552875,369.675413,327.846491,326.247972,370.472023,328.334698,370.723627,326.648776],"gotip":[326.222171,328.370298,327.71839,326.477774,326.716878,328.755903,328.409898,327.226984,326.807181,328.752206]}},"TimeAfterFunc":{"name":"TimeAfterFunc","build_times":{"1.17":[171.7457,153.677989,154.641077,159.074634,153.564063,155.62429,159.981245,162.719081,161.314562,155.349386],"1.18":[514.105426,208.561704,167.38493,169.265451,164.144192,160.938055,162.20517,160.633351,165.262305,164.526397],"1.19":[532.330332,156.098985,156.284087,156.52949,156.081885,166.863022,161.577455,155.258674,155.376376,161.22915],"gotip":[185.24789,164.163828,167.710851,165.674337,171.247373,175.956802,166.571443,172.947184,169.453261,173.640688]},