{"Fibonacci":{"name":"Fibonacci","build_times":{"1.17":[140.931824,199.364007,131.305961,137.739903,147.89947,138.118405,140.728523,145.643855,137.721403,142.386633],"1.18":[145.150592,153.784537,147.295197,148.721806,148.165103,140.594656,138.190142,140.450656,157.295258,140.597757],"1.19beta1":[326.710287,309.999296,293.543807,308.569388,312.827412,306.272676,314.025818,323.846672,306.306876,310.841801],"1.19rc1":[161.718493,167.503125,172.797054,207.861448,168.862032,176.147773,168.49043,166.720821,162.157495,171.312045],"1.19rc2":[162.256501,161.205595,179.237783,193.616455,165.648717,162.734603,168.491131,175.276872,158.118151,176.271549],"gotip":[158.781552,173.754332,159.495253,163.758376,162.634071,160.503458,162.393869,161.488865,159.058351,160.328658]},"run_times":{"1.17":[4807.143356,4796.685214,4797.045589,4798.205001,4800.786798,4801.102495,4800.253338,4798.110058,4796.915484,4795.567965],"1.18":[4807.491287,4807.279211,4801.020253,4800.757868,4807.303619,4799.993632,4805.110694,4800.397023,4799.933471,4799.175656],"1.19beta1":[4804.434136,4807.032464,4808.988136,4816.842956,4806.711528,4800.816707,4810.048696,4804.018172,4805.0845,4801.144033],"1.19rc1":[4802.889804,4801.990889,4807.757563,4801.468314,4810.922369,4801.371109,4794.990751,4796.250008,4795.45867,4797.687759],"1.19rc2":[4798.81528,4799.293277,4797.38536,4793.845139,4794.696443,4797.760159,4805.3789,4799.370865,4795.245933,4795.338627],"gotip":[4801.918495,4794.918934,4801.420531,4794.009667,4802.404461,4798.780412,4805.337039,4796.527557,4809.097172,4799.620499]}},"MergeSort":{"name":"MergeSort","build_times":{"1.17":[147.752816,142.789396,147.092014,148.071318,145.235206,151.11803,143.279298,143.061697,147.234714,144.750104],"1.18":[148.11942,148.00372,141.066586,179.00207,145.351907,153.635047,160.934283,150.491331,147.450017,148.10832],"1.19beta1":[316.782325,354.361581,315.764121,304.689474,313.900312,301.214759,304.256973,300.951158,307.487785,305.149276],"1.19rc1":[175.074718,174.126814,173.591911,182.938455,177.353029,167.393883,172.915108,163.857766,166.111376,163.718866],"1.19rc2":[160.011831,161.525138,158.074022,158.630425,169.640675,158.261423,167.406965,223.530422,167.519265,166.907263],"gotip":[156.93741,182.08314,178.778424,173.451995,157.272912,172.664592,164.777851,158.186416,171.121884,164.760951]},"run_times":{"1.17":[7467.768026,7503.059674,7214.414378,7161.428468,7255.251103,7393.379271,7348.085415,7365.692898,7409.190701,7320.825226],"1.18":[6764.157362,6709.285153,6790.576668,7092.038697,6843.927243,7010.580443,7073.040697,7127.552511,6812.931102,6677.494768],"1.19beta1":[8134.179131,8679.599127,8659.880543,8504.26376,8330.74183,8458.126352,8308.237876,8310.98474,8282.205862,8307.556441],"1.19rc1":[8247.579152,8370.079718,8299.061694,8276.26152,8106.449382,8200.522033,8401.004737,8255.275234,8284.696298,8282.799955],"1.19rc2":[8446.620533,8561.241119,8437.987514,8408.067234,8608.727624,8428.391672,8470.681281,8619.452305,8596.592954,8563.425797],"gotip":[8633.173928,8498.512728,7801.543358,7877.185686,8428.789483,8572.019261,8501.781518,8608.641092,8571.412668,8594.333065]}},"Sort_Random":{"name":"Sort_Random","build_times":{"1.17":[170.103295,159.392338,154.372312,170.704798,159.37787,159.417842,176.817656,166.802891,162.751464,160.979352],"1.18":[174.97025,169.908021,169.99252,163.800684,172.914238,186.202418,166.725002,174.216846,170.351123,165.445793],"1.19beta1":[321.487441,331.818302,337.278648,323.860135,324.779942,328.864577,325.815151,317.101178,323.569032,329.847885],"1.19rc1":[186.733885,193.637221,189.324799,182.215561,194.147824,184.495674,191.253208,185.61548,184.882588,192.294342],"1.19rc2":[184.227885,188.203806,174.666433,178.053552,175.247537,170.046309,176.778545,170.519511,159.510153,172.701123],"gotip":[174.397594,202.608338,186.764357,174.205092,169.579669,172.843086,164.744844,164.776244,172.668084,172.262882]},"run_times":{"1.17":[6093.165925,6080.001816,6098.635598,6094.745166,6081.7662,6070.239086,6086.417592,6086.057748,6075.095693,6089.134599],"1.18":[5983.57851,6006.237729,6013.723534,5989.695337,6038.924191,6039.715344,5983.079009,5986.106249,6009.28256,5999.640627],"1.19beta1":[5938.693104,5924.193497,5939.273521,5943.201612,5933.062709,5943.956979,5940.786787,5935.894233,5925.134501,5943.840954],"1.19rc1":[5956.346573,5947.161606,5947.426555,5939.818472,6016.127508,5938.70071,5948.512066,5955.557584,5941.801692,5946.830298],"1.19rc2":[5929.652649,5934.91735,5964.81503,5928.809702,5957.275038,5925.025286,5944.816993,5967.80063,5937.692117,5923.793406],"gotip":[5929.838527,5926.075754,5928.011282,5927.723093,5924.722588,5939.137467,5947.455313,5941.497686,5931.978242,5929.530342]}},"Sort_Reversed":{"name":"Sort_Reversed","build_times":{"1.17":[152.960577,157.2978,151.924573,167.27235,159.459111,154.271184,160.931818,155.945793,151.287069,158.949008],"1.18":[147.632503,160.193988,172.159569,153.491843,158.612178,156.417962,159.179282,160.692691,152.763438,155.165154],"1.19beta1":[305.534403,317.16456,315.556152,316.851958,313.07974,318.196365,309.403421,321.370181,314.040344,308.89312],"1.19rc1":[169.626078,172.18119,168.850474,170.649483,180.204726,175.233204,172.31919,165.76196,171.580987,167.94157],"1.19rc2":[159.866633,165.033557,160.700637,165.69566,163.372249,166.428663,160.644137,159.971633,152.178098,171.604387],"gotip":[163.570575,150.569514,157.179646,155.417537,182.171764,155.279136,161.605366,155.777239,160.672262,156.208741]},"run_times":{"1.17":[3636.540956,3642.723565,3644.641275,3628.310965,3649.920404,3643.388586,3645.524841,3645.888948,3641.523708,3641.941841],"1.18":[3554.066298,3552.94414,3550.164768,3553.859393,3551.216478,3552.016299,3547.859686,3547.72821,3554.029251,3552.436858],"1.19beta1":[390.193219,387.915808,392.52713,392.596331,392.543131,394.044738,392.810731,394.261839,393.301935,389.146203],"1.19rc1":[361.897259,363.372867,364.079469,363.078965,361.236657,361.579558,361.462657,360.951256,360.608053,360.685554],"1.19rc2":[361.418558,361.823259,362.488173,361.029912,363.269322,366.428637,363.367523,476.51896,362.038017,362.017816],"gotip":[361.565814,362.257618,360.906312,361.145612,361.056212,361.845616,364.264628,360.69231,362.512219,362.530019]}},"TimeAfterFunc":{"name":"TimeAfterFunc","build_times":{"1.17":[183.47955,177.866425,166.856274,172.070697,174.557809,177.915024,167.874479,171.220793,169.581887,173.988906],"1.18":[424.797097,187.768282,184.014265,178.887841,179.566844,177.228833,178.221538,176.66333,174.268919,185.05667],"1.19beta1":[1587.314678,339.765644,341.19525,338.263136,323.449265,335.384344,333.35999,319.701633,329.98738,345.590749],"1.19rc1":[538.570447,193.846481,190.049864,200.39981,199.422907,202.892622,206.717939,209.608753,206.662539,218.01249],"1.19rc2":[504.240084,198.4978,190.568263,174.30279,174.895692,176.913901,180.342217,180.119016,194.844383,183.20203],"gotip":[547.48044,187.15904,186.144333,184.812126,179.233595,176.381155,175.128498,194.802199,192.566088,197.858814]},"run_times":{"1.17":[7624.934069,5080.049629,4537.098642,4400.26288,4576.319993,4259.279249,5055.684476,4755.380398,4649.499133,5154.352574],"1.18":[3724.637307,4665.184142,12061.959026,6087.451752,5930.930606,5414.772256,5332.535225,3537.18304,5205.768366,4525.682745],"1.19beta1":[5309.661806,4791.015425,4254.365873,4996.78304,5160.04152,6232.530913,5171.821682,4837.389565,5048.39583,5111.944027],"1.19rc1":[5194.449911,4721.544286,4712.226567,5449.556067,5765.288748,4842.89309,4883.938543,4446.777289,4923.450476,5120.053501],"1.19rc2":[5275.921701,5039.920963,5363.405961,5593.575655,4569.779281,4796.045738,4988.527053,5648.322771,5308.465077,5696.164632],"gotip":[5092.765614,3889.759655,5536.966199,4868.348269,5018.610684,5261.420171,4514.858691,5460.686904,5019.65521,4607.780494]}},"alloc_1.5k":{"name":"alloc_1.5k","build_times":{"1.17":[371.357575,147.801607,143.264685,143.590586,140.683773,145.872897,150.209818,147.626206,143.849187,149.131613],