{"Fibonacci":{"name":"Fibonacci","build_times":{"1.17":[122.646672,126.138418,124.07399,129.114756,119.987838,124.287494,121.792161,123.391382,126.960928,121.381856],"1.18":[128.237236,137.366352,126.776517,133.938508,144.384041,128.058834,128.746342,126.761116,132.314088,133.062097],"1.19beta1":[271.170203,273.457833,286.001694,271.444306,271.113003,279.136505,277.416684,273.624534,272.314318,275.938664],"1.19rc1":[146.901588,155.369696,150.98204,158.82234,145.812174,150.329031,153.505973,149.415519,152.915563,155.527365],"1.19rc2":[142.203035,142.381038,143.807455,159.678361,144.13286,149.688233,138.839102,144.491175,140.887328,143.996968],"gotip":[148.037295,135.466734,142.093721,140.906028,142.038042,142.354247,139.745713,135.271955,157.513443,140.659125]},"run_times":{"1.17":[3907.317294,3901.900753,3900.809282,3905.228568,3902.670016,3900.701864,3901.45679,3900.403296,3900.600755,3900.339316],"1.18":[4014.465098,4014.124487,4011.645084,4011.254143,4013.322373,4011.96769,4012.072889,4010.480371,4010.319769,4012.10842],"1.19beta1":[4014.474352,4011.877489,4014.020339,4010.902057,4013.594537,4012.94168,4010.800476,4010.801792,4010.855421,4010.581429],"1.19rc1":[3903.542519,3902.379104,3901.448297,3901.590507,3902.966411,3905.657966,3901.174961,3906.346722,3902.600878,3902.045052],"1.19rc2":[3904.759467,3903.787858,3903.665089,3904.746438,3903.607502,3904.016807,3907.495889,3904.981953,3906.271221,3904.922378],"gotip":[3900.988906,3901.013613,3902.427756,3901.960138,3900.844307,3900.680869,3902.491963,3901.724243,3900.146925,3901.995048]}},"Goroutine Creation":{"name":"Goroutine Creation","build_times":{"1.17":[130.724994,132.00921,139.832211,141.819738,140.897125,134.504142,133.56503,134.736545,133.913535,133.328827],"1.18":[139.73754,138.149118,144.913716,185.948315,143.8537,141.867972,141.551467,143.903801,144.227906,145.364922],"1.19beta1":[290.582581,281.020857,279.589838,285.320513,281.498663,280.661252,278.671526,288.726958,274.020265,271.564634],"1.19rc1":[155.409505,149.374728,147.945508,155.104601,152.533568,152.70327,149.983035,151.12685,155.81991,150.206338],"1.19rc2":[152.064171,146.872804,153.033883,148.979631,144.663575,147.782016,144.789376,145.05488,143.49446,146.019393],"gotip":[143.307756,144.676674,196.873051,142.04374,141.324031,147.354009,140.935125,143.234956,143.479859,140.186816]},"run_times":{"1.17":[8879.95569,8787.557642,8807.079921,8750.391812,8767.539229,8793.142307,8733.194849,8690.022037,8716.623669,8649.577002],"1.18":[5009.413783,4953.973129,4889.153403,4910.189813,4909.269776,5000.526217,5108.97188,5110.633282,5122.083605,5151.224165],"1.19beta1":[5201.608355,5371.140455,5212.054031,5160.573554,5216.850854,5159.37387,5160.178183,5134.336908,5156.729194,5164.857678],"1.19rc1":[8721.852511,8639.395927,8622.993204,8604.308277,8483.551453,8567.860737,8480.571918,8482.489225,8606.137436,8723.749641],"1.19rc2":[8743.416969,8760.266012,8738.30486,8702.415269,8692.086455,8667.713332,8655.219926,8671.844353,8650.194491,8564.997206],"gotip":[8575.540051,8506.634093,8495.690893,8494.745802,8493.324459,8472.030875,8588.868809,8599.154685,8664.478974,8667.006226]}},"MergeSort":{"name":"MergeSort","build_times":{"1.17":[131.163548,128.001608,141.920983,130.301237,130.104934,126.031584,128.423613,125.814481,123.940357,133.409676],"1.18":[129.774785,138.608999,133.638735,136.524072,130.428094,132.114415,137.492785,134.73895,130.818798,133.475733],"1.19beta1":[284.162791,279.335117,275.920665,273.75303,273.362425,268.838955,271.900869,274.233818,266.683935,276.724645],"1.19rc1":[153.05904,155.084866,158.768515,153.91334,155.281849,150.632087,154.433337,151.415997,155.132147,156.746168],"1.19rc2":[168.784115,148.64685,147.504552,142.264182,148.637166,143.330297,148.740567,147.354949,147.932457,148.780768],"gotip":[155.23513,145.900407,147.361027,148.909547,148.259939,142.792667,151.650482,150.974874,147.811133,146.762219]},"run_times":{"1.17":[5809.069807,5930.975033,5805.900485,5781.711982,5780.038872,5799.070646,5814.945037,5779.028499,5804.074605,5728.999478],"1.18":[5574.874208,5642.857207,5568.417577,5553.373361,5570.485743,5549.523284,5559.211673,5670.979743,5606.63828,5580.645953],"1.19beta1":[7013.136251,6960.625172,7003.213435,7123.665728,7083.368652,7145.640969,7146.699169,7059.160853,7047.676469,7067.798883],"1.19rc1":[7069.841661,7121.54196,7150.452274,7096.321589,7050.918054,7107.176203,7073.093406,7011.461225,7046.509555,7035.948807],"1.19rc2":[7364.872613,7349.314521,7385.386424,7365.970461,7319.704576,7280.137422,7311.055872,7393.790149,7346.441525,7367.075135],"gotip":[7488.141477,7436.298899,7361.455471,7278.103597,7374.253588,7361.037714,7278.678249,7302.32216,7376.71274,7219.307038]}},"Sort_Random":{"name":"Sort_Random","build_times":{"1.17":[141.77596,151.043982,142.345668,147.775839,143.478783,141.462556,141.985663,155.976747,141.693759,147.01333],"1.18":[152.684913,146.440231,173.69779,149.829575,149.751974,151.465496,149.248568,147.791249,145.66522,150.438184],"1.19beta1":[291.506797,284.103491,285.713413,282.192664,285.416009,282.611769,282.766272,282.934774,293.78723,285.765414],"1.19rc1":[160.574206,159.897797,158.501179,158.474279,162.633533,162.332729,163.542845,163.792348,159.008332,170.508487],"1.19rc2":[153.244112,149.961469,151.215985,149.423162,159.096389,150.671978,153.06411,156.532955,154.567329,154.246925],"gotip":[157.7554,153.591444,155.669372,155.150368,151.787038,152.226644,155.376186,147.45338,151.459434,152.522148]},"run_times":{"1.17":[5010.484616,5010.252474,5014.181771,5012.062985,5010.878875,5011.002742,5013.039515,5010.680623,5010.958917,5011.422272],"1.18":[5031.12303,5037.913091,5031.397479,5029.128312,5027.339414,5026.578845,5035.508448,5029.285465,5028.597265,5027.832256],"1.19beta1":[5027.129296,5020.686656,5021.272262,5023.711177,5020.227585,5024.714559,5021.633403,5022.395777,5024.760498,5022.119167],"1.19rc1":[5092.741207,5090.347026,5091.37198,5093.854487,5099.484267,5110.435482,5096.252605,5098.96641,5095.560448,5094.490402],"1.19rc2":[5072.777103,5072.451505,5077.1192,5071.003104,5071.387201,5070.227497,5073.590068,5072.732009,5068.838159,5070.014092],"gotip":[5078.889802,5078.718798,5084.062956,5083.774326,5078.038093,5080.250615,5078.20356,5081.994922,5082.889039,5079.476826]}},"Sort_Reversed":{"name":"Sort_Reversed","build_times":{"1.17":[138.96953,133.037152,132.283142,132.452545,133.272955,131.218828,128.140488,129.608807,128.458592,122.97992],"1.18":[140.929582,147.475126,142.472216,138.05352,141.017184,147.290722,137.722813,137.790413,136.67499,138.398427],"1.19beta1":[281.775643,271.065589,268.239116,277.584696,269.811788,269.948787,272.952091,270.409488,272.376591,276.255994],"1.19rc1":[148.827615,154.991302,152.669869,154.404794,151.931958,150.772442,146.124476,150.353336,150.763942,149.376422],"1.19rc2":[143.302887,143.957688,141.552283,141.449183,142.429885,138.583778,144.95689,140.12078,148.740497,150.016701],"gotip":[142.488955,143.240317,140.74104,143.165318,140.80644,138.254762,143.122018,139.486251,140.056546,143.853412]},"run_times":{"1.17":[3710.406566,3710.680757,3710.729135,3712.682438,3711.411742,3715.558808,3712.078232,3709.630193,3712.545738,3708.935859],"1.18":[3572.735246,3576.604515,3574.007579,3572.700979,3575.780895,3576.233421,3574.418983,3573.666031,3575.178798,3574.079982],"1.19beta1":[369.159794,369.020593,368.989393,370.440809,369.626551,369.113845,369.443349,369.429548,370.207159,368.84944],"1.19rc1":[369.209845,369.761954,369.222881,370.26864,368.956239,369.054138,369.050138,369.77784,369.400639,368.954838],"1.19rc2":[369.169961,369.099044,369.137344,370.206059,370.493864,369.741053,369.439549,370.061558,369.049043,369.161845],"gotip":[369.118595,370.479582,369.781989,370.265985,369.988987,369.134826,369.136056,369.678464,370.897879,369.037055]}},"TimeAfterFunc":{"name":"TimeAfterFunc","build_times":{"1.17":[164.017055,142.448572,148.733454,145.611613,140.902151,142.677675,142.976278,149.343462,144.686701,141.725862],