{"Fibonacci":{"name":"Fibonacci","build_times":{"1.17":[121.21522,117.172793,127.269662,122.452329,117.190493,119.369808,124.908945,119.461009,127.159361,117.859997],"1.18":[125.894657,129.592882,123.47564,123.979644,125.131151,133.934112,122.120531,129.695882,122.173032,124.85145],"1.19beta1":[267.088333,261.800796,261.657896,275.159488,268.077139,278.153409,267.99644,268.463743,267.329636,262.229201],"1.19rc1":[141.073949,143.443765,161.587487,161.132684,150.17611,143.025262,145.800581,145.997782,144.380171,143.087062],"1.19rc2":[140.210903,135.04927,140.162402,141.130309,153.166687,142.102215,142.263116,143.900527,142.90532,134.965869],"gotip":[137.729048,138.475554,137.441746,141.865077,139.052557,135.263531,138.408053,141.588475,134.323824,139.675161]},"run_times":{"1.17":[4793.758818,4791.552664,4792.03822,4791.023907,4790.929107,4795.222002,4791.348686,4790.473893,4792.224299,4790.738203],"1.18":[4796.931577,4797.212045,4796.421986,4795.128174,4796.021574,4795.953774,4795.463471,4799.174147,4795.668617,4795.766308],"1.19beta1":[4795.538633,4795.147504,4796.045087,4797.871014,4795.952288,4794.995383,4795.746603,4803.664704,4796.107602,4797.794431],"1.19rc1":[4791.434729,4791.385584,4791.841667,4799.708971,4792.690547,4791.360719,4791.500384,4790.830735,4791.653659,4793.216421],"1.19rc2":[4793.289392,4797.146731,4794.649852,4794.258827,4791.427182,4790.786197,4791.827617,4791.02012,4791.184726,4791.136904],"gotip":[4797.362374,4794.995044,4796.153741,4795.987804,4798.056042,4795.326023,4795.687739,4795.959721,4796.049826,4796.405401]}},"MergeSort":{"name":"MergeSort","build_times":{"1.17":[126.810378,123.659556,126.567576,128.262788,128.776092,125.474468,122.74855,123.631456,128.62909,126.035172],"1.18":[123.947865,135.621996,132.804475,129.479751,134.81169,127.483136,128.485144,130.193856,129.771653,130.966862],"1.19beta1":[271.572673,272.540281,282.170365,265.785722,278.007628,271.492471,272.845684,271.850875,270.473763,269.385753],"1.19rc1":[150.379015,155.508761,144.500331,158.848252,181.492246,149.462073,151.368389,150.30748,150.910682,151.467687],"1.19rc2":[147.201656,146.695253,148.140864,169.087528,143.598928,144.427335,151.823692,144.348034,148.128464,144.973239],"gotip":[156.491,153.530157,158.515695,153.758159,160.471809,159.682903,147.533412,160.022506,148.357118,146.031201]},"run_times":{"1.17":[5863.217782,5787.818029,5758.929252,5746.704383,5875.698434,5804.695915,5727.991088,5823.370921,5654.894184,5789.705557],"1.18":[5492.363238,5613.747649,5475.947162,5519.057198,5451.526557,5524.591063,5531.300425,5488.689545,5486.866271,5496.500313],"1.19beta1":[6795.285952,6859.301278,6839.336663,6729.719473,6751.269597,6742.898724,6782.717661,6812.54814,6819.269283,6742.962551],"1.19rc1":[6786.031468,6898.841504,6865.906515,6859.971169,6850.355233,6852.627698,6872.011468,6952.421156,6866.037768,6870.768113],"1.19rc2":[7213.177668,7239.942977,7039.668771,7062.662996,7220.715485,7687.811348,7670.903754,7423.14961,7516.769128,7494.43259],"gotip":[7388.747708,7378.567814,7480.715926,7494.197827,7419.050369,7263.768838,7243.204983,7308.149733,7262.119033,7299.269416]}},"Sort_Random":{"name":"Sort_Random","build_times":{"1.17":[149.158201,148.782098,148.275395,150.643911,143.944667,149.0129,146.930886,154.028134,152.808825,150.003807],"1.18":[164.083117,153.962836,156.215454,152.304523,154.245039,156.338255,152.531925,153.422031,150.862812,151.942718],"1.19beta1":[298.916382,300.703196,293.755547,292.79144,293.227843,293.220443,301.014598,289.86722,292.100335,293.528246],"1.19rc1":[170.361428,168.337114,178.23678,175.640563,172.882644,166.996806,169.510322,173.961952,170.509429,172.897245],"1.19rc2":[158.766475,161.042292,159.099478,155.693952,154.733245,155.159053,154.53737,155.239176,162.062327,157.805395],"gotip":[158.562517,160.237527,153.122582,154.412991,153.622485,155.9795,150.439065,156.486504,166.283966,157.247508]},"run_times":{"1.17":[6085.863045,6095.291683,6086.659032,6069.950686,6081.511637,6070.058748,6073.020018,6071.912842,6087.330323,6087.979279],"1.18":[5978.409729,5977.73586,5983.032561,5993.614502,5976.097876,5977.129856,5975.008228,6004.00726,5976.218519,5978.516665],"1.19beta1":[5932.971406,5943.367333,5940.728713,5933.038464,5940.717827,5944.314367,5941.982988,5942.411274,5932.200925,5938.086122],"1.19rc1":[5944.19401,5938.657167,5934.555824,5924.966283,5945.09243,5947.202257,5936.472937,5945.809791,5941.127334,5955.15658],"1.19rc2":[5934.253239,5931.954831,5933.854215,5935.399047,5939.04536,5933.691557,5936.233295,5935.105785,5937.38174,5932.126476],"gotip":[5947.369818,5939.774206,5932.459752,5948.140275,5921.501578,5950.129527,5944.221783,5936.519971,5932.696132,5929.020053]}},"Sort_Reversed":{"name":"Sort_Reversed","build_times":{"1.17":[139.351646,137.656633,146.448999,150.835932,139.131444,140.373954,135.289815,138.869843,139.542047,145.006789],"1.18":[145.538041,142.62892,143.733828,143.760828,139.623898,140.372204,141.19561,140.461405,140.332803,141.473509],"1.19beta1":[293.152258,293.578661,282.910082,283.860289,284.473794,281.746074,279.219755,285.120599,282.63398,280.310963],"1.19rc1":[158.66482,157.880013,159.261326,163.43406,161.330342,158.61812,155.511294,159.80343,162.674453,159.986732],"1.19rc2":[150.316351,147.562728,150.311351,144.879184,146.673568,148.28298,146.847169,148.22938,143.830245,145.456158],"gotip":[147.172772,145.586559,153.398921,149.983194,147.198072,149.468689,148.517283,147.03127,148.487982,147.793977]},"run_times":{"1.17":[3653.449524,3627.662482,3628.75182,3630.964536,3636.642101,3637.480016,3643.673667,3643.514766,3641.288077,3642.72845],"1.18":[3546.014823,3546.6885,3542.432134,3544.153805,3546.897988,3541.956318,3543.88847,3542.271016,3547.237752,3542.211667],"1.19beta1":[392.328187,396.64902,394.846006,393.399796,392.79526,400.680234,397.288606,395.051787,395.117888,394.16548],"1.19rc1":[361.669709,361.913311,361.536308,361.134904,362.001812,361.215706,362.223514,360.999304,361.151005,360.871803],"1.19rc2":[361.149975,360.903273,474.766679,474.775879,474.656578,360.974273,361.175975,361.201076,361.139174,360.944673],"gotip":[391.159014,394.735142,391.021013,475.125169,397.237976,396.018866,393.531648,391.971638,391.820436,395.999867]}},"TimeAfterFunc":{"name":"TimeAfterFunc","build_times":{"1.17":[152.216399,143.757426,146.739952,144.204131,142.658017,143.080221,144.09153,142.200313,141.699309,140.487226],"1.18":[339.551044,149.911655,148.77523,154.445561,149.433419,146.513196,148.686413,150.982332,148.686913,153.544053],"1.19beta1":[1014.904678,287.725319,278.469844,283.224383,277.406035,279.515978,281.236082,279.734267,295.613024,281.98299],"1.19rc1":[432.986741,161.49122,161.32262,161.538321,159.468705,159.888109,161.200318,160.04201,164.455143,161.316519],"1.19rc2":[435.272407,162.41961,155.075864,158.310085,156.698075,148.01762,156.965477,150.911738,151.697644,153.881857],"gotip":[317.981623,153.420869,154.629978,159.991619,156.396591,153.102167,148.712333,153.212167,153.874372,150.965651]},"run_times":{"1.17":[6753.682462,5392.59411,5438.952918,3753.060652,4812.537923,4960.949647,3568.497077,3537.152097,5294.327857,3865.52777],"1.18":[5734.568193,5277.474512,5351.228319,3392.011145,4635.308119,3237.890176,3995.346272,3959.570081,4495.810079,4494.433019],"1.19beta1":[3793.633232,3893.862138,4306.534731,4414.408246,4970.092327,5107.02878,4903.347073,5060.664499,5019.005567,4977.760571],"1.19rc1":[4993.486744,5085.446577,5523.998391,4285.44745,4933.991145,4580.787149,5507.031692,5617.60067,5097.199325,4981.333495],"1.19rc2":[4763.063985,4014.429472,4476.963174,5172.954897,4654.216663,4720.31217,3969.708928,4459.895161,4423.290268,5306.491273],"gotip":[4620.367418,4047.03566,5037.378963,4488.291572,4802.225018,4873.166769,4524.812484,5257.302758,3926.714303,4129.804516]}},"alloc_1.5k":{"name":"alloc_1.5k","build_times":{"1.17":[286.878108,125.035419,141.360339,125.099519,120.200784,121.725294,124.657217,121.325192,118.658072,118.560971],