{"Fibonacci":{"name":"Fibonacci","build_times":{"1.17":[127.401733,120.058799,125.971407,128.851759,126.907724,124.295776,126.828522,122.543444,124.152074,123.99597],"1.18":[162.116749,159.616203,174.502775,176.074603,159.799408,163.784779,168.258862,172.772043,162.817262,159.202096],"1.19beta1":[269.121958,280.948177,276.641996,273.207734,270.248179,277.256908,273.803544,275.346573,270.018775,276.22909],"1.19rc1":[154.318506,149.770394,151.185498,154.427907,151.364198,160.319422,150.708396,151.8473,147.852189,153.428804],"1.19rc2":[146.237388,152.78265,160.987929,153.730059,157.104891,143.725565,144.121868,145.577282,147.157097,149.688421],"gotip":[140.552422,140.590923,146.14229,141.734837,139.534609,144.762474,140.950527,146.070489,141.377232,143.275956]},"run_times":{"1.17":[3901.390345,3902.318757,3903.264726,3902.324887,3901.365446,3902.25182,3901.324379,3903.36054,3900.993396,3902.288894],"1.18":[4011.002951,4016.689338,4021.386859,4014.933354,4011.685487,4012.02794,4014.381375,4011.913245,4012.087339,4010.814093],"1.19beta1":[4011.783316,4012.877142,4011.281615,4014.172017,4012.447933,4013.456939,4011.38939,4011.821127,4012.847317,4012.607602],"1.19rc1":[3904.250082,3903.122207,3901.272727,3901.20395,3901.590757,3900.428851,3903.683083,3901.550256,3904.766408,3904.689434],"1.19rc2":[3908.774681,3904.609673,3905.199033,3905.772757,3906.240198,3904.060207,3907.401452,3904.546955,3906.604258,3906.718064],"gotip":[3900.879392,3902.532477,3900.856859,3901.787605,3902.288376,3901.002525,3901.013824,3902.840272,3901.495787,3901.777342]}},"Garbage_Collection":{"name":"Garbage_Collection","build_times":{"1.17":[139.634133,134.273764,134.319364,128.973093,157.513969,143.503484,130.497914,131.264824,134.277163,131.034521],"1.18":[146.563246,141.983362,146.330942,135.343837,133.573204,141.665355,145.735231,139.660818,140.082425,143.578691],"1.19beta1":[282.540543,281.566624,281.362021,283.990865,277.198534,279.834383,280.052987,282.891539,278.848665,281.780519],"1.19rc1":[153.861622,155.551954,146.454187,154.759639,148.049816,154.30983,151.608482,152.355395,156.273266,150.217056],"1.19rc2":[150.684178,146.576202,154.022439,140.435789,147.399218,146.833506,142.865134,152.882618,146.596603,145.196276],"gotip":[144.297352,145.400373,141.897908,147.086103,148.032621,147.093303,140.529983,142.363916,142.649722,148.966838]},"run_times":{"1.17":[5888.438338,5717.840454,5688.790559,5666.336252,5637.850233,5685.996034,5659.875689,5968.523346,5694.915857,5780.573708],"1.18":[5727.217193,5664.49482,5693.935301,5688.695749,5664.873382,5667.739288,5687.459944,5690.509646,5738.10777,5690.696792],"1.19beta1":[5628.868952,5597.556935,5621.017678,5610.366627,5599.357538,5591.967242,5626.543839,5595.38683,5604.803288,5456.171404],"1.19rc1":[5605.854243,5601.67158,5604.958374,5601.028855,5612.143689,5614.105484,5614.438473,5639.990446,5585.498321,5573.177048],"1.19rc2":[5602.875717,5607.189197,5579.098618,5578.826747,5616.314392,5632.307777,5601.690883,5447.347622,5633.640544,5591.675189],"gotip":[5573.279791,5555.900683,5537.325409,5550.90841,5544.263345,5554.62826,5526.767123,5549.157359,5604.112513,5509.147653]}},"Goroutine_Creation":{"name":"Goroutine_Creation","build_times":{"1.17":[139.31535,135.883488,139.843859,157.231678,136.557299,141.804796,138.805241,135.329677,136.932906,136.662202],"1.18":[143.490742,144.48526,183.113471,153.20632,142.554624,143.792847,147.368713,142.35462,144.376657,145.528379],"1.19beta1":[282.839907,283.292115,281.360581,282.903608,283.089812,280.441463,278.691932,278.041119,284.11033,280.238159],"1.19rc1":[155.240447,150.825366,152.599698,149.011833,155.748756,148.34672,153.602216,150.869566,154.88974,150.076152],"1.19rc2":[154.184941,148.759641,151.870499,153.415727,147.727423,148.332833,146.180694,147.897525,146.293096,150.736678],"gotip":[144.724962,153.203219,152.275801,146.505596,145.418376,145.917185,149.235246,149.111244,148.111826,141.982212]},"run_times":{"1.17":[8922.250685,8921.925896,8882.165856,8882.789129,8877.642732,8910.220434,8908.403593,8877.249921,8878.693331,8887.784873],"1.18":[5216.425919,5146.799625,5268.324258,5260.750329,5224.338203,5164.879943,5189.740561,5169.144474,5150.868431,5175.834994],"1.19beta1":[5258.540415,5249.288034,5213.872935,5375.249201,5328.792073,5233.591786,5310.465824,5255.758213,5230.530315,5245.525115],"1.19rc1":[8771.694158,8773.518298,8753.963397,8824.409554,8838.692495,8925.018653,8901.708298,8846.549803,8798.401738,8760.867349],"1.19rc2":[8810.688583,8773.740675,8802.786039,8800.288552,8737.746895,8764.624558,8814.505237,8775.242924,8821.241149,8833.627832],"gotip":[8846.02467,8787.963055,8811.081091,8790.427916,8810.122213,8871.505686,8832.751512,8827.727518,8801.426161,8837.268871]}},"MergeSort":{"name":"MergeSort","build_times":{"1.17":[140.44628,138.602846,132.059426,128.49166,125.524906,134.039162,128.137654,131.010107,128.269956,134.831477],"1.18":[136.113303,141.162995,142.282616,134.713177,139.478464,141.467001,131.435017,138.395345,140.621486,132.462135],"1.19beta1":[286.637799,296.140021,294.306298,281.466632,284.819375,279.373205,281.461532,283.782962,277.902286,280.169215],"1.19rc1":[154.403207,156.445235,156.789539,157.611551,154.817213,156.007429,157.269546,152.986087,156.297633,156.203332],"1.19rc2":[151.761797,152.958218,163.25251,153.607738,152.492417,156.963099,159.544148,158.495727,149.253158,153.039227],"gotip":[148.618906,149.628124,145.988658,143.570714,145.248844,144.109624,145.55225,144.345528,151.981267,148.083996]},"run_times":{"1.17":[5922.470483,6194.187443,5940.44646,6040.255204,5983.703161,5896.072856,6002.448717,5940.010708,5895.176764,5967.291714],"1.18":[5781.61149,5789.912126,5772.77786,5849.231739,5752.715715,5853.239918,5911.82315,5914.184327,5891.621705,5828.907271],"1.19beta1":[7282.452405,7287.900563,7276.263143,7315.709347,7263.04022,7217.253974,7214.364002,7285.697323,7251.267764,7269.024033],"1.19rc1":[7364.42072,7426.893351,7312.189821,7138.572984,7167.518438,7292.242453,7148.662242,7205.679118,7328.478108,7446.132194],"1.19rc2":[7600.062493,7639.054703,7655.426765,7617.306774,7663.229211,7649.163005,7588.592405,7506.420583,7649.12132,7576.053863],"gotip":[7581.422544,7604.578056,7612.936524,7513.257706,7573.811557,7589.868275,7615.144347,7583.554602,7547.105458,7611.316383]}},"Sort_Random":{"name":"Sort_Random","build_times":{"1.17":[153.216021,150.580673,143.804649,148.208729,151.49149,143.512943,146.668801,145.650582,149.420152,146.199392],"1.18":[161.243054,166.373948,157.803291,154.142224,152.185588,152.980303,151.150769,154.853637,154.559332,154.089523],"1.19beta1":[290.418034,293.378489,292.665775,291.551955,297.287361,290.782441,300.398717,296.773351,294.158903,296.142939],"1.19rc1":[164.036292,176.162712,177.136631,168.192467,170.649312,168.601375,165.342515,166.283333,164.637703,164.946808],"1.19rc2":[163.121297,154.435737,162.151078,158.344009,160.953857,152.4226,155.180751,155.19305,149.602649,157.393291],"gotip":[151.718387,154.874244,152.669605,154.573439,152.110695,152.400399,152.500701,150.78717,152.477901,151.86879]},"run_times":{"1.17":[5010.741774,5013.420438,5011.718028,5012.006768,5010.888779,5013.895962,5012.58241,5011.045093,5014.258565,5012.316105],"1.18":[5027.669048,5029.057403,5031.015725,5026.890814,5031.392163,5031.627542,5035.259534,5030.513177,5027.933246,5032.172133],"1.19beta1":[5022.025341,5023.563808,5025.752849,5022.756894,5022.199228,5024.551556,5025.386462,5021.464904,5023.159926,5024.814337],"1.19rc1":[5090.720614,5106.249679,5099.554687,5096.329189,5106.107465,5101.618501,5091.204325,5108.315656,5104.39914,5104.372333],"1.19rc2":[5069.676951,5069.278611,5073.339174,5069.685196,5068.970734,5069.346524,5074.111171,5072.320536,5071.50881,5069.996032],"gotip":[5086.383452,5081.193782,5081.056524,5083.72267,5081.899087,5084.313073,5081.566386,5088.332796,5084.988594,5085.083505]}},"Sort_Reversed":{"name":"Sort_Reversed",