{"CGO_CALL_C_FUNC":{"name":"CGO_CALL_C_FUNC","build_times":{"1.18":[635.433418,566.666608,564.555476,562.884772,556.440768,577.151365,563.833831,562.323736,553.959235,553.207731],"1.19":[600.655285,592.389916,598.492387,600.510827,592.022885,586.637956,574.41351,576.091011,580.890705,588.541873],"1.20":[492.960423,492.886017,499.521608,497.573527,505.208991,499.808336,493.773751,491.17122,491.845475,504.12182],"gotip":[557.685274,545.5467,547.837808,542.605974,537.306553,541.83554,548.311833,566.729739,536.835453,537.017431]},"run_times":{"1.18":[4227.116801,4375.368981,4220.352383,4404.13179,4309.92211,4371.559915,4303.737787,4228.498228,4359.943801,4221.676255],"1.19":[4270.797321,4487.956724,4247.153627,4425.574477,4256.407257,4372.679687,4253.270383,4378.243029,4254.506336,4348.183019],"1.20":[4261.988059,4409.015403,4265.266812,4419.880723,4436.02737,4438.071536,4268.678529,4265.774527,4269.315109,4265.29541],"gotip":[4270.323191,4449.815555,4276.643868,4359.372718,4273.752991,4279.717123,4466.937072,4273.89858,4269.759872,4279.424095]}},"Fibonacci":{"name":"Fibonacci","build_times":{"1.18":[225.982216,132.881448,140.665255,148.543167,138.593046,140.175329,133.11396,141.052531,131.603774,138.994766],"1.19":[132.828852,129.352967,135.788009,123.718668,130.789643,133.994313,136.449944,128.405117,132.170717,131.257668],"1.20":[141.802374,146.18502,130.64358,146.872868,135.638444,130.215319,138.764,130.01098,135.483892,135.275103],"gotip":[132.35706,129.514511,125.947354,125.867893,129.944858,130.528541,135.344348,132.497254,133.869141,134.556896]},"run_times":{"1.18":[4991.941944,4814.147864,4835.081641,5013.681276,5023.803905,4815.114671,5049.750854,4812.559248,5011.684838,4815.008349],"1.19":[4678.667042,4851.848571,4841.941993,4831.411306,4683.784407,4856.363322,4679.69424,4679.930457,4682.978614,4854.916981],"1.20":[4736.262044,4698.086646,4977.338715,4705.45711,4883.232104,4681.089894,4698.676234,4853.829206,4688.205164,4887.552604],"gotip":[5093.440262,5091.750021,5287.974933,5090.553168,5266.748773,5092.327541,5269.700082,5248.2346,5270.017671,5275.648288]}},"Garbage_Collection":{"name":"Garbage_Collection","build_times":{"1.18":[203.681958,167.886532,146.970207,147.357362,151.543585,149.723888,151.491382,146.052691,143.834973,151.771697],"1.19":[129.937508,130.017513,125.657277,144.941517,124.818032,138.480069,132.106325,144.266681,127.151258,137.616923],"1.20":[145.571807,139.075948,147.570771,135.218785,137.820312,136.055175,138.275694,143.940495,140.814893,133.259288],"gotip":[131.449175,136.883125,130.126658,135.606022,134.569576,136.234173,131.833825,127.334861,132.591485,141.678851]},"run_times":{"1.18":[6883.584361,6879.794513,6820.572511,6837.798172,6916.474885,6954.346187,6854.408782,6829.863799,6947.090695,6964.628049],"1.19":[6719.170453,6770.455463,6763.438793,6630.994727,6657.65728,6677.752007,6691.937979,6640.093181,6775.040564,6795.872483],"1.20":[7477.129673,7444.246436,7544.993487,7624.448044,7489.971824,7509.753098,7539.252693,7467.031467,7560.972784,7572.644011],"gotip":[8015.917082,7964.26907,7896.7656,8022.47842,7878.695694,7990.066768,8129.68911,8070.214592,7970.384772,7882.9394]}},"Goroutine_Creation":{"name":"Goroutine_Creation","build_times":{"1.18":[222.745126,161.314443,146.661314,172.520379,163.664377,151.885509,162.605617,155.966227,154.95287,148.925129],"1.19":[128.857488,136.699026,129.119802,136.24172,142.353012,142.968541,136.424429,136.461431,136.482431,130.235232],"1.20":[132.709822,134.981584,142.548558,138.025131,139.807899,141.291785,146.498295,147.627376,140.807002,136.920396],"gotip":[137.211801,133.605368,128.273571,145.694209,153.014322,139.191493,138.835239,137.606509,139.35344,133.540581]},"run_times":{"1.18":[6113.754526,6049.274425,6032.590632,6009.100333,5996.360578,6136.930713,6025.922915,6137.416037,6137.690963,6014.997522],"1.19":[10666.209642,10687.659842,10535.659504,10401.272327,10413.992004,10453.189614,10361.309494,10417.580221,10320.383057,10386.879102],"1.20":[10417.815982,10506.567708,10372.566229,10485.457041,10552.632835,10485.369086,10411.508251,10470.552408,10400.853468,10401.030407],"gotip":[6265.913574,6354.419401,6366.737001,6280.693043,6235.921678,6270.83069,6219.606907,6220.653812,6310.132549,6303.069502]}},"MergeSort":{"name":"MergeSort","build_times":{"1.18":[148.412246,134.289895,142.737804,139.250194,140.51757,139.867831,142.197472,143.784867,148.658361,145.632579],"1.19":[134.000139,137.500831,128.763152,137.912953,129.753174,135.361633,133.286411,133.179404,139.672848,138.223262],"1.20":[136.798689,144.34461,135.590641,152.336361,139.194711,139.832299,145.194648,137.786414,132.866213,147.288889],"gotip":[133.541777,140.182777,132.384222,137.907811,142.497678,135.471118,134.453876,136.594588,133.591329,136.083192]},"run_times":{"1.18":[6810.900742,6970.970811,6902.882738,6909.860132,6890.808114,6864.868056,6910.420046,6878.820367,6968.424811,6924.46458],"1.19":[8863.272862,8883.141868,8846.559947,9168.387686,8904.425502,8942.901456,8814.250539,8808.041147,8758.11066,8828.507733],"1.20":[10303.721459,10149.845377,10170.598594,10054.163777,10605.797439,10292.796106,10182.215676,10075.418102,10090.582423,10504.850178],"gotip":[10731.533581,10636.248175,10610.315003,10760.429264,10538.003071,10785.729658,10758.011746,10482.558392,10956.744623,10624.004603]}},"Sort_Random":{"name":"Sort_Random","build_times":{"1.18":[164.014348,168.89719,172.310371,164.545722,162.377396,159.474628,159.465928,157.713326,168.597056,158.061046],"1.19":[134.622554,142.029565,136.584163,139.500424,145.738569,133.288617,141.049149,143.95461,140.144998,137.320741],"1.20":[155.61731,150.120735,151.025611,145.024155,149.036358,140.362225,143.520895,150.530263,142.447667,155.089459],"gotip":[149.251261,156.731054,156.494342,142.452164,150.336136,148.477692,143.084943,150.220293,152.321838,138.81505]},"run_times":{"1.18":[6248.495142,6032.152722,6244.937071,6252.383788,6033.817819,6148.827482,6029.416475,6027.722781,6035.508484,6235.588469],"1.19":[6191.349685,6099.379235,6106.19778,6225.874611,6097.726989,6105.05242,6257.297184,6099.817334,6101.581039,6313.992012],"1.20":[6095.505761,6094.915915,6128.74806,6315.371282,6097.448684,6094.980163,6347.984542,6121.790044,6091.848197,6094.919278],"gotip":[6397.24966,6243.513399,6526.726407,6245.871176,6467.308308,6350.533014,6451.589868,6239.100379,6237.925639,6504.923122]}},"Sort_Reversed":{"name":"Sort_Reversed","build_times":{"1.18":[191.40674,148.740577,148.876086,160.760884,161.276124,147.961255,148.34228,144.382622,156.745528,148.972921],"1.19":[128.410279,146.390481,132.971458,133.551992,133.116764,132.833645,140.015918,134.259739,128.35325,125.348952],"1.20":[134.918891,142.30873,133.518798,136.266741,139.318255,155.894233,147.413415,133.319643,158.982681,137.972461],"gotip":[136.298107,126.246843,133.97625,131.824844,136.924966,134.731638,130.403881,137.414225,135.733583,131.35295]},"run_times":{"1.18":[4304.252967,4292.488251,4465.674336,4469.44999,4448.426483,4295.605228,4291.421797,4293.870427,4293.120493,4465.049739],"1.19":[453.504257,444.558669,455.486287,456.58736,445.111404,446.769114,464.475179,447.785381,443.67631,458.023024],"1.20":[442.82553,443.755482,455.589757,446.796656,445.010554,460.55004,444.071601,460.846257,447.075972,462.651259],"gotip":[461.806237,488.293379,478.006319,475.933706,480.880676,450.903744,460.264053,453.41458,460.254553,466.972918]}},"TimeAfterFunc":{"name":"TimeAfterFunc","build_times":{"1.18":[171.205314,178.893729,175.968971,166.985688,171.647639,173.012612,161.131172,166.993987,159.800101,171.31302],"1.19":[261.468176,153.767319,150.05242,143.145951,138.342194,141.271051,142.810933,151.35579,153.637211,153.395099],"1.20":[185.957056,153.798329,160.572026,154.387014,154.655272,155.054008,146.633119,152.070607,153.772998,152.07176],"gotip":[153.341344,148.007417,148.401216,143.274792,144.579782,150.714781,148.712898,162.232562,151.189694,158.725535]},