{"Fibonacci":{"name":"Fibonacci","build_times":{"1.17":[154.468754,141.729101,138.186458,143.868826,151.821222,136.735941,141.208594,142.423509,146.111054,145.528646],"1.18":[156.214968,146.114246,168.884019,147.900769,139.489767,149.128783,143.687318,145.996845,151.761515,165.496878],"1.19beta1":[344.485498,330.130641,316.414689,319.787326,327.933616,306.396779,317.133897,315.917284,310.262521,322.148852],"1.19rc1":[174.811864,182.209042,168.8368,164.745056,166.459675,162.136229,167.652087,168.109892,179.370612,195.275082],"1.19rc2":[168.607745,168.984549,162.704781,171.098272,162.528478,155.036197,167.764936,164.5277,158.460334,162.838082],"gotip":[171.1388,160.72769,156.989051,160.546489,166.42825,156.985251,166.120747,163.772323,155.069431,159.438977]},"run_times":{"1.17":[4391.689563,4440.910137,4425.098764,4405.778505,4542.468515,4523.463901,4440.16981,4426.210453,4556.482741,4563.174853],"1.18":[4396.245198,4414.874577,4436.291776,4425.105466,4534.537002,4500.833161,4421.932919,4435.154761,4402.379389,4396.619447],"1.19beta1":[4499.303614,4609.720134,4429.884493,4643.130777,4374.697374,4455.896971,4477.046793,4412.633381,4418.79593,4410.467092],"1.19rc1":[4446.083399,4449.812179,4377.561623,4447.120678,4465.995789,4422.187327,4486.403304,4412.358652,4508.69497,4446.730057],"1.19rc2":[4450.441784,4365.087844,4416.377145,4651.701339,4489.397747,4510.123343,4571.317133,4426.524782,4392.528656,4419.905789],"gotip":[4375.428382,4467.962765,4466.582058,4422.663486,4413.189298,4454.077512,4400.87874,4506.482272,4449.035543,4514.189953]}},"Goroutine_Creation":{"name":"Goroutine_Creation","build_times":{"1.17":[152.900494,170.878481,155.733023,160.168369,167.891649,161.759286,165.114221,157.211038,147.70034,163.095299],"1.18":[163.572479,177.40092,191.216263,208.928445,209.686152,177.133518,180.570053,171.606961,186.579415,172.270127],"1.19beta1":[345.088875,402.006064,347.119796,339.487416,328.721005,331.345233,346.151685,324.929266,315.551869,316.509878],"1.19rc1":[178.705273,172.914012,164.677626,221.151017,232.754539,222.452732,228.08329,191.023202,179.608182,171.942302],"1.19rc2":[186.39885,227.780083,184.589431,175.731538,163.47031,160.146976,165.496031,165.616432,162.825104,164.662822],"gotip":[169.807759,173.818902,162.373082,167.01113,170.402966,162.424583,160.777566,150.374259,171.142473,186.752935]},"run_times":{"1.17":[5876.004683,5884.820832,5844.533462,5879.782048,5814.199227,5730.647474,5635.058316,5678.743726,5696.502047,6140.685829],"1.18":[6070.605603,5637.054385,5612.139626,5657.887029,5707.065744,5603.078994,5516.415671,5528.320403,5651.356104,5748.909367],"1.19beta1":[5743.553735,5596.680476,5661.161818,5822.416037,5684.442524,5642.995216,5630.706704,5731.95818,5934.217197,5815.615717],"1.19rc1":[5749.086971,5675.866576,5886.306129,5835.78691,5836.633283,5687.338303,5737.674288,5653.650722,5718.070314,5701.579237],"1.19rc2":[5775.417543,5783.816142,5622.643052,5655.335221,5759.640418,5647.480127,5620.41822,5622.763603,5618.897407,5699.039016],"gotip":[5940.448868,5846.15549,5808.311075,5774.65578,5752.920277,5711.329227,5683.957245,5634.793548,5685.718735,5842.304279]}},"MergeSort":{"name":"MergeSort","build_times":{"1.17":[162.268127,143.583839,153.374038,154.957854,146.466169,140.906412,146.344568,157.052374,157.100575,167.358285],"1.18":[157.123986,175.41497,172.521741,154.53626,157.383888,166.546481,157.311588,154.464459,175.263869,169.26781],"1.19beta1":[323.828267,333.140561,353.980371,319.500023,330.390033,318.408413,314.907677,318.370112,314.696075,317.501003],"1.19rc1":[182.375896,185.649029,183.178404,182.013091,179.055161,190.47348,175.614425,187.405947,182.346495,181.430086],"1.19rc2":[192.165175,178.322504,169.9693,182.730459,186.756608,162.150904,164.138229,164.20593,173.12914,171.649721],"gotip":[164.804766,174.461974,170.410129,168.893411,165.23037,163.598751,162.261337,167.8555,160.441315,159.622407]},"run_times":{"1.17":[7229.478206,6856.466688,6841.665413,6956.480729,7074.557168,6915.025838,7018.376349,6953.223105,7402.229626,7150.661565],"1.18":[6810.133605,6635.041961,6692.819691,6783.069435,6692.088526,6757.393695,6749.992142,6751.715798,6576.557559,6663.506549],"1.19beta1":[8543.148429,8658.197701,8553.900192,8384.261125,8471.466081,8397.993978,8269.17719,8601.45959,8431.438299,8381.204604],"1.19rc1":[8358.328709,8361.169448,8294.963545,8562.197387,8915.675288,8765.399254,8475.642293,8573.99465,8398.189602,8410.860466],"1.19rc2":[8741.451199,8896.474288,8724.543681,8650.75017,8749.25489,8889.68544,8915.383484,9078.805196,9071.656479,8871.925395],"gotip":[8797.613524,8792.239922,8714.588755,8764.485725,8767.58134,8705.458167,8544.245322,8898.475246,9007.624594,8897.3047]}},"Sort_Random":{"name":"Sort_Random","build_times":{"1.17":[169.837088,173.717027,166.885258,173.172221,166.107051,170.365193,159.232083,157.797168,178.336372,162.560116],"1.18":[205.360621,218.713359,186.343424,199.600662,194.067904,192.654589,179.407653,176.640524,169.46455,172.137177],"1.19beta1":[328.97131,334.70167,371.343749,335.627079,329.525416,317.104487,337.123594,335.354677,338.719811,334.577568],"1.19rc1":[200.630688,201.062692,212.081107,196.878849,200.193285,195.784954,191.288506,214.756652,201.590614,188.736079],"1.19rc2":[195.296001,211.965173,188.075827,171.133954,204.175792,178.262027,183.649382,180.352149,186.35391,183.228577],"gotip":[185.844067,165.811766,170.851417,171.489223,170.705015,185.777367,183.10594,174.922257,176.840677,171.366222]},"run_times":{"1.17":[5390.854268,5404.421979,5499.068656,5483.007259,5393.336759,5508.955437,5764.655396,5576.840028,5629.630254,5503.586515],"1.18":[5470.496445,5443.495239,5476.818055,5521.879103,5583.67255,5412.189595,5396.423664,5399.864011,5502.731656,5420.331189],"1.19beta1":[5669.247328,5502.973265,5621.470463,5555.241037,5571.606102,5589.646572,5605.806818,5980.997846,5839.864556,5762.631171],"1.19rc1":[5851.420164,5504.689146,5476.33719,5504.560307,5530.518684,5548.937494,5563.727578,5543.945795,5506.378182,5649.382576],"1.19rc2":[5531.479283,5475.203299,5661.672922,5594.780301,5541.95855,5626.241567,5620.53832,5786.034244,5582.182457,5593.02193],"gotip":[5530.344702,5591.228391,5538.845443,5504.065397,5614.713834,5601.954341,5489.201721,5518.395182,5525.632171,5567.42345]}},"Sort_Reversed":{"name":"Sort_Reversed","build_times":{"1.17":[159.673133,170.515738,152.833667,161.239349,163.874474,157.363711,151.574055,146.629008,151.243953,143.966582],"1.18":[158.911432,155.510402,169.978932,178.511909,163.200971,166.947204,159.897142,164.355181,168.882222,164.517283],"1.19beta1":[315.5795,338.300024,317.645321,338.219923,318.182226,326.502908,312.884274,333.708679,320.857752,342.070761],"1.19rc1":[170.314048,177.721228,187.613136,201.177683,183.911096,182.030375,183.828695,209.358272,178.725939,180.125255],"1.19rc2":[178.583769,175.428087,164.585803,165.861637,168.2997,163.198867,170.992871,166.193445,160.502596,163.69538],"gotip":[162.800197,161.600785,173.422901,178.092647,167.782646,167.432042,165.730526,170.895839,166.470155,162.577615]},"run_times":{"1.17":[4361.090101,4192.827334,4303.603128,4204.774716,4257.946658,4238.675513,4293.802527,4298.991383,4312.197139,4366.020191],"1.18":[4198.079038,4143.676932,4209.30945,4250.508235,4139.992877,4170.546032,4173.107147,4152.036505,4181.927744,4124.194972],"1.19beta1":[406.07519,463.507654,420.216129,416.530739,437.078943,411.134061,411.86657,412.489576,416.50852,417.090326],"1.19rc1":[441.373789,435.819929,408.981738,425.281414,418.986146,411.91437,423.820499,414.321156,427.380474,420.622397],"1.19rc2":[435.761493,420.192186,412.514095,432.712845,409.84772,411.249234,409.028312,396.701491,401.343336,422.915849],"gotip":[424.080073,430.381639,418.058209,419.923929,412.699752,459.071642,408.844611,410.045724,445.730701,422.386654]}},"TimeAfterFunc":{"name":"TimeAfterFunc","build_times":{"1.17":[183.985324,164.820424,184.044825,179.227474,185.078436,189.057777,172.866408,176.411444,166.788445,170.469382],