{"CGO_CALL_C_FUNC":{"name":"CGO_CALL_C_FUNC","build_times":{"1.18":[543.044154,485.184084,473.052365,475.253086,482.658959,477.170435,476.54813,481.177566,476.341128,479.254251],"1.19":[518.84444,511.331347,498.811939,503.56748,512.990562,506.321004,507.353413,499.979049,500.456454,500.910557],"1.20":[422.031873,432.483568,428.149928,430.640716,423.893133,435.432702,436.419433,439.224563,433.521649,439.160463],"gotip":[473.959852,479.963322,474.869606,471.602597,476.000163,483.165504,469.383691,463.445421,466.238757,474.986386]},"run_times":{"1.18":[3517.195631,3519.498508,3514.699503,3517.667817,3517.380988,3516.375756,3519.090546,3519.578186,3520.535012,3513.047316],"1.19":[3541.26455,3541.006579,3540.95942,3540.28706,3546.361675,3543.492247,3543.61063,3542.357339,3542.917826,3542.796949],"1.20":[3553.4089,3555.569164,3555.288776,3554.78387,3554.719539,3553.181543,3554.017972,3558.981953,3551.39012,3552.460963],"gotip":[3533.780488,3529.92162,3536.344734,3545.504928,3535.630791,3533.014359,3535.499488,3535.123638,3533.606776,3532.186536]}},"Fibonacci":{"name":"Fibonacci","build_times":{"1.18":[129.279009,121.880497,121.779094,117.591617,117.529914,122.546995,117.862527,118.919364,123.476027,124.64787],"1.19":[142.772076,111.979947,113.667896,114.492519,115.920661,110.506204,113.685696,108.803155,108.142435,117.308802],"1.20":[127.922239,118.615138,117.816206,115.207584,120.212796,116.354352,124.128613,116.245959,113.794489,120.607551],"gotip":[112.612844,113.434107,123.30026,118.984655,124.106252,114.978913,119.747982,119.631336,113.80588,117.900451]},"run_times":{"1.18":[4017.122734,4013.175082,4014.908572,4012.678147,4012.682752,4014.685938,4011.687653,4011.609482,4012.623688,4013.199651],"1.19":[3903.014434,3905.741055,3904.944106,3904.458112,3911.934066,3902.789006,3903.640953,3900.937192,3908.397917,3902.08169],"1.20":[3913.803779,3927.347371,3903.047043,3931.028263,3901.600505,3901.437294,3905.416253,3911.494207,3902.682364,3922.271678],"gotip":[4244.844132,4245.623345,4244.357786,4245.279851,4247.880919,4245.081284,4248.032188,4246.235831,4246.132822,4244.653485]}},"Garbage_Collection":{"name":"Garbage_Collection","build_times":{"1.18":[133.300243,127.906914,131.250532,126.263904,127.514048,130.917865,125.775739,139.80891,130.839865,133.180577],"1.19":[118.188117,112.09359,116.118608,112.991294,111.830488,127.371656,119.918024,124.487844,113.908047,116.142026],"1.20":[122.472266,116.796513,119.461802,117.574485,115.753283,118.380285,119.403785,126.430408,122.58028,125.846385],"gotip":[115.219858,122.299547,123.36754,114.705002,117.694314,120.357045,116.683649,118.29762,123.866399,124.658777]},"run_times":{"1.18":[5820.969768,5783.901919,5815.257863,5761.804263,5789.127325,5755.619339,5776.438631,5763.118649,5761.52099,5719.593056],"1.19":[5631.1146,5638.923223,5591.783493,5570.405785,5576.945444,5565.266083,5564.085447,5575.310456,5573.851596,5588.843118],"1.20":[6320.056554,6217.010933,6274.693106,6270.77288,6206.58605,6255.424723,6186.196425,6358.04917,6216.090718,6218.287187],"gotip":[6598.740781,6589.500269,6562.450257,6582.106569,6579.175334,6599.34311,6563.256844,6665.821555,6569.81972,6616.420944]}},"Goroutine_Creation":{"name":"Goroutine_Creation","build_times":{"1.18":[146.025389,135.754884,141.502242,136.222268,139.509908,136.598073,128.143169,138.441696,133.591335,132.988728],"1.19":[119.574867,136.799836,111.67539,122.303994,122.341694,112.49737,127.130883,115.622694,114.044382,118.091013],"1.20":[131.045932,122.157928,126.93653,123.495772,127.823078,127.902742,122.678148,117.940376,121.325497,117.507146],"gotip":[123.551778,117.688647,132.296473,119.692388,115.310866,119.410312,121.687318,129.643946,124.85821,119.568072]},"run_times":{"1.18":[5374.916626,5315.686445,5374.784136,5334.902262,5376.830124,5382.850091,5303.941689,5442.092739,5353.751433,5332.519156],"1.19":[9080.411299,9128.527075,9155.092227,9093.579115,9076.550024,9064.953376,9085.623076,9061.861252,9098.227822,9113.987084],"1.20":[9148.146797,9137.8093,9098.927852,9124.207703,9109.660397,9053.681203,9066.806616,9084.818329,9071.299074,9160.587896],"gotip":[5688.783406,5720.366463,5618.831224,5544.002632,5486.590903,5519.847092,5534.840162,5513.382727,5543.884163,5535.594936]}},"MergeSort":{"name":"MergeSort","build_times":{"1.18":[134.243935,125.586775,123.956826,128.329388,124.557067,127.05493,127.056231,125.210284,120.762471,124.130056],"1.19":[154.643194,112.015911,119.872459,112.796126,111.543502,112.949129,115.849383,112.45842,123.191722,116.423995],"1.20":[123.049897,125.121836,125.038467,125.289502,121.62998,122.989851,123.317948,122.059186,120.432033,128.112514],"gotip":[120.456133,128.959834,124.504631,118.423815,125.200327,118.494089,119.657595,124.040394,124.54699,120.723032]},"run_times":{"1.18":[6012.560688,6097.721484,6050.049871,6054.728345,6001.924209,6137.101696,6061.77124,6058.388693,6003.296408,6018.782506],"1.19":[7721.558241,7748.315303,7695.200007,7593.662759,7676.973792,7699.572298,7671.792016,7692.654585,7741.090664,7816.226083],"1.20":[8825.416132,8893.802726,8826.266333,8848.006216,8747.718976,8821.195974,8817.381049,8790.247877,8844.188591,8753.303421],"gotip":[9118.198756,9165.578362,9152.056636,9080.678638,9201.770004,9128.232596,9177.402906,9055.46123,9081.015154,9167.722283]}},"Sort_Random":{"name":"Sort_Random","build_times":{"1.18":[145.851656,138.398413,143.466181,151.495807,148.034596,141.300473,154.408518,140.556471,137.023759,143.574781],"1.19":[142.301468,119.972095,124.51791,125.078112,121.370132,121.904758,129.586664,124.223403,124.375539,120.039946],"1.20":[131.710504,131.262005,131.366657,132.654448,132.6044,129.433999,140.583734,137.854939,128.845749,127.988661],"gotip":[137.273956,135.127575,137.866303,134.245838,133.862874,129.751322,145.094175,140.213178,144.267867,136.854505]},"run_times":{"1.18":[5027.199508,5025.842888,5029.202834,5029.669826,5032.323101,5029.806519,5027.170552,5029.257806,5031.720872,5031.195156],"1.19":[5085.211324,5086.399832,5086.037318,5085.849149,5084.148391,5082.136557,5085.278438,5082.689659,5095.77163,5085.160537],"1.20":[5083.744638,5080.442515,5083.924841,5081.985979,5079.88295,5085.376908,5083.762887,5081.441103,5080.098493,5082.566619],"gotip":[5134.811446,5136.730596,5132.025352,5135.683497,5133.862618,5135.145856,5132.49134,5133.012747,5134.826815,5131.864507]}},"Sort_Reversed":{"name":"Sort_Reversed","build_times":{"1.18":[138.990863,127.5177,136.504812,132.187983,130.797973,143.523859,131.359177,130.21287,135.906608,140.634939],"1.19":[155.845568,117.285131,116.995928,108.972136,118.702734,119.729013,120.91382,120.676619,117.110895,114.685178],"1.20":[125.873274,122.394258,128.428031,122.990564,130.210257,121.934191,117.861767,118.283665,127.064998,118.19507],"gotip":[119.984501,119.601796,121.018651,121.669411,121.467257,125.682152,115.139916,122.60822,121.450099,124.977223]},"run_times":{"1.18":[3578.949526,3574.984332,3577.275513,3575.017413,3576.286427,3576.961086,3574.846575,3575.059144,3579.551713,3575.763013],"1.19":[370.363413,370.351213,370.854924,370.470222,370.26022,369.777518,369.516916,373.183441,370.17282,370.922926],"1.20":[369.196955,369.799358,369.100255,369.787177,371.200864,369.831558,369.550857,369.863959,370.647261,370.24076],"gotip":[374.66916,373.988223,374.79288,374.24326,374.305562,374.951185,374.297162,374.834481,375.51967,376.821307]}},"TimeAfterFunc":{"name":"TimeAfterFunc","build_times":{"1.18":[154.806824,144.085497,148.274947,140.739731,147.064282,145.063666,146.337976,140.822132,152.031622,164.057819],"1.19":[217.223551,132.493112,132.394636,131.085874,135.213308,128.050949,120.021483,122.946607,133.459794,128.999157],"1.20":[136.167422,131.061383,133.030711,142.577211,132.324519,132.311766,135.432444,130.869565,135.172999,132.373887],"gotip":[141.617348,134.838196,134.549935,131.670411,136.946206,125.267738,138.945701,137.569686,131.655459,144.377088]},