{"Fibonacci":{"name":"Fibonacci","build_times":{"1.17":[128.854651,131.11718,136.661151,143.516839,127.110629,127.106328,132.713101,134.868628,131.321082,128.068341],"1.18":[132.974997,131.297674,147.344891,136.036438,134.64412,129.307647,131.867382,137.062352,135.109925,135.058525],"1.19beta1":[283.172131,287.007196,292.153183,281.348899,282.811869,283.336786,279.84704,281.38496,277.838613,282.219171]},"run_times":{"1.17":[3901.594988,3902.653545,3900.741826,3902.624929,3901.594888,3903.138147,3902.808526,3902.56362,3903.587093,3903.228228],"1.18":[4015.010052,4029.316174,4027.610248,4010.913537,4014.616964,4028.959844,4012.764343,4012.544969,4013.063055,4011.578647],"1.19beta1":[4011.77462,4012.902357,4013.256466,4012.269304,4020.352677,4015.747731,4014.003057,4012.814742,4014.371828,4013.088098]}},"MergeSort":{"name":"MergeSort","build_times":{"1.17":[134.01358,129.797824,135.5525,130.517033,133.516674,133.33497,138.945946,137.618928,137.230622,131.218843],"1.18":[140.889713,142.172931,141.376319,146.398387,139.610896,152.561572,142.971541,144.30966,142.233331,139.222691],"1.19beta1":[294.321036,284.106399,280.972958,287.993251,284.645307,285.493418,293.84463,290.304882,282.379676,288.365957]},"run_times":{"1.17":[6235.734731,6101.742263,6035.687872,6165.608123,6269.87849,6367.71327,6129.43108,6213.864423,6031.245731,6068.610475],"1.18":[6028.837004,6120.826486,6050.260189,6022.126647,6095.132847,6086.342989,5996.487646,5984.139625,6050.014371,6060.900199],"1.19beta1":[7601.35499,7611.71891,7547.635386,7558.710302,7600.755975,7385.950043,7516.195214,7585.84358,7662.016083,7733.726631]}},"Sort_Random":{"name":"Sort_Random","build_times":{"1.17":[156.47654,150.000955,159.522279,150.232594,148.103578,147.121764,147.783373,149.165492,149.667098,145.970449],"1.18":[156.384977,153.499538,166.570212,159.561719,151.851717,157.582692,152.939431,152.11542,154.786356,160.621133],"1.19beta1":[315.4005,300.3793,302.393827,317.398601,304.938581,306.960308,308.529829,299.169206,300.518124,304.395974]},"run_times":{"1.17":[5012.337221,5012.794143,5013.630357,5016.169108,5012.118262,5013.25572,5012.506954,5012.789025,5014.197658,5012.502052],"1.18":[5034.768705,5028.640403,5027.807728,5029.457136,5031.667997,5032.003611,5031.24831,5030.601865,5031.816844,5029.227271],"1.19beta1":[5026.54383,5019.850149,5019.356393,5023.583743,5023.593672,5025.156433,5026.750491,5024.262186,5021.341988,5023.328399]}},"Sort_Reversed":{"name":"Sort_Reversed","build_times":{"1.17":[137.87593,136.792915,143.786808,136.787916,143.467105,134.707988,136.877617,137.942732,142.941097,137.358924],"1.18":[144.826107,151.838403,158.08609,144.651205,201.287088,146.315327,146.263327,146.788033,142.903879,140.444246],"1.19beta1":[287.798299,291.763853,288.771412,285.659069,284.520755,285.612869,286.531182,284.488254,289.613923,293.301173]},"run_times":{"1.17":[3713.080232,3719.809084,3716.453377,3713.075479,3714.385993,3719.472366,3718.326748,3714.443002,3715.118523,3715.705586],"1.18":[3589.496329,3578.257935,3575.679625,3575.372022,3575.942957,3576.376365,3573.561917,3577.398353,3575.029348,3573.187024],"1.19beta1":[369.585007,369.312403,369.286603,370.191115,369.940112,369.350403,370.118614,369.488305,369.902411,370.133914]}},"TimeAfterFunc":{"name":"TimeAfterFunc","build_times":{"1.17":[143.694165,139.117804,140.918428,139.273305,142.737153,142.643652,142.268246,144.69698,145.638492,144.257474],"1.18":[200.297948,156.218829,161.92527,155.743525,161.888351,159.001228,159.661143,153.530804,156.186264,153.202996],"1.19beta1":[356.772594,291.137622,296.147582,297.297794,291.126522,290.841219,294.981768,291.598127,283.29013,282.037616]},"run_times":{"1.17":[4668.818693,5077.455362,4771.880663,5003.602845,4575.229598,4576.846089,5046.766661,4443.526644,5073.264615,4458.307244],"1.18":[5010.563585,5562.402102,5674.624052,4363.765722,4079.714491,5193.512124,4604.229976,4764.83083,4766.776789,4483.248165],"1.19beta1":[4519.810991,5378.816575,5436.503609,4433.585007,4810.781285,5301.04976,4791.934046,4489.941067,4997.311552,5483.33662]}},"alloc_1.5k":{"name":"alloc_1.5k","build_times":{"1.17":[131.309266,120.962227,128.398227,123.508561,124.753178,125.754292,125.031481,126.766105,126.761905,123.522062],"1.18":[149.290198,138.342352,143.765025,134.5074,139.992474,137.006435,159.426034,136.315025,132.654575,142.416195],"1.19beta1":[286.068612,294.141917,294.33902,281.821657,286.589119,283.225176,289.01045,281.201649,289.618758,283.353577]},"run_times":{"1.17":[3116.670361,3070.03556,3055.350666,3198.158668,3194.552622,3210.943252,3202.302156,3198.099873,3180.775457,3200.395898],"1.18":[4347.109355,4348.999467,4346.076076,4346.574169,4349.981123,4349.608479,4346.957509,4346.498914,4348.008468,4348.566458],"1.19beta1":[4345.976636,4348.485346,4348.073662,4348.400763,4347.648743,4346.823439,4350.816061,4345.878631,4345.904828,4349.599173]}},"regexp_Compile":{"name":"regexp_Compile","build_times":{"1.17":[220.981352,206.404457,166.425523,167.810242,179.799201,170.604979,166.764928,165.649413,160.97415,165.810815],"1.18":[218.057757,169.809925,176.384511,172.863865,177.498226,175.409398,172.847865,172.794101,176.648959,163.396182],"1.19beta1":[322.258744,314.498549,316.495073,312.367523,310.346498,312.569425,312.918316,317.18405,317.390852,310.47116]},"run_times":{"1.17":[1112.774664,1103.46834,1105.334165,1105.233439,1109.838042,1101.451731,1102.468445,1099.539707,1105.783788,1108.350822],"1.18":[1154.443816,1169.591118,1155.930636,1149.073045,1150.135158,1150.302961,1162.252684,1160.554403,1153.288514,1146.740734],"1.19beta1":[1163.67468,1154.635432,1155.670945,1156.74736,1154.887234,1151.845894,1162.184832,1153.734724,1149.198872,1153.53983]}},"regexp_FindAllString":{"name":"regexp_FindAllString","build_times":{"1.17":[172.457607,171.410293,169.998474,168.391652,167.44914,171.835199,165.425712,178.084483,174.575735,178.418786],"1.18":[174.31503,178.311082,174.694035,173.66582,176.803063,175.201441,181.311122,183.650554,180.707515,177.416171],"1.19beta1":[325.504149,321.153691,313.382288,321.212292,324.245332,319.010662,314.670805,323.077721,327.617582,310.023347]},"run_times":{"1.17":[2391.806693,2383.416113,2371.765793,2368.438049,2385.839698,2367.356261,2356.295913,2374.099851,2373.206318,2362.337165],"1.18":[2372.3226,2390.038949,2387.464714,2369.968081,2411.314547,2383.114474,2372.632133,2375.58416,2358.012908,2386.264385],"1.19beta1":[2276.153547,2267.300829,2260.927843,2276.536932,2244.873805,2259.835205,2257.914438,2248.440205,2259.183945,2256.714013]}},"switch_case":{"name":"switch_case","build_times":{"1.17":[255.764265,197.216272,206.423596,196.430961,207.599312,213.976199,203.315454,204.224469,203.609561,204.082368],"1.18":[274.073938,219.719896,210.870975,207.47913,205.021195,204.328687,204.493188,202.664264,207.059923,204.777493],"1.19beta1":[355.605804,362.56098,346.315444,362.027373,363.717697,360.253447,354.95627,353.130843,358.475621,357.560008]},"run_times":{"1.17":[5202.116856,5207.873373,5207.431848,5208.400939,5200.326953,5204.222032,5203.291966,5208.02115,5202.869999,5203.123612],"1.18":[5722.276763,5729.543904,5726.693866,5722.467903,5724.237472,5721.484396,5723.556129,5725.44374,5724.639419,5725.580679],"1.19beta1":[3272.32446,3272.986899,3271.23218,3272.885731,3273.409534,3271.852144,3276.52802,3276.602232,3275.592491,3273.109269]}}}