{"CGO_CALL_C_FUNC":{"name":"CGO_CALL_C_FUNC","build_times":{"1.18":[464.633814,457.87957,454.141134,456.124506,459.00911,451.051422,457.841167,457.848768,455.688128,452.612422],"1.19":[478.810867,472.121532,481.710275,482.278609,473.456807,476.930926,482.191806,480.222939,479.430211,480.614052],"1.20":[402.615981,410.194868,406.646664,411.052755,419.547153,408.604954,410.64215,407.544093,408.398124,411.06952],"gotip":[438.585444,445.305323,446.816788,446.453694,443.429319,444.365427,446.087199,452.059223,449.023482,444.906891]},"run_times":{"1.18":[3617.143244,4195.35456,3616.808665,3615.917739,3615.280329,3617.169796,3618.913776,3617.52798,3618.291006,3620.240233],"1.19":[3618.278984,3616.908216,3618.058522,3614.201864,3611.972245,3611.596143,3615.462671,3613.034269,3616.732172,3615.158036],"1.20":[3634.47128,3629.930547,3632.318366,3634.953975,3634.214415,3632.672393,3631.458995,3631.244266,3948.96262,3631.640476],"gotip":[3620.933262,3575.573301,3575.935561,3573.953977,3577.160854,3569.029341,3574.377437,3576.375164,3574.962032,3574.843867]}},"Fibonacci":{"name":"Fibonacci","build_times":{"1.18":[139.391638,112.900862,111.795306,109.133067,112.537744,110.92286,112.635749,112.951865,112.311132,108.553837],"1.19":[110.683119,123.629223,103.093206,107.760082,109.373613,104.01161,103.263595,104.507319,110.97945,103.696659],"1.20":[115.274394,108.121177,114.2931,111.771746,118.665946,108.621316,112.333741,107.892338,108.694192,108.252829],"gotip":[113.507291,113.32884,109.816124,109.496526,116.484219,117.819811,108.401973,118.329929,121.551594,108.745366]},"run_times":{"1.18":[4797.549709,4799.889779,4797.365209,4797.704491,4800.747181,4808.106433,4798.33384,4797.291922,4797.355497,4796.515643],"1.19":[4793.23127,4791.934821,4792.385255,4794.321297,4792.501546,4792.248827,4793.312797,4791.248601,4793.593448,4791.715394],"1.20":[4793.836781,4791.563125,4792.032718,4792.63464,4793.936532,4792.46391,4792.786499,4792.390158,4791.880854,4791.771451],"gotip":[5205.22152,5205.136681,5205.804093,5206.587576,5222.423394,5206.567032,5207.238358,5204.798912,5205.925663,5205.721718]}},"Garbage_Collection":{"name":"Garbage_Collection","build_times":{"1.18":[127.27244,119.995404,122.745493,117.393619,121.952967,123.114204,126.242907,125.635286,121.184742,121.990268],"1.19":[106.98844,110.974544,108.593062,112.606868,105.842454,109.904362,106.551607,106.686117,109.162205,115.717305],"1.20":[114.210606,108.991183,107.315327,112.090721,119.503338,116.809316,118.344029,113.679909,112.656179,113.12073],"gotip":[119.0109,116.38681,118.103723,116.765788,116.41422,115.306808,116.874521,114.390485,110.14202,106.908601]},"run_times":{"1.18":[5173.9382,5188.993609,5193.97829,5186.087883,5178.254181,5200.140883,5189.803312,5179.854001,5219.647149,5217.154892],"1.19":[5221.206587,5178.7506,5182.429989,5179.275469,5197.052512,5228.95637,5187.638517,5185.192379,5219.704943,5209.122491],"1.20":[6094.571136,6108.532089,6105.795874,6083.346457,6079.927167,6077.76725,6083.039287,6214.843855,6093.197879,6309.747034],"gotip":[6353.132509,6395.829603,6373.265409,6369.618639,6343.902608,6357.39662,6320.421208,6336.652168,6319.223739,6318.042289]}},"Goroutine_Creation":{"name":"Goroutine_Creation","build_times":{"1.18":[126.285973,124.829616,128.525161,136.118739,129.567835,125.274184,126.739035,123.854834,120.153505,127.067647],"1.19":[164.649543,117.597609,108.496067,115.863143,109.307497,106.762902,111.761289,118.600746,110.501242,110.296334],"1.20":[115.841342,123.237606,117.470357,120.07813,115.041836,114.604677,111.181711,115.482904,107.234282,118.581261],"gotip":[111.316099,109.600189,120.237739,124.802803,117.434858,114.810495,113.558823,121.589045,117.566867,113.749121]},"run_times":{"1.18":[6147.730918,6196.68822,6201.832117,6194.718972,6006.352341,5990.070151,5945.930515,6167.050258,6058.792089,5997.952574],"1.19":[10373.677613,10256.179777,10319.280997,10252.711804,10338.701866,10369.856817,10357.528607,10344.62363,10440.853586,10341.370035],"1.20":[10441.420937,10383.627847,10326.304046,10363.695928,10293.702187,10340.611704,10482.732796,10491.50896,10338.103877,10423.810521],"gotip":[6442.413988,6327.798805,6312.515346,6169.411601,6125.291812,6135.27921,6165.237347,6137.834811,6120.998901,6407.036801]}},"MergeSort":{"name":"MergeSort","build_times":{"1.18":[129.16885,121.584994,116.621362,117.614839,125.044139,116.760493,116.277667,114.323862,122.062878,115.400319],"1.19":[109.558073,112.343098,113.734659,108.971948,108.448124,106.878855,112.718614,112.132288,110.1485,115.300329],"1.20":[113.521788,117.542338,111.368362,116.015992,121.51642,116.55022,112.717782,118.334565,118.793449,116.514542],"gotip":[116.144892,112.610834,119.955567,114.819607,125.712471,117.191852,115.656067,114.719843,110.324521,126.376927]},"run_times":{"1.18":[5633.763234,5739.007751,5659.40485,5629.516077,5646.760613,5634.496316,5664.76304,5629.801929,5656.278049,5621.156398],"1.19":[7250.336229,7278.078848,7253.202009,7333.436589,7259.483892,7276.225853,7344.85359,7317.665747,7297.767202,7237.840289],"1.20":[7818.066281,7878.808578,7913.514062,8005.534544,8006.157815,7989.549595,7943.071877,8053.341027,8039.478267,7888.499041],"gotip":[7839.338406,7820.304038,7856.932052,7879.063907,7872.204425,7919.979994,7852.707213,7870.366805,7799.405098,7864.643818]}},"Sort_Random":{"name":"Sort_Random","build_times":{"1.18":[137.828893,137.587067,136.830788,128.946052,133.686355,139.566177,137.641974,133.944782,130.417609,142.003836],"1.19":[126.80663,114.911855,114.30441,112.163653,118.843644,115.754181,127.142162,126.743629,118.464715,125.59333],"1.20":[123.089605,121.621512,119.83473,120.048546,124.196685,127.377122,132.971756,121.050131,122.903794,122.453715],"gotip":[129.867168,124.056742,122.210336,144.152222,126.897737,117.019671,127.21885,123.329325,125.048293,129.219977]},"run_times":{"1.18":[5982.517481,5988.299284,5980.334318,5978.525881,5990.44055,5977.522148,5993.794765,5977.627257,5982.369289,5980.218839],"1.19":[5930.093927,5926.177993,5926.42403,5927.301028,5924.087173,5929.524101,5925.675711,5924.954235,5933.329019,5929.460989],"1.20":[6002.934478,5986.286933,6001.568076,6027.193978,6011.519285,5999.735491,6017.973664,6017.68277,6014.011781,6035.291326],"gotip":[6152.15066,6162.915778,6159.632599,6164.044825,6161.092277,6159.308331,6155.359457,6165.158622,6163.233412,6162.35416]}},"Sort_Reversed":{"name":"Sort_Reversed","build_times":{"1.18":[123.021599,133.758483,126.028207,128.412092,126.896138,130.561868,131.388198,122.463283,131.990082,125.997619],"1.19":[107.120927,110.27064,105.315863,120.716413,106.577207,110.399744,112.581422,109.032123,105.219389,114.670421],"1.20":[116.280333,116.463604,119.780338,112.096652,118.403264,116.136054,118.982965,114.913998,113.548975,115.55138],"gotip":[118.690541,114.133769,113.60223,118.821929,117.120314,118.199663,120.969397,113.355263,120.795413,113.225875]},"run_times":{"1.18":[3540.088113,3541.858592,3538.994583,3535.238841,3537.941337,3535.974111,3540.127437,3539.511009,3537.819446,3539.025335],"1.19":[360.998759,366.771161,360.677347,361.087161,361.05796,360.900855,360.829652,360.582844,360.979158,361.098962],"1.20":[361.74129,362.837459,361.758691,362.330227,361.784692,362.390431,361.58768,361.549017,361.340271,362.14663],"gotip":[363.298848,363.394553,363.136141,363.443655,363.438393,363.368554,363.950596,363.679376,364.121208,381.457351]}},"TimeAfterFunc":{"name":"TimeAfterFunc","build_times":{"1.18":[149.098872,139.191562,157.769813,138.342411,146.083725,141.464037,135.364189,142.29267,145.407197,148.209711],"1.19":[181.349929,124.7989,120.875352,117.879539,124.618593,119.671106,117.37712,118.161449,120.471937,125.423523],"1.20":[144.068922,126.293152,131.89062,129.409307,128.286646,127.445036,125.952464,128.571458,127.185731,126.860085],"gotip":[129.701661,140.670257,129.158367,130.758197,125.121217,129.701936,123.130413,128.187941,131.031561,132.000517]},