{"CGO_CALL_C_FUNC":{"name":"CGO_CALL_C_FUNC","build_times":{"1.17":[547.958043,459.529511,467.238531,461.015572,461.075231,460.895531,458.753126,463.738838,466.650245,462.412335],"1.18":[489.188375,468.522325,462.492911,465.696618,478.58625,467.905624,465.822718,463.714414,463.612013,467.052622],"1.19":[551.210094,520.608722,514.199207,516.117312,520.986023,522.657927,523.97383,516.024165,520.964382,519.085078],"gotip":[558.494176,529.11744,531.432342,530.252242,529.943619,532.150149,531.52536,530.25758,526.843836,530.512577]},"run_times":{"1.17":[4014.736552,4018.061149,4020.425185,4023.841954,4027.226385,4019.040993,4018.693047,4017.550606,4011.394683,4026.011818],"1.18":[3637.768728,3623.996095,3617.566269,3617.421666,3615.322853,3612.57934,3618.603522,3612.696165,3614.205363,3614.132185],"1.19":[3614.856808,3612.734562,3613.351027,3614.856629,3615.386243,3628.34689,3616.151516,3615.307336,3613.758555,3614.318872],"gotip":[3636.282984,3660.126836,3637.708149,3640.549157,3638.313046,3643.501811,3637.191416,3638.889319,3638.333528,3642.741511]}},"Fibonacci":{"name":"Fibonacci","build_times":{"1.17":[122.277271,125.706977,120.863269,121.05087,122.354872,121.06397,123.963573,124.281482,114.737879,117.656984],"1.18":[127.046373,129.737077,126.622172,129.447376,132.806581,126.605072,125.945771,125.698371,123.301368,126.218172],"1.19":[136.247661,139.430965,143.10727,158.883088,134.568159,139.080065,139.911166,135.847361,135.818861,134.214859],"gotip":[164.115718,145.66906,147.056657,144.713862,148.523254,145.71216,150.652349,148.813853,144.874562,148.064754]},"run_times":{"1.17":[4801.25991,4792.940306,4791.771724,4791.750678,4791.299456,4792.010814,4791.074691,4792.395453,4791.445246,4791.130401],"1.18":[4800.036132,4797.502043,4796.245911,4796.60894,4796.281134,4795.751203,4795.651149,4798.169958,4795.475891,4797.459909],"1.19":[4792.951177,4791.092724,4791.520214,4791.284862,4790.971299,4791.591314,4791.419185,4794.081297,4791.290097,4791.186352],"gotip":[4791.430158,4791.299105,4791.2129,4791.746435,4793.405548,4790.958306,4794.949762,4791.313246,4791.564006,4791.467706]}},"Garbage_Collection":{"name":"Garbage_Collection","build_times":{"1.17":[132.424164,130.006162,137.411972,132.257864,133.012466,132.559765,127.251559,128.61576,133.694566,131.666464],"1.18":[138.116674,131.874771,136.231474,135.756173,140.458876,136.653773,137.069774,138.413775,132.550971,134.197873],"1.19":[151.982707,137.923598,146.492504,139.484499,140.3481,140.9267,134.390695,137.778998,140.112099,140.1641],"gotip":[147.855915,145.766013,145.424713,141.62221,157.500322,148.791716,148.710315,145.567313,147.687115,149.632716]},"run_times":{"1.17":[5226.133541,5147.058911,5091.550376,5312.96613,5135.214929,5099.315937,5228.230312,5203.491525,5098.557201,5222.261408],"1.18":[5195.146128,5152.920041,5173.854275,5192.017218,5164.503922,5145.520068,5134.120618,5188.211513,5167.17733,5207.748895],"1.19":[5236.685741,5198.068159,5239.582496,5170.209249,5205.373934,5182.600858,5207.721084,5162.920223,5176.168434,5174.844517],"gotip":[6309.433442,6326.811452,6303.054102,6312.431717,6310.294948,6285.480381,6333.557877,6311.423888,6304.124301,6291.027341]}},"Goroutine_Creation":{"name":"Goroutine_Creation","build_times":{"1.17":[140.149171,138.84927,164.551283,135.229168,132.001567,129.975965,129.345565,131.135866,135.308968,133.739368],"1.18":[139.035762,139.980762,153.939169,137.389761,135.40216,138.195361,133.55936,137.822861,135.38586,136.953661],"1.19":[140.54938,140.781681,146.805085,144.313682,143.635283,143.392682,139.874181,136.506478,141.135981,144.471683],"gotip":[151.457701,153.022407,150.062296,162.618346,151.1551,145.645378,144.365973,150.9835,149.096792,148.122988]},"run_times":{"1.17":[10066.409467,10057.1029,10022.891463,10043.210346,10025.533987,10028.540688,10080.960444,10067.310123,10067.840082,10016.233405],"1.18":[5853.302807,5817.09823,5833.230645,5876.278039,5878.620882,5980.043538,5931.072343,5942.209407,5972.770409,5926.998906],"1.19":[10094.000895,10089.884366,10128.742223,10104.267926,10099.453034,10192.13075,10076.496606,10114.911988,10151.935502,10224.318147],"gotip":[10327.655791,10346.00173,10355.647904,10267.003299,10250.481099,10250.735713,10342.509566,10208.936876,10146.313261,10228.381573]}},"MergeSort":{"name":"MergeSort","build_times":{"1.17":[126.476417,132.419231,124.997913,139.485049,128.067921,123.249609,133.911235,122.960108,123.466309,124.327411],"1.18":[135.915973,128.581859,129.746161,155.592112,134.712971,133.049367,134.717071,130.551663,130.694362,131.643165],"1.19":[140.024844,139.796543,145.711454,141.473746,141.255746,142.072447,149.620661,144.113651,142.949149,150.132161],"gotip":[151.516911,152.867813,155.988018,154.610915,149.870309,150.90061,148.516307,145.830903,144.088801,150.315109]},"run_times":{"1.17":[5935.51668,5855.212065,5921.17975,5853.350365,5760.739674,5891.728296,5877.257927,5911.668263,5852.379687,6247.649077],"1.18":[5633.856116,5575.45306,5586.49174,5703.838649,5660.158227,5668.078968,5675.130649,5636.056208,5618.600654,5593.904562],"1.19":[7121.146936,7130.659043,7197.595414,7173.435903,7206.120091,7203.972392,7159.789083,7156.028412,7192.975993,7144.98386],"gotip":[7826.416842,7760.268531,7771.089005,7775.195819,7809.192322,7792.717413,7686.224152,7752.682201,7777.581814,7741.660232]}},"Sort_Random":{"name":"Sort_Random","build_times":{"1.17":[145.338019,141.388715,144.927218,142.748917,140.179414,143.620417,143.323203,143.265795,142.866594,147.580097],"1.18":[161.892701,149.668593,153.492096,149.743393,152.152595,149.515593,152.638195,156.257598,149.267193,150.413194],"1.19":[151.556394,148.702591,146.662991,152.144794,150.925893,145.408289,148.581092,146.79699,155.398696,144.94619],"gotip":[157.849951,154.17475,158.731951,157.03085,155.973051,154.245449,153.828558,154.872096,157.689197,151.545994]},"run_times":{"1.17":[6067.078699,6067.086066,6065.726226,6060.70575,6062.147011,6068.871333,6065.041448,6065.280991,6063.191955,6065.451131],"1.18":[5985.180006,5982.180918,5977.811996,5972.697458,5978.821416,5974.129734,5975.902225,5981.767023,5977.433144,5974.42564],"1.19":[5922.888106,5916.332033,5917.301662,5915.387169,5916.099413,5915.161993,5919.17972,5921.84168,5916.612239,5913.623403],"gotip":[6033.502737,6017.759171,6023.513991,6026.46094,6013.13601,6019.107984,6023.593082,6030.365316,6036.562134,6038.083665]}},"Sort_Reversed":{"name":"Sort_Reversed","build_times":{"1.17":[131.094033,138.956134,135.463234,136.763934,129.181032,135.091934,130.869932,131.686233,132.860933,141.102635],"1.18":[137.168816,143.105322,137.144016,138.329017,138.435618,136.941616,144.053722,137.397316,140.667719,138.536518],"1.19":[139.180738,140.169653,141.414354,144.048054,141.205853,145.938655,140.866554,146.917655,141.684053,145.726555],"gotip":[149.572256,146.822355,149.341757,144.313654,158.14996,149.806857,148.883156,151.600257,147.673656,145.613255]},"run_times":{"1.17":[3628.108662,3618.534524,3623.93961,3628.365073,4530.425732,3616.865527,3644.262633,3630.07212,3621.135913,3621.291087],"1.18":[3547.358533,3538.221109,3542.996415,3545.843171,3542.049524,3545.209292,3540.065907,3539.866184,3542.685024,3543.609523],"1.19":[362.736037,360.224736,362.335937,360.734136,361.110436,474.535579,361.002237,360.551236,361.877536,361.252737],"gotip":[397.47035,398.18725,398.63055,396.322601,396.086843,398.108144,397.206143,398.766443,395.981544,399.473843]}},"TimeAfterFunc":{"name":"TimeAfterFunc","build_times":{"1.17":[333.327148,162.386971,145.143565,149.321666,150.738466,152.608768,146.439564,142.148663,150.213967,154.981868],"1.18":[334.90489,150.336131,150.19143,180.218057,152.451332,149.32943,151.331432,153.825733,151.651632,155.346135],"1.19":[406.213444,155.941731,152.275403,167.507614,158.454849,153.569813,158.099246,155.453026,152.662707,149.225381],"gotip":[344.763554,171.226172,162.873739,168.697463,169.903867,158.162421,161.016332,162.192836,157.124317,161.070333]},