{"Fibonacci":{"name":"Fibonacci","build_times":{"1.17":[117.999011,113.737409,114.61551,117.076411,116.23721,117.91121,119.94701,117.383311,116.24981,117.18091],"1.18":[132.931824,122.322521,139.612825,125.181922,123.481122,124.254522,122.192722,121.397321,128.225223,121.905921],"1.19beta1":[258.280022,271.560808,260.940946,267.281201,262.525598,261.562497,258.185194,295.952423,261.238396,272.000205],"gotip":[145.023238,153.984841,143.850038,146.338439,141.565737,143.510838,144.554339,148.823539,147.571739,144.562439]},"run_times":{"1.17":[4790.552917,4790.139812,4790.715542,4791.088311,4790.200543,4790.543355,4790.131547,4790.084784,4793.711668,4790.879143],"1.18":[4794.810357,4794.839519,4794.986537,4794.628883,4795.424647,4796.326689,4794.774808,4795.390623,4794.682259,4795.563264],"1.19beta1":[4797.543503,4794.783754,4797.381891,4794.438403,4795.084394,4794.221014,4795.068349,4794.552311,4794.428665,4794.490971],"gotip":[4790.409057,4790.250254,4793.818976,4790.28442,4790.360893,4790.450596,4791.089472,4790.067489,4790.90142,4790.969149]}},"MergeSort":{"name":"MergeSort","build_times":{"1.17":[120.567967,124.673769,123.511768,125.143269,133.960474,122.884168,120.553467,124.566818,123.488737,123.317637],"1.18":[126.359449,125.817049,126.68605,130.06335,130.742751,126.43055,123.510348,127.433249,124.979349,128.88285],"1.19beta1":[280.529345,269.818143,268.402743,268.342443,261.861143,263.761042,262.577042,268.677143,266.940843,268.979244],"gotip":[147.032925,149.409725,182.732331,153.731627,159.437027,152.516326,154.943526,149.424826,152.237326,152.018125]},"run_times":{"1.17":[5829.590884,5737.973527,5752.454717,5750.149799,5749.283427,5769.750062,5799.374397,5805.954148,5705.468849,5698.471392],"1.18":[5525.255456,5449.656138,5392.560798,5488.044456,5462.141949,5428.643058,5434.538718,5522.533824,5429.624401,5524.829171],"1.19beta1":[6754.248052,6773.922482,6735.754379,6811.497907,6773.618955,6716.034624,6792.418533,6724.599516,6766.057727,6754.319286],"gotip":[7062.404291,7035.428912,7137.174029,7063.519272,7039.894749,7046.018216,7017.607387,6986.420743,7027.744584,7034.884905]}},"Sort_Random":{"name":"Sort_Random","build_times":{"1.17":[140.561827,137.894027,136.987527,135.878826,137.528427,137.981627,137.704427,136.453626,140.433628,140.927427],"1.18":[148.914013,142.248612,147.242814,145.439312,142.953213,143.928613,142.548712,145.652813,148.960913,141.416713],"1.19beta1":[279.120475,274.133073,276.251574,271.614072,278.434574,277.343274,274.681274,278.400674,275.436073,276.154574],"gotip":[158.442808,161.882109,159.520109,162.359909,160.85651,154.528408,158.99231,156.644109,158.734109,156.842509]},"run_times":{"1.17":[6086.086746,6068.780161,6070.606446,6067.407673,6069.230216,6073.498338,6065.678347,6064.568783,6072.572934,6067.277418],"1.18":[5987.71718,5975.411703,5971.801039,5977.485952,5972.644362,5973.046492,5978.125819,5980.883098,5974.66284,5987.220359],"1.19beta1":[5925.38341,5939.188854,5929.045822,5926.848019,5931.791794,5934.343171,5938.177265,5929.732597,5937.487623,5925.611422],"gotip":[5938.929843,5924.888554,5922.618646,5933.321136,5918.826238,5932.019953,5919.770363,5919.990585,5931.25521,5933.828908]}},"Sort_Reversed":{"name":"Sort_Reversed","build_times":{"1.17":[125.479222,124.753922,125.897022,124.536422,125.253022,132.089624,125.496222,132.032523,129.090523,128.196723],"1.18":[136.497514,132.415913,133.097014,132.205114,133.450113,134.288714,133.448314,135.391413,134.349914,131.364414],"1.19beta1":[267.505426,275.124728,264.627826,261.801427,268.94192,267.283818,264.292317,273.138317,266.607217,265.251618],"gotip":[149.63241,149.638709,145.02181,150.65451,147.332309,147.57871,146.852609,146.31951,151.133809,148.15901]},"run_times":{"1.17":[3641.515587,3647.344692,3635.623674,3697.837408,3630.25608,3641.661506,3644.753683,3648.065274,3649.278273,3634.961071],"1.18":[3543.976462,3540.778363,3540.724263,3539.300458,3547.057154,3541.411652,3540.072849,3539.560949,3541.555754,3541.786254],"1.19beta1":[396.362325,392.723226,394.073125,394.986926,397.451125,394.269026,392.065425,395.801926,395.736725,396.555226],"gotip":[360.798823,360.426424,360.579023,360.050329,360.614629,360.034128,360.160329,360.404429,360.795129,360.563528]}},"TimeAfterFunc":{"name":"TimeAfterFunc","build_times":{"1.17":[142.589309,142.233207,146.203422,140.206,140.1775,139.628397,141.932807,143.305911,142.586308,138.681795],"1.18":[356.452815,162.907507,145.851806,147.745606,147.577206,144.512806,149.100207,144.236606,146.042006,152.449906],"1.19beta1":[940.200016,279.441234,281.304235,276.245134,276.476034,278.330434,280.427735,278.079334,284.444235,280.044835],"gotip":[198.531823,161.91452,174.33322,208.511825,161.009319,161.967719,164.31572,161.280819,169.43512,160.625319]},"run_times":{"1.17":[4528.859806,4769.199529,4811.487823,4715.815066,3707.567561,4175.632323,4183.434139,5564.176208,4874.826954,5095.710835],"1.18":[4525.830903,6167.407012,5417.541212,5353.23281,3087.72885,5491.520897,3243.761588,5257.912707,5458.458229,3356.083421],"1.19beta1":[4867.794346,5819.591593,5588.562753,5368.764659,5056.738225,5168.559831,4937.388707,4895.445147,5256.248132,4660.213511],"gotip":[4500.995324,4929.961308,4792.442148,5498.857952,3287.598683,4762.748513,4632.156976,4159.580957,4925.141226,5083.979448]}},"alloc_1.5k":{"name":"alloc_1.5k","build_times":{"1.17":[135.488407,122.313206,126.427907,113.446706,120.790706,116.284406,117.758806,115.582005,117.938806,110.941606],"1.18":[124.463918,125.599118,120.808817,132.525019,127.421419,121.055617,126.735818,127.084019,123.308318,124.059217],"1.19beta1":[265.158403,264.952203,261.096803,261.895503,264.259502,261.601203,262.733403,257.367403,262.68461,265.150625],"gotip":[153.275713,145.815313,148.615813,145.994012,144.434613,146.178813,145.549812,148.070613,142.899313,142.976412]},"run_times":{"1.17":[3658.352185,3680.416647,3654.730773,3646.396037,3658.71587,3667.186731,3655.542796,3655.386016,3649.312459,3663.456499],"1.18":[5219.601354,5218.303986,5220.197398,5218.244201,5218.607866,5218.865476,5221.482394,5220.012541,5220.253283,5218.610656],"1.19beta1":[5222.567791,5220.682615,5219.577923,5219.657264,5219.322521,5220.184871,5220.775063,5219.826862,5219.88446,5219.475156],"gotip":[2704.668735,2704.472431,2704.167731,2705.596431,2705.114727,2704.769528,2704.463029,2704.49313,2704.26223,2704.378232]}},"regexp_Compile":{"name":"regexp_Compile","build_times":{"1.17":[161.935715,164.585517,163.749016,177.443519,161.362216,152.580016,151.112715,147.460616,153.553815,152.710216],"1.18":[185.857818,155.913314,160.194815,157.645914,167.381716,156.909714,157.048915,155.552714,161.498115,160.260915],"1.19beta1":[300.120228,293.280128,293.937828,291.553227,292.182427,290.336028,299.697128,291.171727,293.011828,294.670927],"gotip":[186.759314,180.167613,175.993213,179.209613,175.663012,175.007113,177.991413,175.473713,183.087114,175.621712]},"run_times":{"1.17":[1068.97271,1060.453109,1061.609909,1061.926509,1057.435008,1060.636809,1066.9902,1059.776098,1057.342398,1060.422097],"1.18":[1098.525801,1106.318502,1097.970181,1135.454681,1102.384078,1095.637679,1101.414078,1102.939179,1098.386578,1106.717496],"1.19beta1":[1127.303306,1113.217005,1111.961704,1119.688703,1132.934182,1121.373882,1161.715085,1117.274881,1119.164982,1129.362982],"gotip":[1134.152284,1118.960982,1124.549782,1126.960183,1132.386083,1126.303983,1133.05778,1121.656877,1130.390677,1115.872676]}},"regexp_FindAllString":{"name":"regexp_FindAllString","build_times":{"1.17":[155.846511,160.401011,159.002711,158.33871,160.237611,156.561211,156.598811,158.19351,158.930011,156.093011],"1.18":[166.124717,168.943717,161.115016,161.405817,162.346416,162.071517,163.841316,163.761917,162.039316,166.588517],"1.19beta1":[304.906002,300.095993,293.721483,302.798598,297.506161,295.369627,295.463228,300.552774,293.063903,295.138204],"gotip":[179.82722,190.357222,180.799821,180.381621,177.64342,194.132122,178.532287,179.686501,187.592875,182.437092]},