{"Fibonacci":{"name":"Fibonacci","build_times":{"1.17":[129.298792,129.524796,133.145159,155.590158,136.613521,132.509449,130.395311,127.795165,131.000222,132.548049],"1.18":[141.234224,138.016155,137.126963,138.768563,138.595674,140.382005,133.550989,140.68531,136.281035,135.931129],"1.19beta1":[295.131837,288.204549,282.399576,290.370177,300.419205,292.965909,288.139149,283.250387,284.274999,287.102836],"1.19rc1":[156.473835,166.672367,158.890067,158.899666,157.160144,160.631288,157.786152,165.141948,158.598362,164.23644],"1.19rc2":[153.441648,150.48201,151.892029,153.733552,155.18077,142.53841,149.177407,145.33517,152.038855,151.708251],"gotip":[143.052444,145.908281,156.515118,144.217986,149.048353,148.12514,146.302816,144.101487,148.05584,148.750148]},"run_times":{"1.17":[3901.752553,3901.633153,3908.366098,3903.223627,3902.951685,3910.270335,3901.337216,3901.392906,3903.178419,3902.846523],"1.18":[4014.808783,4011.730965,4015.894873,4014.883868,4011.791507,4015.560798,4011.841018,4015.017585,4013.396838,4013.393643],"1.19beta1":[4012.152494,4013.801154,4012.905678,4012.306547,4015.000971,4013.044675,4014.474968,4016.983256,4011.403288,4011.574464],"1.19rc1":[3908.699613,3905.588573,3901.909311,3903.050968,3904.450702,3901.917851,3904.961293,3903.978094,3903.676516,3901.32073],"1.19rc2":[3906.687143,3907.592485,3909.956569,3906.121551,3905.081042,3907.192369,3905.237759,3906.705977,3905.406943,3904.718648],"gotip":[4011.233038,4013.492975,4010.95715,4013.634164,4012.385673,4010.708817,4012.799223,4012.613527,4010.855159,4012.543858]}},"MergeSort":{"name":"MergeSort","build_times":{"1.17":[135.144891,180.441192,138.123231,149.159477,140.566063,129.883622,133.104365,135.570097,135.930101,134.539784],"1.18":[141.665017,147.204014,136.196118,140.143689,145.977393,136.509024,141.716516,144.13016,142.386229,140.317391],"1.19beta1":[299.295653,290.254585,287.465433,291.794513,294.944072,291.0085,293.370783,289.488447,294.291032,287.650913],"1.19rc1":[169.987442,166.192174,174.597325,168.133909,174.035515,169.116327,167.379295,171.158164,174.733627,164.958052],"1.19rc2":[172.297687,166.642086,161.295389,159.991067,160.043167,152.471231,157.456521,156.571805,157.076214,156.066496],"gotip":[179.525518,159.816864,184.1567,158.558642,154.701772,160.69588,157.245718,156.141598,152.119427,155.460586]},"run_times":{"1.17":[6070.710025,6243.041968,6171.112988,6122.779498,6048.087898,6155.604964,6063.500594,6148.157782,6305.983445,6090.270339],"1.18":[5925.878235,6008.507304,5935.612988,6016.093838,6063.813307,6070.638538,6035.005538,6033.15939,6006.431719,6028.830104],"1.19beta1":[7588.405898,7543.926677,7679.292916,7730.607974,7775.472975,7756.083818,7674.909336,7712.501198,7687.205658,7677.309626],"1.19rc1":[7751.261711,7777.552535,7553.159541,7688.325144,7583.647731,7580.748161,7646.683843,7549.885601,7579.992467,7654.936751],"1.19rc2":[7995.706543,7925.852561,8004.609228,7903.123771,8019.054815,8095.706239,7983.873332,7955.872643,8055.742563,7958.531535],"gotip":[7890.921003,7878.812445,7854.80678,7864.180554,7909.694763,7924.787832,7782.723061,7941.073264,7925.270111,7908.19699]}},"Sort_Random":{"name":"Sort_Random","build_times":{"1.17":[153.519331,150.073669,151.341292,154.470048,149.871066,152.084906,152.88752,153.730635,155.10966,155.69637],"1.18":[170.158566,162.441427,184.747029,162.108321,155.893909,157.102731,159.676577,165.059674,159.888682,159.080466],"1.19beta1":[312.259201,313.81303,319.107924,312.618808,307.326213,308.038725,305.806086,310.278331,314.490146,305.341314],"1.19rc1":[178.631993,182.632242,181.085423,181.409127,181.142124,179.548504,176.77007,176.584568,177.393578,182.277837],"1.19rc2":[176.418215,169.883584,170.514057,163.535682,168.645437,183.191796,160.960853,167.273322,164.504392,161.476059],"gotip":[162.177965,172.000802,164.318295,170.829385,163.93109,163.016076,171.571696,169.236364,167.293336,169.783071]},"run_times":{"1.17":[5011.677733,5011.647797,5010.947051,5015.196871,5017.426863,5016.54432,5013.314679,5013.109788,5012.471763,5013.98515],"1.18":[5029.355558,5031.987001,5031.994939,5028.291145,5030.236421,5041.685104,5037.221024,5032.911891,5029.734669,5030.99265],"1.19beta1":[5024.671731,5028.340027,5022.55359,5023.015575,5027.514666,5024.029832,5026.213211,5023.637955,5027.542623,5026.428998],"1.19rc1":[5102.707597,5096.04051,5097.667262,5110.399997,5101.473419,5097.772476,5099.251281,5098.233288,5097.284512,5100.192037],"1.19rc2":[5073.389869,5075.28313,5073.44656,5073.942355,5082.491625,5074.734756,5080.478187,5072.999201,5073.248978,5073.679846],"gotip":[5028.797693,5032.800107,5027.945622,5033.705042,5030.478824,5032.250894,5029.964782,5031.357072,5031.306023,5028.764109]}},"Sort_Reversed":{"name":"Sort_Reversed","build_times":{"1.17":[138.951762,145.131145,145.858055,157.529811,139.125964,138.852061,148.874895,144.058931,141.136091,144.492537],"1.18":[150.301413,153.729859,145.822953,148.325386,166.204926,153.405355,150.79942,148.490789,146.604867,152.483471],"1.19beta1":[301.160853,314.608287,303.767998,298.776211,290.615869,292.035894,292.674405,295.750458,287.421913,285.549781],"1.19rc1":[162.872971,163.868491,165.763028,163.32358,173.138872,161.051536,165.112015,166.564843,158.396285,167.291957],"1.19rc2":[149.707001,150.047276,153.293935,155.427672,156.686395,155.451273,152.47912,154.441655,155.820579,157.929017],"gotip":[153.627841,150.016076,153.60354,156.498491,159.775051,152.668923,158.306624,156.247687,153.330835,158.504427]},"run_times":{"1.17":[3716.913111,3717.689693,3715.04596,3716.261717,3713.92389,3715.047204,3715.328603,3712.89313,3715.488523,3715.832468],"1.18":[3575.274893,3578.372177,3575.671319,3574.835738,3574.150753,3572.968075,3575.195694,3574.265425,3578.496664,3578.671919],"1.19beta1":[369.604447,370.645365,369.847851,369.627754,369.964504,371.040625,370.433314,369.983704,369.540396,370.163608],"1.19rc1":[369.590196,371.158027,370.314711,369.968204,369.420593,370.084207,370.585416,370.064906,369.525995,370.685318],"1.19rc2":[370.113902,369.716995,370.925217,369.9851,369.710395,369.734996,370.832715,370.169103,369.536192,371.255923],"gotip":[369.648493,369.551392,369.42389,370.002846,369.807532,370.255641,369.230822,371.054355,370.176539,370.957153]}},"TimeAfterFunc":{"name":"TimeAfterFunc","build_times":{"1.17":[173.784193,154.966258,156.398184,157.665006,157.668106,154.477249,159.870446,153.662435,150.532579,158.567222],"1.18":[442.848457,168.865296,173.63408,166.026646,164.299315,164.241214,160.858453,163.242296,165.71444,166.658257],"1.19beta1":[1438.283436,312.081832,315.982802,321.658602,305.693018,316.119004,326.164982,314.543676,314.579276,311.36742],"1.19rc1":[189.235459,180.3267,179.530586,183.17595,182.139732,175.900622,177.466849,175.666917,177.001541,174.717501],"1.19rc2":[520.053547,169.246609,172.856974,161.624273,168.491496,165.746147,164.026116,167.729082,165.511643,165.070235],"gotip":[166.332774,161.419586,173.584503,194.399375,169.550132,169.936238,165.868965,162.858612,162.4921,159.403436]},"run_times":{"1.17":[4755.442838,4816.407819,5311.538964,5538.678114,5385.986267,4602.140494,4739.934123,7353.622658,5159.390539,4603.507371],"1.18":[5681.418321,4773.292309,4693.371774,3990.958289,4650.910333,4226.770846,3801.471188,4357.427565,6732.461637,3996.018753],"1.19beta1":[5161.861601,4931.76381,4616.563338,4713.558885,5070.229364,4350.767623,4206.394631,4753.408475,5056.560555,4341.384815],"1.19rc1":[4938.759142,4866.528166,4824.321958,5103.156349,4811.100249,5016.911015,4713.533666,4727.598127,5302.844498,4483.676621],"1.19rc2":[5076.246342,4954.159444,5618.536975,4407.857865,4849.365831,4758.215019,4907.113082,4828.516571,4305.528082,4282.564162],"gotip":[5028.389757,5048.791371,4781.323559,4365.662589,5140.749341,4944.279433,5067.125327,4805.527443,4795.225981,5153.562212]}},"alloc_1.5k":{"name":"alloc_1.5k","build_times":{"1.17":[138.331249,126.637042,132.428245,129.981702,126.422939,132.112139,129.355591,131.661832,126.168534,131.411527],