{"Fibonacci":{"name":"Fibonacci","build_times":{"1.17":[181.057142,163.725626,157.46775,241.659791,157.281147,165.966255,166.002655,159.848879,158.763365,164.747139],"1.18":[169.137086,173.807243,178.456901,171.835319,170.152598,193.516587,163.350114,175.522065,176.495276,207.983565],"1.19beta1":[386.664359,413.448915,392.870895,393.284597,400.156438,380.006419,373.569582,398.139525,382.548435,387.280303]},"run_times":{"1.17":[4529.033666,4610.94145,4797.706903,4590.210843,4603.151691,4587.148854,4684.971886,4750.389087,4728.846214,4596.41198],"1.18":[4684.102963,4722.584639,4592.941343,4611.99708,4676.175678,4734.479205,4672.540165,4765.827575,4707.205864,4660.332022],"1.19beta1":[4682.990291,4664.093447,4668.321682,4659.599814,4664.638114,4651.77836,4628.075104,4715.260923,4723.634502,4495.877747]}},"MergeSort":{"name":"MergeSort","build_times":{"1.17":[169.492779,161.48721,184.296909,164.235733,165.698847,174.663924,157.980379,179.94047,181.861625,165.192989],"1.18":[186.630825,179.055749,188.158721,181.057043,177.298654,181.397142,165.927089,179.573147,183.110037,177.196754],"1.19beta1":[367.073395,422.798762,387.102091,365.803892,367.451212,370.087044,364.419376,388.345563,387.675955,384.942423]},"run_times":{"1.17":[8092.355585,8451.622955,8316.899398,8567.164888,8510.316907,8530.358156,8588.530318,8492.516834,8414.684989,8253.909177],"1.18":[8010.585182,7947.594846,8051.787045,7974.823619,7866.55665,7961.435707,7904.681894,8414.527256,8279.466512,8374.019429],"1.19beta1":[9787.718978,10088.501117,9994.185657,9882.724285,9990.852537,10012.612238,9995.609248,10155.218073,9727.378097,9900.506079]}},"Sort_Random":{"name":"Sort_Random","build_times":{"1.17":[193.464953,219.196066,226.426554,197.782105,191.943135,202.699865,184.248241,201.102946,191.902233,196.956096],"1.18":[196.961611,243.633882,214.791729,195.054187,191.646546,194.355678,204.459603,203.172687,205.721018,461.282445],"1.19beta1":[381.366452,402.542616,702.407652,377.743807,388.867745,422.366162,405.676254,369.913909,372.080136,388.987847]},"run_times":{"1.17":[5946.354386,6065.297793,6138.314439,6013.967319,6009.261559,5881.187956,5917.713798,5859.333775,5856.441332,5891.329298],"1.18":[6017.140524,5910.500573,5947.185129,5827.76649,5834.380128,5769.974675,5943.457015,5821.11529,6026.529972,6124.896919],"1.19beta1":[6053.689052,6000.184212,5972.057448,5929.633212,5989.164565,5934.964811,6095.379104,5961.739348,6032.423286,5993.432775]}},"Sort_Reversed":{"name":"Sort_Reversed","build_times":{"1.17":[182.270974,186.295223,191.615691,171.60264,178.080122,185.323311,183.093484,180.159948,179.554439,170.984333],"1.18":[189.055442,189.538748,195.753425,202.927613,205.109241,189.802551,182.062455,181.491448,191.026066,195.886426],"1.19beta1":[416.488701,444.665559,400.659399,387.053425,381.986862,361.778204,389.990463,382.549169,378.444216,362.25711]},"run_times":{"1.17":[4510.182459,4565.514114,4625.08154,4852.354568,4804.611226,4555.146871,4598.712514,4819.22857,4674.993215,4750.580814],"1.18":[4720.798275,4591.651547,4534.830266,4501.8744,4540.487876,4663.288757,4727.272612,4528.793859,4631.74777,4858.160892],"1.19beta1":[473.740529,466.230733,466.007431,463.293996,470.234785,469.361973,475.756761,470.157829,481.571975,476.234506]}},"TimeAfterFunc":{"name":"TimeAfterFunc","build_times":{"1.17":[186.320099,192.300873,193.882792,197.947843,229.539432,199.36456,192.583976,190.268249,204.395323,192.975982],"1.18":[396.872549,229.815119,219.63671,227.367868,213.860591,208.522682,244.264216,223.748694,215.018815,221.898156],"1.19beta1":[478.528872,396.617301,384.776861,395.61849,400.265044,397.520912,390.305627,380.923115,401.163355,405.439406]},"run_times":{"1.17":[7233.630995,5582.23925,6014.731207,7071.695202,6473.818993,5802.56188,6716.294766,6220.51853,6660.2086,6226.974368],"1.18":[4728.674623,6422.94637,4426.623132,4556.820152,6234.547248,5999.813416,4502.913429,4463.401038,4772.065125,7173.776068],"1.19beta1":[6020.108774,6661.683375,5112.723281,4995.531852,4583.765741,7516.496433,6566.45597,7341.141884,6231.863337,6318.774724]}},"alloc_1.5k":{"name":"alloc_1.5k","build_times":{"1.17":[194.625689,188.377515,181.465134,181.819538,174.509052,176.288673,184.57907,181.96544,180.937127,178.011393],"1.18":[197.736,183.657722,190.524708,176.956737,173.446693,187.107665,179.754673,182.003,174.899011,182.900813],"1.19beta1":[380.377376,402.152138,403.493954,392.39162,388.023768,384.408325,388.996579,391.193406,378.497354,375.785621]},"run_times":{"1.17":[4202.120111,4055.904011,4104.245598,4080.963323,4075.113586,4076.132555,4113.276106,4160.618855,4208.112877,4220.492053],"1.18":[2871.380793,2870.604031,2852.534003,2908.039159,2856.731011,2969.482005,2865.186321,2887.496455,2877.46986,2857.697279],"1.19beta1":[2938.859031,2854.751212,2837.751402,2941.197353,2955.164356,2911.288988,2853.245604,2796.838708,2706.365821,2767.58686]}},"regexp_Compile":{"name":"regexp_Compile","build_times":{"1.17":[311.102052,216.076376,221.054437,220.257627,225.205688,218.783809,230.852059,215.476067,231.638456,220.872216],"1.18":[303.511291,223.352769,214.847416,233.852681,219.544705,216.470367,206.613246,226.213287,211.758909,218.693294],"1.19beta1":[541.051158,417.562359,423.796237,405.641813,394.399974,404.791202,395.359285,389.543614,398.445323,384.295249]},"run_times":{"1.17":[1458.553431,1413.029771,1476.598953,1470.084573,1531.504928,1477.761437,1475.691076,1564.116494,1623.991082,1481.534443],"1.18":[1432.617352,1442.600674,1459.780186,1445.702613,1405.047882,1432.412605,1426.135729,1416.200209,1384.639726,1457.595212],"1.19beta1":[1485.732459,1537.967204,1504.998989,1467.633414,1463.066257,1440.427578,1435.155513,1503.207953,1446.180338,1435.817807]}},"regexp_FindAllString":{"name":"regexp_FindAllString","build_times":{"1.17":[203.711636,216.91811,210.931476,222.486641,220.089927,219.817426,212.390385,226.541163,214.252695,219.657125],"1.18":[230.448672,254.098777,225.792112,227.565335,222.074364,215.484379,224.755598,230.073267,221.919562,222.972476],"1.19beta1":[446.895681,444.429952,412.379373,435.557847,411.984768,402.80986,428.272561,412.749178,416.311019,397.034244]},"run_times":{"1.17":[3036.290133,3127.158029,3043.27775,3126.877342,3027.040267,2951.239999,3096.071566,3027.375071,2971.863604,3016.781505],"1.18":[2997.163578,3005.97699,2986.277425,3073.443606,3030.291854,3057.401351,3100.012216,3079.97595,3237.322598,3118.504551],"1.19beta1":[2822.64816,2853.815841,2845.171216,2808.977244,3002.954403,2892.133467,2881.793041,2916.94053,2890.544527,2961.901023]}},"switch_case":{"name":"switch_case","build_times":{"1.17":[367.556713,286.956279,288.209895,272.385393,275.962838,255.966282,260.823344,256.136185,261.439052,263.962484],"1.18":[387.616034,287.308583,295.426484,291.458435,301.270257,279.319083,295.89869,294.557374,293.054255,323.013628],"1.19beta1":[506.996609,465.999799,460.380929,465.019887,494.415952,478.10405,466.175001,436.984538,466.515505,459.260215]},"run_times":{"1.17":[7214.37844,7192.780984,7237.245017,7199.601822,7171.27148,7238.092463,7358.192896,7333.98763,7315.260686,7408.253595],"1.18":[7463.123448,7256.851118,7479.113399,7280.663842,7203.045358,7126.450111,7125.825069,7214.218887,7219.459018,7212.680459],"1.19beta1":[4117.498673,4100.838708,4092.182636,4226.259073,4156.556487,4065.116724,4032.782106,4056.492576,4292.924504,4303.364246]}}}