{"CGO_CALL_C_FUNC":{"name":"CGO_CALL_C_FUNC","build_times":{"1.18":[465.954961,458.499785,463.593037,461.054211,465.379255,464.191443,463.221933,452.510424,455.532654,455.227451],"1.19":[485.437921,484.322209,485.490621,480.47367,487.839945,483.663702,479.817961,480.310665,476.667929,476.799229],"1.20":[417.755604,414.000894,409.815799,408.987266,417.923876,417.170236,420.889486,412.554976,408.260821,413.933057],"gotip":[440.487946,452.06996,448.315201,452.242444,448.973636,445.167084,447.455219,449.949345,457.288519,451.004161]},"run_times":{"1.18":[3515.394262,3516.299902,3521.481865,3518.253172,3517.585359,3514.692521,3517.35406,3516.909145,3515.157426,3519.658691],"1.19":[3540.765566,3545.595343,3541.674919,3542.555277,3544.106372,3541.970318,3540.481679,3544.845523,3541.110196,3542.672192],"1.20":[3553.137704,3554.318316,3556.033373,3554.742208,3556.164234,3556.665747,3554.389018,3552.752391,3553.715193,3554.731606],"gotip":[3727.32944,3683.316592,3782.211082,3696.492285,3722.546343,3798.013013,3722.879569,3860.054848,3713.658638,3756.174342]}},"Fibonacci":{"name":"Fibonacci","build_times":{"1.18":[154.519436,110.5948,119.203585,109.915393,117.424367,113.825132,107.786178,117.86077,114.51094,110.248701],"1.19":[105.766055,107.219669,106.419661,108.339981,106.692464,106.760365,111.607513,105.193549,106.30456,109.842796],"1.20":[116.33885,114.899852,112.541893,120.184327,117.108728,111.988533,112.756141,118.147892,115.427071,114.025351],"gotip":[114.901256,115.210463,114.378256,112.597837,123.101944,113.663848,118.742899,118.452502,113.263366,120.380137]},"run_times":{"1.18":[4010.567702,4014.999538,4015.14382,4014.885266,4011.30301,4014.969144,4012.867064,4011.196684,4012.335338,4011.947973],"1.19":[3901.192117,3900.304957,3902.961534,3902.605604,3902.460967,3904.850308,3900.633571,3904.351818,3902.269119,3900.538028],"1.20":[3904.655603,3901.636551,3917.321208,3903.082756,3902.742353,3902.040242,3918.621409,3903.616409,3902.187757,3901.901371],"gotip":[4248.823858,4248.213442,4251.803044,4249.544445,4249.828558,4250.945911,4249.019269,4252.489156,4250.279726,4249.301306]}},"Garbage_Collection":{"name":"Garbage_Collection","build_times":{"1.18":[154.18926,131.822635,121.335228,126.900185,127.143288,125.470571,125.015366,122.961746,126.913286,127.905395],"1.19":[112.166771,102.806573,107.509323,112.526875,114.115491,106.110008,111.648266,105.279199,106.037207,105.615883],"1.20":[116.423802,112.981053,110.679627,114.005362,110.033613,120.878137,114.407146,118.102708,108.918513,114.259773],"gotip":[117.620802,114.996475,113.86846,119.44301,113.629555,117.158092,112.583647,122.240652,113.815659,120.342027]},"run_times":{"1.18":[5732.090178,5726.593735,5733.173929,5710.624958,5704.870994,5710.817348,5699.173566,5721.915305,5704.309539,5682.111953],"1.19":[5579.511384,5572.403279,5554.37481,5603.81058,5576.367756,5581.441771,5527.439893,5570.428616,5511.350891,5601.606485],"1.20":[6229.031993,6225.909132,6224.173022,6213.136744,6173.145141,6215.821205,6229.323351,6204.482151,6279.94394,6220.681537],"gotip":[6660.48,6579.388574,6579.854998,6549.807477,6588.942309,6652.570214,6555.606828,6569.137276,6589.636122,6577.926433]}},"Goroutine_Creation":{"name":"Goroutine_Creation","build_times":{"1.18":[130.679439,131.651449,133.924173,126.839994,126.127687,131.183938,129.514922,126.588891,128.575112,123.748263],"1.19":[110.124824,118.58701,107.972402,111.435437,115.040273,110.206524,110.119823,109.398016,107.662499,109.241314],"1.20":[117.924103,114.709371,113.319259,110.272925,119.170819,121.051737,112.444255,117.530115,121.824046,117.174406],"gotip":[116.71428,114.736675,113.799755,117.385103,116.407492,119.428524,119.701232,116.903803,116.814646,114.723268]},"run_times":{"1.18":[5062.402353,5041.205857,5083.863924,5094.581237,5132.78318,5064.288877,5092.097374,5114.849642,5009.896454,4957.074074],"1.19":[8669.42854,8613.196372,8690.985921,8619.147294,8592.539764,8613.48233,8677.404717,8686.179878,8615.905725,8641.027777],"1.20":[8779.180356,8707.231358,8726.409395,8677.461052,8631.957359,8786.457287,8707.199999,8647.689074,8658.962303,8692.690796],"gotip":[5229.803327,5217.621783,5243.543814,5228.332463,5180.668085,5221.91068,5181.988836,5193.320849,5192.076998,5183.24723]}},"MergeSort":{"name":"MergeSort","build_times":{"1.18":[123.30416,124.638973,123.479762,120.601933,119.217018,121.39524,126.597994,123.507962,119.994926,119.141718],"1.19":[111.410639,125.11608,111.834944,112.642853,111.900145,122.292451,114.42377,113.612963,110.37933,115.159378],"1.20":[117.657499,118.50761,120.389428,117.776002,115.376473,124.118464,114.961172,118.527009,116.266986,118.050406],"gotip":[114.093967,124.40887,115.870684,123.976165,116.341788,121.419839,130.245129,120.373928,110.385727,125.126178]},"run_times":{"1.18":[5792.109641,5780.900092,5723.395175,5721.699022,5863.661839,5704.520637,5695.932632,5743.683998,5802.12677,5710.515484],"1.19":[7496.954122,7313.912699,7468.637021,7521.797286,7420.692832,7409.576591,7387.823807,7411.750883,7439.587115,7346.729054],"1.20":[8478.47522,8550.830911,8388.573628,8472.654057,8640.133434,8711.60542,8590.442474,8459.009069,8580.504534,8680.47079],"gotip":[8981.112669,8648.771572,8644.81833,8780.248672,8663.280971,9001.561913,8755.146269,8896.001829,8761.375213,8809.84072]}},"Sort_Random":{"name":"Sort_Random","build_times":{"1.18":[155.000738,135.615246,139.500884,135.06314,135.989549,131.390304,136.98846,134.088731,139.368583,140.745997],"1.19":[121.909203,120.335685,122.665411,121.254195,119.118071,120.523387,122.52001,118.023958,112.159991,128.086274],"1.20":[121.907599,128.664055,129.68226,128.076028,127.811723,124.042946,123.675264,125.400083,125.395977,128.317309],"gotip":[126.063582,131.656242,121.015136,128.955022,131.829846,128.269508,128.862014,132.979457,139.172719,134.550572]},"run_times":{"1.18":[5026.068491,5028.221681,5027.17148,5029.952283,5027.321404,5029.423356,5028.705767,5030.57268,5028.758829,5029.248808],"1.19":[5086.175503,5085.593626,5083.570964,5081.362023,5077.599868,5081.18206,5079.535587,5090.227174,5084.021004,5086.952235],"1.20":[5078.008414,5078.822884,5078.685993,5081.706572,5076.868957,5081.357545,5079.404562,5081.474976,5078.146526,5082.379351],"gotip":[5266.622614,5263.986383,5270.026789,5270.823032,5260.798363,5262.41474,5263.116409,5263.499897,5260.032443,5270.353733]}},"Sort_Reversed":{"name":"Sort_Reversed","build_times":{"1.18":[129.179212,127.137492,130.233422,128.844009,131.712838,127.920199,124.752369,136.369187,128.900512,127.941001],"1.19":[113.532956,112.311944,111.320633,106.775287,116.645688,111.698032,112.141415,111.939913,115.072545,111.265406],"1.20":[115.571389,114.668581,115.724288,118.376715,120.963636,119.611429,121.025537,118.618611,119.330323,116.030414],"gotip":[118.669555,121.481193,121.57758,118.973398,128.061647,114.6315,125.345243,113.97909,122.299072,119.678542]},"run_times":{"1.18":[3574.227262,3576.687292,3574.680594,3574.785996,3574.476584,3575.677895,3573.761899,3574.836618,3574.60771,3574.835205],"1.19":[369.353473,370.07678,369.442674,369.860077,369.17647,371.285992,369.911078,371.13769,370.359682,369.053169],"1.20":[369.077363,369.966972,369.476567,370.404977,369.012763,369.452167,373.952214,369.249464,371.981393,370.660579],"gotip":[374.240685,375.165394,374.203884,374.325186,374.325606,374.590591,375.130996,374.655291,375.062695,375.066195]}},"TimeAfterFunc":{"name":"TimeAfterFunc","build_times":{"1.18":[142.411341,142.770944,135.731973,138.262499,140.291419,137.36969,133.830954,147.583793,138.012496,135.742573],"1.19":[194.878471,116.921583,120.635721,122.900844,128.994405,117.033884,131.891034,130.341119,128.647502,121.368428],"1.20":[146.905985,126.483584,129.058805,125.940176,125.317368,123.939753,132.721042,128.501901,126.817291,129.946016],"gotip":[131.688962,126.943417,133.598691,137.029398,129.985336,134.524377,137.459507,129.312637,143.134765,136.372008]},