{"CGO_CALL_C_FUNC":{"name":"CGO_CALL_C_FUNC","build_times":{"1.18":[508.276135,479.073035,488.570131,475.609615,483.871619,479.759933,483.95442,483.737216,495.799368,489.573338],"1.19":[522.636018,487.962414,499.196842,495.396365,491.170479,501.249284,497.510608,502.53171,502.841516,502.121322],"1.20":[429.789668,429.892251,434.15744,428.115259,425.241015,421.287257,425.15592,428.384043,420.845653,422.177337],"gotip":[466.408128,465.923471,463.003847,463.781196,461.76672,464.740601,468.804948,462.983462,467.772622,472.741127]},"run_times":{"1.18":[3513.983826,3534.797598,3516.780927,3512.789435,3541.015147,3520.340943,3516.731249,3520.289364,3514.087516,3519.622686],"1.19":[3547.217499,3542.042296,3541.667753,3545.556447,3543.538746,3542.566331,3541.718271,3543.124764,3541.672897,3544.142309],"1.20":[3553.847074,3555.059105,3556.845715,3554.917395,3555.403814,3553.426491,3555.6471,3556.38221,3553.903403,3555.488502],"gotip":[3555.462486,3555.626883,3554.117703,3554.19407,3556.24017,3554.048866,3554.44901,3553.680118,3553.17001,3553.370802]}},"Fibonacci":{"name":"Fibonacci","build_times":{"1.18":[143.41083,118.288487,124.611898,112.802591,116.532956,117.238868,119.908615,116.368753,118.647294,123.072172],"1.19":[112.745516,140.354217,108.538769,107.235646,106.706737,116.382104,112.135332,108.261664,111.254416,112.753842],"1.20":[121.833622,113.093416,117.900694,126.739633,117.490014,122.056791,115.886708,123.396838,116.406727,117.193433],"gotip":[120.053974,122.740869,116.530365,117.551345,114.982432,122.784666,122.632336,120.649883,125.15034,122.472368]},"run_times":{"1.18":[4011.316116,4012.356979,4014.24066,4013.395035,4011.800502,4010.942796,4015.810488,4013.049775,4012.381901,4012.478481],"1.19":[3900.992333,3903.663635,3901.864502,3905.55446,3901.639815,3901.071864,3903.011587,3903.573343,3906.521524,3904.23486],"1.20":[3909.780793,3909.142753,3913.660549,3903.337931,3913.006088,3913.39278,3917.637395,3902.77604,3902.984401,3905.731439],"gotip":[4244.991216,4252.218279,4248.70867,4246.51409,4248.212898,4245.567823,4246.746271,4246.199007,4248.796041,4244.834627]}},"Garbage_Collection":{"name":"Garbage_Collection","build_times":{"1.18":[135.975001,133.900506,126.040053,132.06557,126.810968,125.167937,127.200976,132.310076,133.901906,122.477983],"1.19":[118.776406,154.918447,112.807601,118.685102,119.934024,114.968139,111.048166,111.184569,114.636133,113.739117],"1.20":[116.287214,117.080336,118.102747,122.724894,116.358402,120.758754,127.304886,115.56653,119.949338,122.34817],"gotip":[123.681482,132.759036,122.55275,124.689877,119.00667,115.794621,121.0609,119.065077,125.413389,116.073923]},"run_times":{"1.18":[5748.69088,5760.646286,5710.282604,5698.017114,5749.514258,5901.31116,6127.472896,5734.17334,5732.27523,5722.309421],"1.19":[5574.12573,5567.617415,5638.13118,5541.69206,5608.536128,5535.300978,5544.683977,5530.565222,5541.650608,5587.069474],"1.20":[6213.988634,6259.925144,6200.769483,6240.695053,6256.676725,6263.791479,6247.937512,6249.813611,6221.189886,6230.370814],"gotip":[6370.387511,6402.098088,6400.858347,6393.26335,6391.817742,6413.935605,6417.996782,6349.61202,6389.584171,6395.955816]}},"Goroutine_Creation":{"name":"Goroutine_Creation","build_times":{"1.18":[138.290611,131.439292,127.88583,132.736515,138.733919,132.956119,134.055038,131.347991,140.742054,137.481197],"1.19":[117.384586,113.216598,121.719778,113.937313,112.093673,109.711723,113.473302,113.81111,116.215463,116.688674],"1.20":[121.662956,125.877151,122.906631,122.477197,117.690749,125.476539,123.977377,119.412578,119.663556,124.00493],"gotip":[123.473956,123.263432,126.725994,116.831408,120.722577,134.953872,121.400375,120.946946,126.879241,127.211153]},"run_times":{"1.18":[5394.821025,5388.357399,5363.41561,5406.63977,5335.116107,5387.962385,5450.057012,5386.579746,5523.008666,5338.859237],"1.19":[9071.128548,9027.834391,9038.703537,9092.028664,9099.336544,9093.535915,9046.380715,9035.614521,9083.853522,9141.368685],"1.20":[9123.661868,9092.058287,9232.054103,9121.961999,9021.112763,9061.274628,9073.987024,9062.662495,9119.604609,9115.308242],"gotip":[5470.0448,5548.98602,5635.943405,5511.261288,5502.152479,5444.468163,5461.864182,5453.896454,5398.8527,5434.471273]}},"MergeSort":{"name":"MergeSort","build_times":{"1.18":[126.158411,119.842201,124.976591,123.77307,126.568319,121.623132,124.406981,122.822954,125.303497,125.955108],"1.19":[117.601872,120.952931,117.891177,114.232413,117.323167,114.032509,119.793411,115.111729,112.628285,111.529265],"1.20":[118.756053,118.46987,123.219646,122.194629,129.532435,118.750965,117.618604,126.403563,121.982847,124.173215],"gotip":[125.664109,120.131846,120.439174,127.035165,124.436316,119.875297,126.051693,127.382342,128.497634,125.518429]},"run_times":{"1.18":[5888.195102,6030.175544,5922.09557,5921.651418,5971.253788,5854.169349,6019.929422,6061.856789,6078.567723,6080.731349],"1.19":[7970.711496,7750.376949,7684.63937,7629.889044,7619.600874,7642.88041,7577.289515,7533.999174,7648.558732,7592.587174],"1.20":[8867.199779,8809.924659,8791.326068,8788.120134,8737.205963,8798.429047,8790.829083,8843.051926,8714.916491,8846.31921],"gotip":[9079.052404,8930.764894,9118.544981,8806.590365,8902.237218,8851.578332,8804.116071,8952.872304,9021.109642,8825.340264]}},"Sort_Random":{"name":"Sort_Random","build_times":{"1.18":[175.460653,137.029462,148.387967,147.351748,138.522789,141.503743,138.865395,141.811848,155.216589,143.47919],"1.19":[124.708105,117.840883,121.752352,120.146924,120.929338,114.149518,126.14603,115.995251,118.818601,122.132959],"1.20":[126.364762,133.829285,134.803774,132.392443,135.455701,136.468913,137.234822,135.915597,127.132239,129.203182],"gotip":[137.061777,131.174744,133.500569,132.127722,128.785,129.831882,126.817271,138.262102,135.795324,131.227225]},"run_times":{"1.18":[5029.285828,5030.527747,5026.571465,5029.179678,5026.975765,5026.549091,5030.849484,5025.72364,5029.690113,5028.411265],"1.19":[5082.497965,5083.580378,5088.7558,5083.214656,5085.33487,5089.927877,5085.11446,5084.070309,5087.183609,5084.093524],"1.20":[5078.049361,5079.390227,5077.782462,5077.58814,5082.237309,5080.143766,5083.030345,5081.206382,5078.965758,5081.132584],"gotip":[5063.730745,5066.587407,5063.212527,5062.938907,5065.03729,5066.716326,5062.586177,5069.901139,5067.500967,5062.359925]}},"Sort_Reversed":{"name":"Sort_Reversed","build_times":{"1.18":[135.607327,126.232139,129.411502,129.637508,133.678388,135.122618,140.779431,141.568647,127.201258,131.23174],"1.19":[110.421294,115.213471,110.701798,114.328957,108.397361,117.156286,111.110768,119.487431,119.91724,108.944326],"1.20":[119.612214,112.815053,122.686307,126.295999,118.554124,124.70377,120.894022,121.249436,121.889575,119.11638],"gotip":[133.616263,124.752587,128.099248,122.444375,125.176518,124.216245,120.900489,122.2546,125.852953,129.455713]},"run_times":{"1.18":[3572.849477,3578.191547,3574.830906,3581.81744,3573.416854,3572.953447,3572.909146,3575.835554,3573.594125,3574.407097],"1.19":[369.349108,370.48553,369.239212,370.07585,369.478134,370.561762,369.688139,369.667339,369.31723,370.373357],"1.20":[369.354759,370.74769,369.537646,370.028254,370.682666,370.978571,370.597364,370.230058,370.267159,371.851686],"gotip":[373.990281,374.078882,375.005099,375.389605,374.742494,374.732794,375.0432,374.739695,374.786195,375.111001]}},"TimeAfterFunc":{"name":"TimeAfterFunc","build_times":{"1.18":[150.063176,150.398782,146.520716,152.451418,155.427468,154.296449,145.465297,153.76374,141.990638,149.476466],"1.19":[125.384202,117.327767,126.564921,128.84856,127.302034,118.788463,121.656513,124.690865,120.052385,128.084925],"1.20":[140.740351,136.455516,134.741596,129.741617,138.074743,136.357228,132.686671,129.544428,141.348311,138.929744],"gotip":[142.525076,137.318763,131.377393,147.964687,142.184644,138.759579,146.026664,133.780344,150.418014,133.780397]},