{"Fibonacci":{"name":"Fibonacci","build_times":{"1.17":[128.33669,122.855226,122.956528,125.78736,122.933927,127.397979,123.16873,129.854108,121.045805,128.37989],"1.18":[129.308423,130.738241,125.471078,129.09772,133.184569,131.270647,129.548426,128.285711,129.404724,128.500214],"1.19beta1":[280.056529,285.010885,282.257454,282.74716,274.713567,277.248491,261.124003,260.089891,283.855664,274.171953],"1.19rc1":[162.73384,153.687298,156.445411,153.380097,151.687089,149.203878,147.40377,160.349629,160.807331,151.544589],"1.19rc2":[149.256584,144.253657,147.301573,147.135473,145.644765,155.492816,159.230836,143.209452,147.709475,144.69796],"gotip":[151.023192,140.742083,144.048217,144.006018,143.035507,155.073634,159.093176,143.656113,137.886453,145.676335]},"run_times":{"1.17":[3901.298928,3901.399437,3901.230785,3902.572124,3900.396563,3900.467249,3908.194701,3901.194459,3900.779443,3901.810763],"1.18":[4011.497585,4012.272107,4012.451053,4011.068165,4022.706932,4010.590513,4010.418852,4010.943822,4012.938582,4011.621147],"1.19beta1":[4014.338667,4012.280379,4012.636751,3522.415507,4016.034213,4012.606205,4011.170965,4012.261428,4012.374426,4014.348851],"1.19rc1":[3900.939894,3903.911463,3902.522899,3902.486905,3901.487718,3903.010493,3900.389857,3901.256555,3899.740204,3899.877972],"1.19rc2":[3904.361698,3906.830476,3906.100906,3905.798995,3908.226794,3439.115836,3905.529343,3904.763112,3903.901082,3907.097813],"gotip":[3414.363074,3466.921762,3428.903828,3425.36876,3901.435375,3902.031847,3906.311293,3906.041408,3901.881065,3904.916667]}},"Garbage_Collection":{"name":"Garbage_Collection","build_times":{"1.17":[133.385534,131.890727,137.559154,133.517634,154.072733,137.539054,135.823746,136.571749,132.56673,129.982419],"1.18":[144.87252,138.771968,144.059013,147.310941,143.178606,138.747368,140.213081,138.396065,153.771595,140.384282],"1.19beta1":[286.446605,284.548885,280.029535,285.863899,279.284128,282.29026,282.512462,279.721933,279.834933,289.044534],"1.19rc1":[153.885861,153.021353,153.927362,161.093525,152.65285,151.188037,149.541109,158.473367,153.955805,151.758678],"1.19rc2":[153.959314,148.312248,149.34566,149.665763,150.281071,148.499749,152.240994,151.085481,146.363324,151.643187],"gotip":[145.074443,150.154404,147.559773,146.153756,153.178541,154.682458,143.677127,144.452835,147.930378,146.432859]},"run_times":{"1.17":[5722.56271,5721.554181,5692.687021,5715.775047,5702.917167,5689.810349,5682.987021,5684.520948,5744.863484,5703.756416],"1.18":[5698.860236,5740.479728,5718.042823,5685.412506,5698.885007,5702.576341,5725.714805,5730.612262,5702.737147,5706.222188],"1.19beta1":[5621.401973,5640.302715,5452.427817,5598.176352,5270.178925,5239.85742,5621.720748,5616.508679,5604.726089,5636.084544],"1.19rc1":[5666.360331,5620.475628,5604.384948,5588.152465,5608.218015,5636.161122,5608.676156,5580.181146,5593.370153,5588.486197],"1.19rc2":[5638.85874,5585.592651,5657.522374,5623.372018,5613.424316,5590.022606,5595.336896,5624.90835,5602.399662,5567.826468],"gotip":[5563.084666,6095.709439,5567.72677,5543.249957,5603.135472,5544.185068,5565.968527,5546.083689,5538.072429,5573.77996]}},"Goroutine_Creation":{"name":"Goroutine_Creation","build_times":{"1.17":[141.300967,139.448245,142.239378,159.123577,133.01627,136.559211,132.433863,137.007816,139.841251,143.25679],"1.18":[143.540089,141.647466,147.307033,155.686932,145.081807,151.784386,140.817457,141.189861,146.756927,145.220009],"1.19beta1":[292.375242,290.187116,286.25157,287.297882,286.619975,286.990579,293.383354,277.347765,281.398213,278.733782],"1.19rc1":[157.088249,159.483176,149.843564,159.77878,153.633408,157.16525,154.088913,149.932465,154.213915,152.647596],"1.19rc2":[151.330883,150.577073,144.870807,160.654992,150.779276,150.438572,151.542685,145.644116,147.889942,150.495573],"gotip":[146.320621,163.795227,147.086831,145.30291,147.575036,145.427011,145.481612,149.445658,235.573372,190.40154]},"run_times":{"1.17":[8918.748481,8851.443985,8818.354214,8811.590421,8777.544855,8853.816267,8997.605243,9068.123185,8993.660994,9016.993883],"1.18":[4964.181079,5099.399561,4946.388554,4847.011759,5018.220666,5063.848914,5045.7995,5073.416525,5287.912904,5239.27635],"1.19beta1":[5163.07915,5121.262106,5207.553994,5132.665424,5163.839689,5342.002179,5389.827264,5361.323793,5199.387994,5163.744952],"1.19rc1":[8726.471896,8710.625769,8642.640189,8679.360752,8848.150773,8756.671307,8695.313374,8657.631461,8669.726483,8735.337633],"1.19rc2":[8763.970281,8862.915892,8800.236452,8779.483976,8758.22912,8685.848155,8682.101004,8774.259605,8915.919165,8862.234807],"gotip":[8866.052649,8803.876925,8759.977788,8707.044664,8888.645457,8796.282101,8799.997262,8763.166977,8747.01512,8690.822073]}},"MergeSort":{"name":"MergeSort","build_times":{"1.17":[138.635232,136.817911,127.238797,128.854417,130.104232,128.450012,131.089543,122.900347,129.655826,126.413588],"1.18":[147.919736,146.590823,139.160545,142.620182,136.854721,139.669051,138.009934,140.348158,138.355537,137.454428],"1.19beta1":[286.421133,294.880587,288.246144,285.185025,282.834074,282.651734,279.041811,279.588815,267.145139,273.532378],"1.19rc1":[170.85676,173.942594,160.507248,160.72985,158.735428,158.450525,160.72505,160.203244,161.851762,159.79154],"1.19rc2":[151.802625,171.452061,158.115501,152.957839,153.81625,155.113065,159.627419,151.610021,151.00571,156.990882],"gotip":[151.142397,155.131724,153.906016,148.41818,154.119917,160.839362,154.300318,153.501114,155.499726,150.052491]},"run_times":{"1.17":[6102.533477,6130.919407,5999.126432,5992.365433,5994.652556,6241.398055,6037.419939,6114.698294,6226.437213,6073.939795],"1.18":[5877.755554,5993.356189,5920.694628,5963.51553,5870.891025,5859.276736,5881.831207,5803.437503,5828.602143,5825.369277],"1.19beta1":[7370.763275,7077.422437,7131.476694,7199.661636,7195.060478,7164.858951,7197.351195,7427.691945,7569.411506,7597.98664],"1.19rc1":[7538.312572,7492.143176,7535.274895,7527.533108,7432.443829,7458.666558,7429.81745,7570.783628,7484.990615,7424.078499],"1.19rc2":[7664.385267,7753.480649,7573.268799,7694.725942,7780.487602,7757.109505,7781.662978,7667.73319,7653.939511,7713.838081],"gotip":[7726.619376,7650.899396,7835.316055,7829.830312,7749.477554,7694.88829,7652.438267,7615.534274,7656.618242,7683.900564]}},"Sort_Random":{"name":"Sort_Random","build_times":{"1.17":[151.511896,147.518349,144.342211,147.919554,148.760163,144.448612,144.693716,145.739627,146.83594,142.632291],"1.18":[155.002717,145.785615,165.281832,151.61928,148.866349,144.338099,148.303143,153.021395,151.200376,151.011773],"1.19beta1":[299.126782,294.210626,296.31415,290.254279,286.695638,291.478993,295.57824,290.39028,290.695784,295.635041],"1.19rc1":[166.084246,176.965874,171.106405,162.389503,168.014069,165.697842,170.145093,176.652771,171.159205,165.772043],"1.19rc2":[153.206108,149.05476,156.459146,165.156949,154.112319,162.861122,162.533019,157.693061,152.613102,155.965941],"gotip":[159.463658,161.081069,153.901225,160.194463,154.910331,153.08502,151.734012,153.362022,156.145238,158.04225]},"run_times":{"1.17":[5014.513852,5013.442968,5009.734109,5012.772389,5012.662543,5012.80426,5009.936677,5012.288243,5010.798564,4413.689104],"1.18":[5030.035968,5030.245761,5031.114978,5029.277421,5030.463489,5034.86666,4441.800006,4433.589975,4439.202355,5031.51808],"1.19beta1":[5026.978512,5028.190719,5023.411405,5020.438245,5022.743207,5024.018393,4438.140535,4438.257303,5025.528977,5023.999969],"1.19rc1":[5100.165779,5103.950008,5106.457908,5021.121485,5102.002119,5096.794808,4496.609299,4505.392448,5093.250399,4505.993086],"1.19rc2":[5078.167444,5071.770239,4482.387596,5073.489308,5070.650255,5077.339843,5073.151163,5070.718123,5070.065415,5069.363848],"gotip":[5079.461503,5087.373714,5086.695481,5083.078015,5081.59532,5080.721289,5084.083789,5080.470645,5079.667209,5079.997623]}},"Sort_Reversed":{"name":"Sort_Reversed",