{"Fibonacci":{"name":"Fibonacci","build_times":{"1.17":[138.825637,129.280565,127.969655,140.144747,136.64542,133.664498,131.087179,133.8895,131.560182,133.769499],"1.18":[141.080515,144.281839,137.338588,141.028816,142.182423,143.01323,137.820392,139.692905,134.972972,139.407204],"1.19beta1":[312.956838,296.549015,301.060049,299.385137,297.616423,302.293458,297.407622,298.072427,297.595023,310.807122]},"run_times":{"1.17":[3905.818764,3907.422862,3904.133238,3908.320075,3907.272646,3905.996228,3905.712109,3904.805596,3906.059391,3904.354884],"1.18":[4015.814908,4022.145895,4016.432484,4019.287435,4029.906934,4017.382483,4020.471533,4016.032122,4016.139704,4017.923938],"1.19beta1":[4015.849178,4015.628864,4017.18096,4015.958805,4016.209982,4018.900206,4017.50645,4018.681745,4017.589558,4017.500682]}},"MergeSort":{"name":"MergeSort","build_times":{"1.17":[141.74124,142.951446,138.808025,144.153853,142.496945,136.879514,139.233728,139.092426,139.663329,138.667425],"1.18":[146.837119,146.412916,157.3975,166.912473,144.859904,146.90732,145.470709,139.237261,142.302985,142.509386],"1.19beta1":[314.304045,306.381686,306.033284,308.151,301.905052,304.667874,309.313008,306.774189,309.432509,300.901846]},"run_times":{"1.17":[7040.095484,7191.560002,6892.79458,6892.2599,6876.057885,6979.861305,7003.795694,6983.268437,6949.359561,7285.650104],"1.18":[6764.447763,6789.306847,6799.445394,6667.785083,6687.03659,6722.676663,6702.043148,6697.750334,6730.010686,6886.888577],"1.19beta1":[8476.42522,8290.946645,8348.060426,8332.487602,8423.417435,8458.55612,8677.518364,8345.423003,8500.792606,8232.070041]}},"Sort_Random":{"name":"Sort_Random","build_times":{"1.17":[157.166463,160.218387,157.545566,159.762283,160.571289,159.950885,159.707782,160.969092,165.161523,153.377436],"1.18":[164.754117,164.585716,177.007808,167.493137,165.317122,162.4532,163.914412,163.838811,162.4498,162.088598],"1.19beta1":[321.773373,319.829658,317.569042,316.643735,314.026916,316.458834,315.115023,310.329488,322.69158,321.926774]},"run_times":{"1.17":[5020.760276,5022.72668,5019.404655,5022.149775,5020.101388,5018.126698,5019.696797,5019.894184,5017.651385,5017.70928],"1.18":[5035.618403,5031.73388,5032.611835,5035.028102,5034.723685,5033.00831,5032.809345,5037.786744,5035.418478,5032.738776],"1.19beta1":[5026.567487,5027.071146,5029.39588,5029.038543,5030.957547,5029.207841,5032.032598,5029.910687,5026.746074,5028.679313]}},"Sort_Reversed":{"name":"Sort_Reversed","build_times":{"1.17":[145.422074,151.75492,147.084385,146.491281,147.314588,143.919062,153.034529,145.205872,148.824098,151.903321],"1.18":[156.536145,152.876118,159.244765,157.837354,151.437508,151.81381,151.315607,156.297743,151.77621,152.107612],"1.19beta1":[330.227168,318.087277,304.363074,309.675915,312.121933,308.424305,310.619121,309.336912,311.234227,316.705967]},"run_times":{"1.17":[3719.592827,3716.733405,3717.580209,3717.452037,3719.791835,3717.976412,3722.388679,3723.876744,3721.726846,3719.261602],"1.18":[3579.485378,3584.857885,3578.298022,3578.478796,3579.887636,3578.812033,3580.143343,3580.429825,3581.326616,3580.260734],"1.19beta1":[370.164767,371.364476,370.199266,369.853364,369.680363,369.940565,369.912465,370.313166,369.757663,371.080872]}},"alloc_1.5k":{"name":"alloc_1.5k","build_times":{"1.17":[129.32861,134.914115,133.60069,131.630954,137.256258,138.348172,134.338393,136.716911,132.685081,136.70331],"1.18":[140.891958,146.130597,151.341537,147.621508,151.091735,142.673371,142.637371,139.037845,142.50227,144.706387],"1.19beta1":[321.425999,312.280318,313.033917,300.615744,303.626138,305.214334,298.756548,297.402452,303.242738,307.26153]},"run_times":{"1.17":[3255.800674,3275.967297,3293.219418,3402.520353,3304.32924,3288.417119,3278.417878,3301.82418,3292.33934,3267.772541],"1.18":[4354.619786,4356.503492,4354.78967,4354.264495,4353.646285,4353.003324,4351.879553,4353.77521,4351.869154,4353.972419],"1.19beta1":[4351.169082,4356.462233,4353.226833,4354.901005,4353.144838,4351.871232,4350.670331,4350.643972,4350.911379,4349.72001]}},"regexp_Compile":{"name":"regexp_Compile","build_times":{"1.17":[175.409886,173.38167,186.747168,179.886218,177.837403,177.373899,177.851104,186.777768,175.287785,171.569257],"1.18":[177.818007,179.281819,183.249347,180.886231,181.602535,176.637099,180.660529,183.060946,179.112017,175.191488],"1.19beta1":[347.478273,352.711312,346.286164,335.677986,332.505062,343.347343,341.440028,338.621608,336.726593,344.899054]},"run_times":{"1.17":[1142.552772,1144.141484,1136.747729,1134.879616,1141.390472,1137.210363,1143.382109,1152.976879,1158.789321,1170.721809],"1.18":[1200.981273,1186.347151,1212.475641,1181.246415,1186.684954,1202.65907,1216.837924,1189.075605,1186.620887,1201.8803],"1.19beta1":[1222.888861,1195.655168,1240.124797,1218.199535,1225.084586,1219.077842,1210.86018,1202.071015,1224.296678,1214.626107]}},"regexp_FindAllString":{"name":"regexp_FindAllString","build_times":{"1.17":[181.166343,179.974935,178.862626,184.229866,186.585584,182.187651,191.961223,180.59874,182.11785,179.683432],"1.18":[192.018524,191.299119,192.945631,191.350819,192.444627,187.043387,195.662251,186.09248,189.928909,195.55685],"1.19beta1":[347.032567,353.650815,348.340473,349.696767,353.847298,344.065126,349.324164,351.581582,348.897061,354.855606]},"run_times":{"1.17":[2400.858803,2377.296241,2387.73732,2403.451838,2394.838245,2387.16366,2382.841228,2376.888389,2391.174134,2391.093232],"1.18":[2390.708822,2407.526041,2406.805336,2393.310033,2415.047489,2389.697401,2416.914103,2399.798552,2398.760542,2416.158471],"1.19beta1":[2310.095261,2268.789458,2279.364981,2264.011406,2323.373318,2275.333604,2303.128124,2294.959163,2279.080346,2282.389349]}},"switch_case":{"name":"switch_case","build_times":{"1.17":[213.414794,210.767875,214.425002,221.839657,217.491225,219.821142,209.085562,215.990514,208.397057,215.651411],"1.18":[220.281536,219.49483,216.481301,218.641591,233.478592,247.683589,224.337929,216.753278,226.756147,218.63149],"1.19beta1":[383.190183,435.558963,374.806522,371.355997,378.56105,367.778471,370.696392,375.115624,372.980109,378.117546]},"run_times":{"1.17":[5222.143177,5209.467793,5213.900711,5216.946486,5216.882488,5220.604917,5212.742786,5210.800607,5216.088821,5210.152498],"1.18":[5730.129773,5732.925218,5733.136606,5730.602359,5728.846168,5737.838611,5734.554061,5730.950254,5728.389991,5732.493448],"1.19beta1":[3275.923447,3279.858458,3276.852318,3280.041926,3278.393714,3277.060816,3276.510918,3279.125037,3276.717718,3275.78901]}}}