{"Fibonacci":{"name":"Fibonacci","build_times":{"1.17":[103.207279,104.546421,101.188281,103.266699,102.87636,103.326077,103.710753,106.11053,106.018478,104.762511],"1.18":[109.751596,107.429182,114.972088,111.353365,107.239807,107.183823,108.580804,107.149686,107.383284,106.649291],"1.19beta1":[223.896125,219.191283,222.733569,253.53792,226.074984,223.387731,222.596283,231.343627,222.013638,223.807489],"1.19rc1":[136.768681,125.072399,135.10058,122.035093,126.465481,124.616485,127.212503,123.613177,124.436565,121.031043],"1.19rc2":[124.669698,117.525716,125.47461,118.672976,115.342549,117.547594,125.336146,116.355982,117.023137,113.824001],"gotip":[118.825906,124.410587,114.530338,112.911179,141.133597,145.646385,116.985773,118.07222,117.623105,117.480735]},"run_times":{"1.17":[3433.724416,3446.721507,3450.1161,3444.521377,3435.25601,3440.304066,3433.23119,3433.407626,3443.143266,3470.230534],"1.18":[3442.312881,3444.759807,3472.607455,3435.823716,3433.667632,3437.294918,3433.167675,3439.527846,3447.636647,3442.633689],"1.19beta1":[3475.791284,3437.198513,3443.200654,3438.083962,3436.887064,3437.809989,3438.378769,3436.777801,3436.55891,3438.042439],"1.19rc1":[3432.329096,3467.578681,3433.309998,3432.091105,3433.569841,3450.359964,3444.919517,3435.690541,3437.41495,3440.943596],"1.19rc2":[3435.270034,3549.372595,3442.267322,3436.083327,3434.01452,3443.711712,3431.85085,3436.112273,3459.788411,3448.133776],"gotip":[3435.602539,3482.018458,3437.934194,3448.224965,3433.864264,3441.549288,3434.827702,3435.288917,3436.859281,3437.641024]}},"MergeSort":{"name":"MergeSort","build_times":{"1.17":[112.898998,111.236432,138.768901,109.818725,113.528792,112.050846,105.277698,122.699129,111.337609,110.666816],"1.18":[115.157007,111.595127,112.7932,112.017224,109.56506,112.697603,114.427111,110.631064,111.849139,116.704155],"1.19beta1":[230.567979,234.206796,226.404617,226.693565,227.035164,224.11697,227.739179,222.219695,227.645795,225.378689],"1.19rc1":[129.234266,127.789889,136.727666,132.074874,140.174004,129.668436,126.351043,124.118213,130.219274,133.306123],"1.19rc2":[128.924335,124.61055,124.603648,130.875993,126.857946,124.007548,124.658758,121.564218,122.082245,121.614181],"gotip":[150.098626,122.67475,121.684477,121.955421,123.308736,122.139583,124.716093,119.064026,130.015356,127.373069]},"run_times":{"1.17":[6810.953652,6839.1039,6748.649483,6814.521932,6900.96167,6808.592843,6818.345172,6867.542306,6730.499507,6870.745803],"1.18":[6235.376676,6208.570222,6273.501197,6281.188741,6245.292135,6266.45271,6216.754063,6239.686979,6227.339352,6206.800262],"1.19beta1":[7723.76781,7746.14428,7728.560697,7698.603305,7720.958585,7712.877821,7693.72088,7688.099388,7668.804358,7595.412268],"1.19rc1":[7768.789453,7650.315795,7837.923948,7662.870424,7776.804487,7684.534726,7636.08419,7734.956419,7668.497004,7709.484596],"1.19rc2":[7890.198289,7974.946005,7955.85208,7966.767638,7933.172262,7987.796414,7942.149573,8014.889228,7993.525749,7967.902939],"gotip":[7913.194429,8004.214032,7970.650192,7988.976123,7933.580744,7980.005196,7945.041534,7937.350934,7939.633944,7946.547358]}},"Sort_Random":{"name":"Sort_Random","build_times":{"1.17":[121.887804,124.592353,121.165915,124.051812,124.70481,122.9013,124.081311,127.443263,123.161424,123.390699],"1.18":[137.424002,126.260998,133.202222,129.154257,129.813109,129.467201,125.598222,125.860219,128.535963,126.284449],"1.19beta1":[240.041812,237.35264,235.668347,256.154483,236.446479,230.707332,235.393572,236.071415,231.491974,233.665724],"1.19rc1":[143.862677,141.693659,145.4204,143.932423,147.142652,144.574275,146.063099,143.789774,145.135252,148.427063],"1.19rc2":[133.65326,138.190019,133.460965,132.716128,132.323267,132.748375,132.104273,132.396479,131.157156,134.9511],"gotip":[137.222892,136.999624,146.185571,135.805507,133.049634,133.051538,131.824228,130.854686,132.714382,132.150507]},"run_times":{"1.17":[4352.297994,4352.12007,4362.765866,4358.655447,4372.17469,4355.754925,4347.629982,4356.982301,4354.298832,4356.406084],"1.18":[4289.883568,4280.707392,4283.471956,4308.187628,4290.824042,4280.202563,4305.051824,4305.574542,4282.310949,4294.676976],"1.19beta1":[4254.776794,4340.801871,4280.599486,4253.271093,4273.97792,4257.463372,4252.59617,4253.546736,4257.699084,4290.03324],"1.19rc1":[4265.031483,4276.335761,4271.10375,4266.197667,4262.992939,4409.677794,4257.535502,4255.315142,4257.436546,4250.00199],"1.19rc2":[4250.787071,4261.269751,4275.621733,4274.235151,4252.19359,4243.814303,4247.564249,4247.675052,4322.303102,4262.681094],"gotip":[4258.366013,4273.949015,4247.163143,4246.898701,4250.983068,4252.197192,4266.943231,4255.606214,4245.712286,4243.928831]}},"Sort_Reversed":{"name":"Sort_Reversed","build_times":{"1.17":[115.715715,119.707954,117.043699,115.785322,113.498696,118.829183,114.166605,112.896099,110.814056,115.155954],"1.18":[119.423983,115.313542,116.339695,118.596265,115.194295,118.253825,119.740423,119.842035,115.275475,117.600141],"1.19beta1":[233.555624,229.083896,226.465783,227.7649,225.961644,228.696548,229.266573,234.882041,236.796107,296.689999],"1.19rc1":[132.592613,131.664285,132.671998,131.032997,131.675601,127.718646,133.881768,129.579884,130.661702,131.864351],"1.19rc2":[128.922155,123.011234,124.219911,123.519824,126.87895,126.860899,125.335897,125.089687,129.407895,126.693048],"gotip":[125.394996,122.797846,123.41034,127.873501,129.390217,127.49485,128.154415,123.619483,126.532793,127.726416]},"run_times":{"1.17":[2601.590732,2601.466227,2710.121994,2597.378876,2599.345922,2601.114907,2600.75287,2603.04461,2604.577626,2602.347785],"1.18":[2545.763859,2546.115603,2592.550452,2544.997138,2559.831744,2545.042094,2560.828789,2550.5702,2558.971066,2545.041703],"1.19beta1":[330.971478,283.21195,285.22566,322.346974,286.086671,282.758075,282.385819,281.835412,282.67562,282.08809],"1.19rc1":[260.919425,259.644389,259.890842,263.839266,265.125363,259.4157,259.874234,260.159498,270.021536,259.624366],"1.19rc2":[265.457279,259.863325,259.940071,261.595157,262.922612,270.604151,261.865719,260.075751,261.04423,259.361982],"gotip":[264.234697,263.347835,259.302934,260.391344,260.983858,259.79837,260.006451,259.524318,262.225092,258.829217]}},"TimeAfterFunc":{"name":"TimeAfterFunc","build_times":{"1.17":[130.137181,135.738102,125.473532,127.075002,123.047837,153.044447,127.029006,123.781716,126.968764,126.417919],"1.18":[233.918581,131.460839,132.286248,133.624562,181.21436,132.685095,131.337239,130.752886,129.760291,126.283499],"1.19beta1":[666.548311,251.536889,239.587867,238.525425,241.008534,237.110334,237.405447,235.652539,237.094651,236.42587],"1.19rc1":[328.309467,159.078847,154.662053,147.628546,151.317407,150.506484,148.1382,150.905652,146.750523,146.978406],"1.19rc2":[339.674394,142.853139,147.41869,139.231573,134.757426,142.855037,139.045122,137.825781,140.712029,135.380923],"gotip":[326.493614,135.542981,143.810995,138.407971,144.274643,139.797083,140.092405,138.753546,138.569435,139.134516]},"run_times":{"1.17":[4221.670003,4357.227205,4801.130252,4816.409946,4784.561152,4315.255948,4410.336206,3707.000125,4418.060681,4368.910962],"1.18":[6377.223795,5531.405619,5267.832992,5393.715739,4799.037027,5899.661792,5379.755228,2620.386026,5694.429872,4022.488875],"1.19beta1":[6046.362329,5305.307387,4814.04713,4776.692397,5155.985908,5050.588976,3977.032681,4824.069913,5103.785729,4109.229009],"1.19rc1":[5846.409083,4419.540405,5379.918091,5213.844293,4462.121873,5234.339336,4437.45908,4989.0641,5332.140885,4944.771145],"1.19rc2":[4332.996788,4181.207364,4938.326554,5377.404815,4545.694179,5340.102569,5288.045188,4101.180744,4542.648603,5174.432717],"gotip":[5839.730916,5148.124114,5377.992008,5861.263364,4974.965245,5212.717325,4523.073971,4793.980629,5216.290361,5117.44583]}},"alloc_1.5k":{"name":"alloc_1.5k","build_times":{"1.17":[188.684987,114.151349,104.785857,110.346288,101.213228,104.43076,109.917668,108.482622,102.851798,104.412183],