{"CGO_CALL_C_FUNC":{"name":"CGO_CALL_C_FUNC","build_times":{"1.18":[467.353958,458.376601,461.121287,455.643714,460.404291,466.687061,463.518076,455.148316,458.282101,454.30872],"1.19":[486.836763,476.729611,474.451623,468.836049,476.354114,477.329809,474.81792,472.260333,468.373952,474.730921],"1.20":[412.202421,412.916343,417.160114,416.139691,409.804866,411.045643,410.737253,410.248063,413.044652,416.195542],"gotip":[446.004603,447.723597,446.524698,444.32931,458.494551,445.380032,449.193962,472.277822,453.065797,452.020309]},"run_times":{"1.18":[3619.962029,3621.64852,3615.675548,3617.502239,3618.145436,3617.492837,3618.999629,3621.565617,3618.449933,3618.176932],"1.19":[3614.099151,3613.273255,3613.709653,3616.054741,3610.275269,3611.763062,3614.615549,4639.879326,3614.944947,3612.688957],"1.20":[3632.585114,3634.174529,3643.750683,3632.657431,3636.163015,3651.632413,3634.452888,3635.412638,3633.672579,3632.578657],"gotip":[3652.95492,3672.878956,3614.308145,3575.328414,3655.789054,3651.516487,3651.233404,3683.966131,3636.988269,3641.906293]}},"Fibonacci":{"name":"Fibonacci","build_times":{"1.18":[139.336195,117.578489,118.403986,118.238887,111.356716,114.677515,115.391212,111.589628,113.978718,114.708414],"1.19":[113.977594,103.833639,103.52754,112.286802,108.13052,107.233123,107.138524,118.146375,110.640409,105.471531],"1.20":[114.579875,109.763414,108.977455,111.006388,113.609181,118.040986,114.836281,112.230496,120.084959,113.297849],"gotip":[113.467782,111.310284,114.327275,112.84338,111.344587,119.006155,113.50125,105.79321,105.848909,107.657199]},"run_times":{"1.18":[4798.501895,4796.895516,4796.65239,4800.874863,5038.388483,4799.575292,4796.999018,4813.649154,4798.786834,4798.073814],"1.19":[4800.223404,4792.418182,4793.213786,4793.616902,4792.138427,4792.572923,4794.548835,4792.835536,4792.230517,4792.662979],"1.20":[4792.20447,4792.734156,4796.847653,4795.579251,4795.661641,4797.467956,4794.526105,4799.81352,4794.660746,4795.880019],"gotip":[5206.09916,5206.580969,5205.684009,5208.478348,5205.931445,5206.036087,5210.262248,5205.966959,5206.78965,5205.366251]}},"Garbage_Collection":{"name":"Garbage_Collection","build_times":{"1.18":[126.356906,120.862933,124.620915,124.876613,124.501115,118.644942,125.825009,128.982194,122.784823,123.49662],"1.19":[108.186192,138.54065,112.492372,108.63049,112.299374,105.160507,108.086493,106.5651,109.759285,109.356888],"1.20":[117.519954,112.07997,120.219831,118.003647,119.499453,111.899944,112.836735,110.942454,116.76251,112.436129],"gotip":[118.271563,117.124401,106.770187,114.034057,112.485554,115.430443,120.409405,109.86074,112.001237,111.172736]},"run_times":{"1.18":[5186.203837,5261.594181,5198.727376,5217.373788,5184.093646,5233.733011,5206.515433,5255.203013,5183.676555,5218.358712],"1.19":[5226.705198,5204.919376,5201.235658,5244.75577,5221.75401,5209.768508,5220.182279,5183.536461,5192.341451,5183.588484],"1.20":[6143.914532,6143.706606,6087.660341,6094.442901,6126.435296,6151.273479,6126.055944,6095.63518,6134.181405,6275.05586],"gotip":[6646.107753,6638.943166,7461.150341,6644.996139,6641.542272,6618.325669,6645.364066,6451.870417,6615.270488,6639.111995]}},"Goroutine_Creation":{"name":"Goroutine_Creation","build_times":{"1.18":[127.789053,128.348151,127.337055,125.135964,128.276041,125.073497,124.814898,124.284602,127.212384,123.899404],"1.19":[171.738028,107.871015,109.169309,108.855411,112.016896,105.929023,105.128428,112.057596,108.312813,108.271513],"1.20":[120.634158,121.955046,112.520988,117.90276,111.10789,123.327935,116.392263,118.962849,114.713573,113.570675],"gotip":[113.710682,111.982085,122.424967,112.224884,121.804952,115.415664,121.326176,113.657228,117.296316,112.138916]},"run_times":{"1.18":[6143.533959,6187.726922,6107.01022,6042.154517,6116.543586,6157.923547,6133.833963,6217.742159,6192.167534,6298.836956],"1.19":[10419.059706,10348.892341,10344.395113,10424.314507,10428.322447,10396.185224,10413.321009,10335.828583,10348.059492,10359.814993],"1.20":[10493.098813,10482.882291,10496.318479,10617.703881,10664.170242,10604.481367,10495.143943,10459.999029,10498.564891,10546.755066],"gotip":[6306.657976,6276.861047,6246.628698,6259.170206,6262.185631,6217.751899,6234.888826,6238.7099,6250.321979,6264.59806]}},"MergeSort":{"name":"MergeSort","build_times":{"1.18":[120.689001,119.540506,123.042629,115.365179,127.572334,119.192765,118.232768,119.321064,117.85707,116.914471],"1.19":[150.745704,116.677139,116.001042,119.066829,117.647835,114.149649,116.556739,111.830958,110.555663,107.856973],"1.20":[121.745384,110.378236,117.703006,113.646017,120.869387,108.627514,115.924487,115.349593,111.737607,113.873097],"gotip":[123.457544,117.151573,110.424301,110.837997,117.44466,113.32318,113.259879,113.597477,115.896368,112.101084]},"run_times":{"1.18":[5879.396698,5777.762246,5775.057139,5740.71386,5796.351372,5807.62078,5788.31351,5774.33758,5778.699351,5858.685237],"1.19":[7470.369182,7469.041626,7348.916056,7360.49589,7369.068285,7348.574265,7413.522226,7419.791655,7371.266832,7426.944177],"1.20":[8041.373205,8043.731896,7989.328731,8053.788553,8022.249761,7982.60432,8011.777916,8055.393678,8093.606023,8018.728292],"gotip":[8356.296343,8272.148574,8324.902377,8255.654146,8203.081118,8327.855683,8260.037951,8255.997584,8227.888697,8227.983744]}},"Sort_Random":{"name":"Sort_Random","build_times":{"1.18":[137.981868,137.840568,142.654946,139.59536,142.305748,137.40347,138.166766,134.329484,137.121771,136.598173],"1.19":[114.700289,115.016288,116.71058,114.350791,119.614067,118.258673,119.451071,114.951676,112.845978,115.819675],"1.20":[125.105487,125.48167,128.678449,121.34846,134.721601,124.194441,120.486819,122.279747,128.540168,129.221662],"gotip":[125.740504,123.439462,124.402563,140.962287,122.585985,122.557665,131.264226,125.709247,123.728337,134.767093]},"run_times":{"1.18":[5982.735741,5992.67794,5978.832434,5980.284788,5973.633055,5978.506208,5976.495447,5971.918855,5977.07373,5979.167093],"1.19":[5920.729934,5955.491149,5956.016915,5952.139446,5952.18803,5919.957932,5917.564188,5921.20252,5937.883406,5915.397696],"1.20":[5998.502648,6012.092136,6010.383611,6013.743455,6002.999004,6011.015575,6024.974923,6005.13441,6004.405815,6000.858431],"gotip":[5984.068036,5966.171124,5964.537281,5963.324802,5965.726505,5969.641891,5964.303101,5966.21189,5968.192987,5964.228218]}},"Sort_Reversed":{"name":"Sort_Reversed","build_times":{"1.18":[128.894519,126.143832,121.576552,124.625038,129.416217,124.34674,126.210531,123.662143,124.934337,128.902919],"1.19":[116.426774,132.509901,113.892486,113.01189,110.242902,110.443401,108.66521,113.886186,109.937304,108.018712],"1.20":[114.762281,118.085853,115.691465,112.638389,111.87339,118.952454,120.36185,114.659071,117.950157,116.212563],"gotip":[117.112861,108.052003,117.635958,112.667925,111.606101,111.710955,112.52142,110.66672,110.910123,113.051897]},"run_times":{"1.18":[3543.588131,3545.614414,3538.979244,3544.04022,3538.427246,3538.021612,3546.73777,3545.814768,3543.192377,3544.424879],"1.19":[361.249968,361.319168,361.349767,361.511467,360.87777,361.593765,362.284163,361.203867,361.427266,360.808269],"1.20":[362.857124,361.70883,361.215932,362.898224,361.231632,362.768525,361.972528,361.513731,361.752729,361.513331],"gotip":[365.645295,365.014296,371.004975,368.078286,366.75319,367.919386,369.83238,366.136092,366.311892,369.837179]}},"TimeAfterFunc":{"name":"TimeAfterFunc","build_times":{"1.18":[146.984594,138.458435,139.362331,134.069256,148.488387,139.864028,142.348117,133.508259,134.254756,139.255931],"1.19":[182.904322,126.862691,126.081695,119.234128,120.530222,122.267312,123.294608,129.664078,123.514806,124.5199],"1.20":[145.322412,127.241286,128.62628,130.922902,124.214194,130.415379,135.700946,130.70997,129.667823,127.172088],"gotip":[128.441883,124.416302,126.561395,125.732814,126.27141,124.901696,119.125532,129.41999,120.005234,126.633405]},