{"Fibonacci":{"name":"Fibonacci","build_times":{"1.17":[145.438993,142.400378,161.308413,155.974457,142.160446,147.617289,151.520921,148.371796,163.076314,144.159761],"1.18":[144.452619,158.439407,175.409916,147.334537,146.27303,139.071184,162.886036,140.319492,164.312545,138.827283],"1.19beta1":[338.259869,313.27683,347.292019,304.870184,292.038213,315.107141,309.717211,329.35242,316.571449,317.596054]},"run_times":{"1.17":[4015.465657,3891.544294,3956.226531,3949.365724,3999.09139,3971.593832,3948.787931,3988.881448,3891.717879,4049.917859],"1.18":[3912.962182,3888.139472,3964.608458,3978.510116,3893.274055,3903.392404,3956.232594,3988.723303,4029.681599,4034.04313],"1.19beta1":[3984.72278,3884.609006,3974.144129,4064.369183,4169.973581,4026.257175,3989.292245,3905.644005,4029.772185,3972.025535]}},"MergeSort":{"name":"MergeSort","build_times":{"1.17":[177.696004,160.711137,166.397159,153.349007,148.93509,146.689081,161.202839,144.188171,145.263876,145.856977],"1.18":[142.3333,149.339938,209.645478,157.392784,158.58739,151.34425,161.661108,155.538874,165.180327,153.07906],"1.19beta1":[328.552019,347.115723,340.877089,315.960551,332.434342,311.278725,310.091619,343.907806,322.922689,324.193797]},"run_times":{"1.17":[7428.454727,7386.039306,7375.946791,7180.702072,7565.361387,7361.038236,7508.984867,7309.820296,7421.654,7525.112267],"1.18":[6863.679927,7682.222472,7082.677089,6860.367648,6826.180555,7049.470122,7031.175986,6940.908596,6927.292503,6769.013929],"1.19beta1":[9084.619648,8786.58767,8698.128195,8753.007707,8898.087742,8637.185323,8668.185612,8845.223503,8844.035607,8610.93953]}},"Sort_Random":{"name":"Sort_Random","build_times":{"1.17":[168.518423,179.317382,173.428449,175.656362,175.25436,166.315811,181.707995,181.935097,175.076159,165.103204],"1.18":[175.404272,185.257531,199.594971,176.758066,184.733633,175.937537,165.219311,166.35421,155.191711,158.20021],"1.19beta1":[354.085716,359.334817,320.927105,340.978811,357.302417,358.497417,363.215118,357.285917,340.249511,343.848912]},"run_times":{"1.17":[5288.928757,5298.898603,5085.275986,5118.481711,5228.095222,5341.744299,5238.968974,5211.172175,5089.369136,5294.808313],"1.18":[5093.095072,5093.222636,5063.598333,5045.852019,5019.57204,5312.690168,5248.878156,5116.361904,5082.175462,5087.704218],"1.19beta1":[5150.864674,5187.846912,5233.722781,5226.258687,5149.850356,5129.071641,5088.893415,5084.939516,5035.52158,5098.969802]}},"Sort_Reversed":{"name":"Sort_Reversed","build_times":{"1.17":[157.526928,145.780625,152.809162,170.950051,155.610956,141.586559,148.218758,142.107859,145.993958,148.947858],"1.18":[175.607882,148.237316,181.916875,167.912691,166.062594,159.054703,167.098592,165.947394,168.660091,154.600808],"1.19beta1":[343.305492,310.225836,324.205659,313.023841,321.093554,362.306025,331.622873,337.630082,345.548297,310.293935]},"run_times":{"1.17":[3935.501174,3901.996733,4014.750122,4173.926086,4061.58661,3980.22547,4069.503909,4101.776012,3933.312621,4001.921983],"1.18":[3892.179569,4014.54487,4257.597369,4022.178972,4122.664239,4033.29127,3887.127001,3989.958995,4021.22729,4061.041154],"1.19beta1":[391.154975,386.152166,386.547068,401.952115,403.777217,389.639799,403.435406,402.373676,406.125317,418.127394]}},"alloc_1.5k":{"name":"alloc_1.5k","build_times":{"1.17":[129.935429,143.791817,141.281302,132.337844,136.779273,133.18465,129.856328,133.676033,138.946264,140.642774],"1.18":[154.935637,150.814912,164.689096,145.337979,145.562481,144.224272,144.869076,143.208566,147.258891,148.694999],"1.19beta1":[299.34305,297.10994,296.429737,295.619233,292.387019,315.723824,297.654042,302.737313,310.348799,331.737723]},"run_times":{"1.17":[3405.993769,3528.957433,3463.248897,3511.011125,3571.850923,3524.392521,3625.54595,3751.303828,3478.1834,3576.005428],"1.18":[2425.268967,2337.843275,2374.631271,2294.07369,2356.664499,2438.744553,2324.592332,2266.398245,2298.735567,2276.243365],"1.19beta1":[2302.521617,2575.64769,2390.937823,2421.914819,2437.261843,2390.688074,2366.526791,2289.310301,2419.06962,2413.403293]}},"regexp_Compile":{"name":"regexp_Compile","build_times":{"1.17":[177.682789,189.919756,184.354026,188.156147,186.146636,173.277764,178.764994,164.011613,175.228875,185.584832],"1.18":[187.604344,173.372364,180.739505,177.904389,193.547477,182.371214,174.346569,179.267197,178.259692,186.562837],"1.19beta1":[337.834579,331.045942,338.14288,326.071976,334.454266,338.356987,343.857515,345.993127,346.62123,328.532835]},"run_times":{"1.17":[1155.993732,1195.593852,1142.416457,1160.696362,1243.795925,1231.195355,1174.298638,1259.14201,1232.348961,1169.427106],"1.18":[1231.733849,1243.301915,1252.289864,1213.217847,1183.07778,1190.455822,1240.111398,1229.924542,1213.755051,1266.390444],"1.19beta1":[1244.524571,1309.692515,1288.686605,1428.718944,1268.157875,1244.29489,1273.212049,1314.673979,1333.545183,1313.088171]}},"regexp_FindAllString":{"name":"regexp_FindAllString","build_times":{"1.17":[189.961152,195.649083,195.393882,193.12537,209.77256,204.826733,196.097484,200.948411,195.761183,206.365541],"1.18":[197.71699,192.803062,184.87302,190.361749,187.985536,213.353076,192.049459,185.733924,188.898241,200.966908],"1.19beta1":[363.23221,363.537712,359.51989,380.651807,375.353577,353.400056,352.147349,375.74028,364.136715,359.719291]},"run_times":{"1.17":[2901.194642,2906.27857,2880.987405,2865.077902,2807.244384,2617.382656,2754.806921,2772.415517,2849.339512,2748.159049],"1.18":[2683.1057,2563.716205,2491.669511,2468.618282,2543.609543,2565.987806,2693.006336,2691.408737,2633.730801,2626.350461],"1.19beta1":[2515.939524,2603.866335,2558.954997,2493.211732,2553.914638,2606.603969,2522.335191,2556.105872,2552.377679,2520.619105]}},"switch_case":{"name":"switch_case","build_times":{"1.17":[243.394277,245.66039,242.506872,241.065565,229.357503,220.787859,225.395783,243.095376,242.566273,233.489225],"1.18":[283.049559,283.038159,234.413409,236.544119,227.853175,225.977165,210.674586,224.373457,228.028475,221.775044],"1.19beta1":[404.3273,401.772687,390.836633,395.229355,397.150064,371.338637,372.16924,393.208945,433.002541,436.192158]},"run_times":{"1.17":[6315.327366,6316.093239,6128.186476,6195.284658,6319.19412,6182.53865,6108.373931,6089.947805,6110.452735,6216.48005],"1.18":[6455.666766,6200.939216,6098.198594,6007.792222,6064.347828,6008.377826,6131.872887,6274.15484,6033.175867,5954.155508],"1.19beta1":[3585.640667,3475.645386,3533.145194,3829.127878,3681.94212,3542.259443,3427.236032,3517.417447,3616.273553,3699.931454]}}}