{"Fibonacci":{"name":"Fibonacci","build_times":{"1.17":[135.575396,127.035115,133.399576,125.843203,126.915614,129.052134,121.200059,120.371551,124.731093,126.745412],"1.18":[130.318523,129.186812,132.121738,136.725777,130.780826,134.806261,133.59855,134.500258,133.747852,131.813635],"1.19beta1":[283.124672,280.173846,285.678895,277.447622,277.739426,277.075219,276.822517,276.753517,282.600767,275.017802],"1.19rc1":[153.384636,153.996742,161.497407,153.864341,166.861153,151.50712,152.337027,154.671348,146.477676,151.822323],"1.19rc2":[151.335277,147.15254,159.135848,144.192712,149.359759,143.98071,143.550407,147.751444,150.097666,146.448133],"gotip":[150.858739,145.116281,184.988087,148.093011,149.558026,147.359003,145.771588,147.465404,142.650556,140.748236]},"run_times":{"1.17":[3904.261536,3902.582724,3902.883937,3906.996091,3903.5614,3902.28635,3904.881538,3902.827013,3900.891463,3908.184288],"1.18":[4011.984445,4025.639171,4013.450264,4013.162384,4011.152058,4016.077099,4011.735776,4012.833854,4012.771823,4012.300573],"1.19beta1":[4011.197293,4012.646074,4012.602707,4019.655512,4010.97581,4020.999079,4011.878961,4010.819811,4011.053541,4012.82346],"1.19rc1":[3901.01929,3901.473784,3915.481758,3903.361811,3901.332337,3902.074657,3901.844604,3901.610009,3908.472973,3903.552722],"1.19rc2":[3905.370513,3904.622935,3906.316655,3904.956492,3904.162109,3906.629628,3905.499544,3905.983988,3903.450509,3903.497626],"gotip":[4010.7587,4011.181922,4011.049637,4010.90664,4013.359602,4010.564579,4014.254443,4010.907941,4011.551338,4012.19216]}},"MergeSort":{"name":"MergeSort","build_times":{"1.17":[133.151747,137.298985,132.091737,146.07901,126.995504,127.910312,132.795554,127.959212,131.08684,131.856446],"1.18":[141.784986,138.397254,140.511174,140.06027,136.431437,140.632475,137.163943,133.582711,135.005524,135.68853],"1.19beta1":[281.851607,280.413995,290.957888,286.095245,283.576723,281.907608,277.084065,281.948008,282.401512,281.495904],"1.19rc1":[167.603885,155.238875,155.773081,154.458368,158.724706,152.31685,158.912808,154.089365,156.84629,150.332432],"1.19rc2":[151.056815,147.899288,160.408396,187.655034,160.511198,150.46821,149.857705,150.205708,143.380048,150.020207],"gotip":[153.191685,150.443961,168.464112,155.794706,163.684572,145.993324,151.848073,146.603829,143.079199,148.384858]},"run_times":{"1.17":[6207.05906,6042.31968,6038.376208,6042.164711,6060.885542,5972.4514,6171.386351,6017.166749,5953.081796,6015.000846],"1.18":[5806.796939,5866.860278,5820.645261,5857.845332,5868.529825,5811.694202,5973.3372,5862.149937,5840.233457,5806.930292],"1.19beta1":[7225.499261,7187.49159,7281.879278,7268.26701,7338.691729,7213.30705,7260.44624,7209.044697,7283.873648,7307.771198],"1.19rc1":[7346.374957,7445.12215,7371.169606,7338.567021,7436.459064,7539.729005,7416.896607,7478.227428,7375.061619,7283.374725],"1.19rc2":[7709.916827,7692.80721,7662.127537,7654.384063,7908.326639,7705.723022,7703.813796,7784.402652,7633.394771,7636.38777],"gotip":[7628.320499,7618.572997,7603.405581,7529.191908,7594.627515,7543.150201,7625.894168,7572.995988,7554.162317,7640.638885]}},"Sort_Random":{"name":"Sort_Random","build_times":{"1.17":[150.150185,153.238811,149.430078,143.650129,144.96804,146.997057,148.912174,145.932348,153.301111,147.984366],"1.18":[160.871242,159.702928,168.94184,166.128905,157.818205,156.254687,153.922558,162.580663,156.112284,159.434225],"1.19beta1":[300.836876,299.575965,303.266799,304.402009,304.817213,301.120579,300.472273,297.540746,297.120542,301.797285],"1.19rc1":[170.43905,172.296466,171.037355,170.503151,177.273908,169.067939,169.049338,167.004221,168.344832,169.133539],"1.19rc2":[158.39187,160.913791,159.56808,156.656155,154.265834,165.654032,161.981101,155.913748,159.109076,157.429162],"gotip":[158.662802,157.932894,165.739678,154.576158,158.193896,158.018194,159.08251,156.789251,158.105363,158.245765]},"run_times":{"1.17":[5011.562068,5016.386034,5012.228925,5014.569288,5023.295829,5009.601368,5025.92918,5016.145674,5013.491329,5013.26822],"1.18":[5034.43212,5031.941935,5034.55092,5029.828968,5029.956587,5030.359054,5030.952873,5030.120134,5031.523401,5033.707226],"1.19beta1":[5020.441751,5024.878601,5027.886649,5022.943755,5019.988542,5022.134497,5024.181357,5021.85217,5024.133545,5021.245522],"1.19rc1":[5097.775916,5112.905497,5105.545088,5098.35933,5098.157197,5094.642555,5105.476706,5111.176751,5113.721424,5094.751167],"1.19rc2":[5068.616867,5071.517841,5071.02383,5070.004855,5069.250639,5069.914057,5070.86423,5070.293899,5070.100838,5072.987714],"gotip":[5027.658715,5029.211826,5031.143376,5032.948738,5024.585331,5027.383076,5027.039942,5045.960008,5034.30666,5029.877759]}},"Sort_Reversed":{"name":"Sort_Reversed","build_times":{"1.17":[139.305674,138.441865,151.623496,143.97872,139.047671,144.655827,143.522016,141.598096,135.699938,144.367124],"1.18":[148.210737,152.074074,141.400371,156.484217,146.816223,144.551002,150.948563,147.48433,143.623492,138.923147],"1.19beta1":[284.951115,290.204664,281.228179,280.969876,282.442692,288.851967,286.752947,279.76398,280.971792,287.771356],"1.19rc1":[157.383107,156.283197,159.627429,153.491871,154.987184,163.88957,153.48487,150.923646,153.728673,160.277135],"1.19rc2":[150.427443,146.0377,147.180612,143.661878,146.0262,145.838699,142.341265,147.779017,145.383894,144.799489],"gotip":[147.595815,149.893838,144.089881,146.764601,146.528099,143.43217,147.648509,144.816183,147.66061,147.763111]},"run_times":{"1.17":[3719.132178,3732.478496,3712.862004,3747.112097,3711.171308,3713.453237,3714.935676,3708.357425,3708.319299,3713.203966],"1.18":[3576.486272,3576.466008,3575.613456,3576.21903,3573.479692,3574.404597,3574.778984,3573.207469,3575.142317,3572.812934],"1.19beta1":[369.118635,370.402548,369.952844,369.56234,370.245946,370.079845,369.387038,370.322647,370.040144,369.191937],"1.19rc1":[369.252737,370.891552,369.869643,369.519841,370.478352,369.754846,369.575044,370.650654,369.244341,370.683055],"1.19rc2":[369.427943,369.909648,369.560944,369.278241,370.066549,369.497244,370.507253,369.235941,370.498553,369.931048],"gotip":[369.302826,370.363436,369.024423,369.440428,370.281235,369.034424,370.105734,369.489628,371.069943,369.999432]}},"TimeAfterFunc":{"name":"TimeAfterFunc","build_times":{"1.17":[161.484714,147.371391,150.624918,149.190707,146.935286,146.539283,144.593266,152.566036,145.154071,151.737929],"1.18":[450.332396,164.061319,161.289096,164.18062,166.035936,160.63319,159.384979,159.443579,156.152951,156.232852],"1.19beta1":[1521.670198,300.773315,294.370611,293.841007,293.939708,295.30112,309.966745,294.530813,297.641439,291.644688],"1.19rc1":[188.720426,179.428545,170.890772,174.1434,171.060473,170.833271,169.308959,170.001864,166.813937,180.794857],"1.19rc2":[527.308884,164.619231,171.966795,166.558748,160.670497,157.860172,162.232311,169.981577,166.207845,164.957034],"gotip":[163.935311,172.147782,162.984503,162.424499,167.424941,168.211848,165.906428,161.494491,166.248831,161.798089]},"run_times":{"1.17":[5507.213927,6015.978153,5242.513175,4159.222722,4849.757343,4636.94717,6678.561724,4317.931864,5280.226182,5539.224372],"1.18":[5084.503353,5789.492577,5673.327105,3921.620308,5079.195321,4477.162366,5474.708406,4259.190102,4972.510871,4233.418902],"1.19beta1":[4708.340172,4567.129071,4357.23021,4595.598401,4637.620267,4810.827704,4969.165987,5114.641833,4753.956495,4898.18748],"1.19rc1":[4817.759147,4879.828231,4782.341998,4811.141947,5095.39502,5044.939584,4974.278685,4943.048491,5449.956617,5032.66375],"1.19rc2":[4800.700377,4506.626704,4816.527745,4505.917558,4303.448006,4526.267868,4953.401173,4874.94351,4913.527834,4859.776036],"gotip":[4648.199496,4189.601771,4972.510135,4589.608349,4986.354372,4612.119031,5325.641615,4624.143113,5614.494601,4737.27745]}},"alloc_1.5k":{"name":"alloc_1.5k","build_times":{"1.17":[130.424118,129.60061,126.887187,130.944522,130.893822,124.816169,126.475284,131.166924,134.137849,129.115807],