{"CGO_CALL_C_FUNC":{"name":"CGO_CALL_C_FUNC","build_times":{"1.18":[506.296787,474.719351,471.903986,470.515054,478.298219,474.396618,463.793796,471.81377,479.027628,477.517795],"1.19":[502.61066,494.932579,503.547775,500.241003,490.858101,501.598033,487.754834,506.129031,501.93574,497.568545],"1.20":[426.312085,427.606422,426.482503,430.740741,417.35096,434.243235,421.798588,414.926667,419.825059,439.579177],"gotip":[463.764319,455.508867,461.519018,468.110134,454.971595,460.147172,465.386179,473.792575,467.467053,470.611709]},"run_times":{"1.18":[3518.55239,3512.363931,3517.063428,3524.514785,3514.934175,3516.720358,3520.25602,3515.63272,3517.913226,3517.664912],"1.19":[3541.514345,3547.329469,3540.539354,3541.363215,3541.021635,3541.963487,3542.14779,3539.970802,3540.557911,3542.740073],"1.20":[3558.02868,3556.179859,3553.092191,3554.088314,3552.800764,3554.258706,3555.130427,3554.156469,3555.387639,3554.313549],"gotip":[3680.385385,3536.732773,3588.351098,3537.790435,3539.34214,3539.648144,3536.699274,3537.368789,3540.099751,3535.710853]}},"Fibonacci":{"name":"Fibonacci","build_times":{"1.18":[117.058707,119.692166,127.829247,123.713456,123.48065,121.189399,119.568064,123.483351,123.763857,120.812291],"1.19":[152.167291,112.1609,114.727756,110.007551,118.672244,112.356604,117.655322,109.732145,109.49614,109.044932],"1.20":[113.919243,110.968278,116.175995,119.056466,119.704274,113.558041,119.162757,111.493887,113.744041,114.11255],"gotip":[115.431938,118.973675,121.012547,118.952198,117.157557,118.654284,118.382389,112.249251,111.607943,118.894368]},"run_times":{"1.18":[4010.886646,4014.708174,4012.353727,4013.609142,4024.853391,4011.384873,4013.382415,4013.389206,4013.554971,4017.898188],"1.19":[3901.867822,3907.701649,3905.71229,3901.913606,3905.291703,3905.778913,3902.950754,3901.630225,3902.771296,3902.21549],"1.20":[3902.022492,3910.945197,3925.941446,3906.721281,3903.88955,3914.278393,3921.878529,3913.461585,3916.458771,3900.967009],"gotip":[4250.943523,4248.796964,4253.583755,4249.061321,4252.169295,4252.597488,4250.822571,4253.648938,4252.983567,4248.920871]}},"Garbage_Collection":{"name":"Garbage_Collection","build_times":{"1.18":[140.769068,138.576321,118.39058,128.760907,133.302505,126.379155,130.696549,128.126792,129.274318,135.773759],"1.19":[109.420135,116.621795,116.966603,117.211709,112.473495,118.200523,111.959384,120.34827,118.135221,110.476051],"1.20":[120.449475,115.522064,126.518114,125.383795,122.861656,119.721866,123.946198,123.356961,119.497568,122.96494],"gotip":[117.532522,116.5568,117.145119,118.103135,117.80393,116.687103,118.025034,119.298363,115.833284,116.256895]},"run_times":{"1.18":[5704.57704,5728.54736,5715.619186,5693.184117,5725.125637,5702.450741,5706.171446,5754.077809,5705.834829,5726.067053],"1.19":[5556.021494,5609.1705,5555.449371,5573.177156,5659.624651,5558.039521,5619.098468,5564.889552,5556.794599,5525.851877],"1.20":[6246.891433,6245.749971,6235.159699,6232.494087,6221.088022,6193.728149,6221.99372,6220.097865,6200.281458,6182.480618],"gotip":[6561.130069,6570.64785,6585.539017,6547.394247,6525.640413,6537.355536,6527.329589,6513.980596,6536.146706,6552.955037]}},"Goroutine_Creation":{"name":"Goroutine_Creation","build_times":{"1.18":[133.801484,136.016533,137.166359,132.823562,136.649347,129.085478,131.932942,133.132169,136.110935,140.35083],"1.19":[126.779022,116.015483,128.92797,115.059761,123.963159,120.155875,111.929792,123.553851,115.694076,110.562362],"1.20":[118.539916,120.561249,125.829064,121.08706,120.404746,120.03004,121.082785,121.473623,116.26708,116.615946],"gotip":[123.909356,120.515685,118.411555,118.810849,117.196414,123.394048,116.5816,123.197045,119.887074,116.693602]},"run_times":{"1.18":[5485.76707,5298.778861,5302.443277,5359.641203,5384.697495,5265.518046,5258.547503,5262.473817,5301.104455,5342.48214],"1.19":[9007.085491,8993.601134,8957.034147,8994.391513,8960.741297,9018.627603,9120.423476,8992.968184,9057.977139,9034.304508],"1.20":[9060.433732,9084.611255,9101.56963,9067.103566,9116.628014,8979.473615,8988.910169,9022.848649,9101.697991,9009.792846],"gotip":[5505.914835,5569.185201,5500.077264,5485.719145,5568.183783,5534.526845,5524.054949,5449.592153,5511.332624,5492.121803]}},"MergeSort":{"name":"MergeSort","build_times":{"1.18":[122.860938,124.041665,128.33416,130.940118,121.814015,115.929084,118.817549,129.084077,120.880094,120.956896],"1.19":[113.105222,111.974896,121.530509,115.794782,117.198413,112.1656,114.688357,116.959708,123.857762,117.202313],"1.20":[120.945896,117.271715,128.048853,136.293838,120.800692,118.284936,118.620738,114.127314,123.942598,116.932357],"gotip":[107.976778,119.475429,117.54549,114.680427,123.109231,118.61466,119.863848,118.113208,129.671466,122.036599]},"run_times":{"1.18":[5841.321477,5922.270278,5834.179424,5737.98044,5843.614111,5843.037053,5920.749085,5931.517097,5816.988918,5847.293894],"1.19":[7595.665533,7476.382391,7444.369849,7482.575021,7503.088022,7474.479558,7535.891469,7553.477958,7532.116829,7529.405143],"1.20":[8609.459994,8698.726766,8716.787119,8655.365661,8744.456795,8722.184969,8644.794624,8703.798556,8731.648358,8728.661491],"gotip":[8901.559899,8953.239109,9019.941703,9075.604931,8922.859158,9001.013324,8895.046728,8917.709595,8948.069947,9088.78664]}},"Sort_Random":{"name":"Sort_Random","build_times":{"1.18":[161.754599,159.576851,164.531361,166.194798,157.770311,159.566851,154.717443,161.369191,155.816867,165.378416],"1.19":[216.145902,145.098823,143.798294,138.18927,143.718892,144.669214,147.541478,141.220938,133.67467,133.951178],"1.20":[143.219698,143.73691,141.134554,144.915543,146.095535,138.723101,139.102711,131.488838,131.437522,137.280457],"gotip":[131.186223,141.341958,134.100895,135.379139,132.150268,134.475919,148.763423,136.834754,133.636965,136.181809]},"run_times":{"1.18":[5036.391859,5038.835573,5049.453616,5037.425054,5037.441483,5038.995279,5036.341887,5044.888835,5046.611568,5038.591216],"1.19":[5092.297134,5092.327793,5091.795328,5103.826973,5097.44148,5090.629012,5106.553219,5086.396942,5085.705931,5086.543528],"1.20":[5081.778867,5076.833589,5087.572537,5078.869562,5083.270328,5079.639501,5090.440681,5079.862444,5078.830733,5116.50017],"gotip":[5094.22874,5092.937836,5096.97557,5099.421293,5096.432076,5093.802729,5093.618336,5095.607862,5094.536547,5095.192669]}},"Sort_Reversed":{"name":"Sort_Reversed","build_times":{"1.18":[133.648852,132.436425,127.270711,134.785777,134.278566,127.162309,133.660352,132.939736,133.371546,130.007372],"1.19":[119.334507,118.08858,114.00179,120.713937,111.572238,114.224495,112.337954,118.629891,118.661092,117.724069],"1.20":[123.081346,119.498801,120.137687,121.557509,119.001652,128.967774,132.600348,124.20447,130.145398,122.950237],"gotip":[125.06559,121.987324,117.681626,120.541188,118.620744,117.692927,121.623113,117.201716,122.532332,121.845417]},"run_times":{"1.18":[3581.464022,3575.600559,3573.512064,3576.062397,3574.812259,3574.315973,3576.468742,3573.952223,3574.949645,3574.893382],"1.19":[369.457056,370.814186,371.516201,369.590159,371.064591,372.266618,370.966889,370.740584,371.078492,369.871465],"1.20":[369.845433,370.125139,371.242664,371.06396,369.68423,371.238365,370.14024,372.896202,369.223639,370.342566],"gotip":[374.323049,374.154045,374.713058,374.940964,373.785538,374.475553,375.195869,374.041843,374.031742,375.349069]}},"TimeAfterFunc":{"name":"TimeAfterFunc","build_times":{"1.18":[146.193065,155.008962,153.451327,149.783945,148.095107,149.733744,153.952838,153.356525,150.907169,149.481038],"1.19":[194.617294,131.460601,127.001602,133.9176,127.342553,137.303076,133.721896,125.494312,124.261784,128.09907],"1.20":[135.484128,138.875899,141.060932,140.212991,132.871289,126.768435,136.233908,132.199478,134.643606,135.4463],"gotip":[130.522255,138.665021,131.930124,130.644379,129.733367,142.785461,127.156319,143.075874,130.97901,147.545862]},