{"Fibonacci":{"name":"Fibonacci","build_times":{"1.17":[128.709745,123.297693,128.134649,129.410338,124.332184,128.198149,125.256475,124.879879,123.018495,120.214521],"1.18":[148.799707,142.154216,134.752717,138.863572,136.959247,135.473618,140.927222,138.221146,136.313864,137.75165],"1.19beta1":[281.579054,285.922015,286.920105,279.80827,284.846725,279.996533,285.989193,283.786115,284.21331,284.084912],"gotip":[154.671492,174.42066,158.390648,155.940977,154.768791,153.693103,163.037393,154.286997,155.329384,158.409848]},"run_times":{"1.17":[4795.915549,4795.166195,4795.257172,4795.091,4797.668429,4796.440726,4799.066424,4796.934156,4795.549392,4795.904161],"1.18":[4800.015161,4799.071484,4799.313324,4799.552648,4800.178495,4800.29074,4799.061671,4799.408838,4803.560913,4800.062198],"1.19beta1":[4800.162087,4799.925762,4799.121323,4798.941765,4799.160004,4799.499793,4799.79217,4799.258109,4799.46181,4799.466515],"gotip":[4794.577543,4796.227225,4795.235084,4794.733088,4795.453154,4795.491349,4794.787347,4793.230584,4794.763676,4797.215677]}},"MergeSort":{"name":"MergeSort","build_times":{"1.17":[132.478408,130.503324,137.655865,133.401599,134.62169,134.250693,134.522191,126.940853,129.112635,131.459416],"1.18":[161.226569,139.893472,137.95809,138.087288,138.299987,147.570899,143.433338,137.782291,141.599156,140.179369],"1.19beta1":[287.544604,311.779377,293.27155,283.67934,286.207616,291.11978,289.997651,283.815508,293.174822,293.101223],"gotip":[161.027432,182.146039,168.917459,163.202012,162.178321,159.267954,163.604019,159.342158,161.880234,160.479648]},"run_times":{"1.17":[6789.981994,6564.163102,6522.476963,6590.38896,6638.357005,6602.623645,6576.564024,6483.578943,6526.067971,6605.644006],"1.18":[6431.642531,6452.65252,6395.468847,6356.091741,6240.418987,5800.838199,6352.779645,6393.196693,6274.802673,6328.563263],"1.19beta1":[7900.280421,7867.311612,7765.570549,7831.656093,7799.478318,7747.097879,7732.518352,7815.087612,7784.001738,7759.39719],"gotip":[7831.451974,7867.661439,7829.67628,7782.691136,7910.500381,7867.840463,7668.177732,7837.129985,7827.478553,7810.309763]}},"Sort_Random":{"name":"Sort_Random","build_times":{"1.17":[142.122508,140.76902,139.261034,143.687394,136.121863,142.280606,141.702312,138.900737,139.73923,136.42276],"1.18":[157.007972,158.457458,172.50343,157.629566,159.323551,156.10508,156.349278,160.028945,165.319897,182.661838],"1.19beta1":[302.474522,303.365014,303.91011,308.093672,299.712947,299.218251,292.375711,303.281915,296.449776,297.691464],"gotip":[179.891756,166.448078,176.07969,173.94911,169.764748,172.795521,172.79012,169.874447,179.850456,172.920519]},"run_times":{"1.17":[6090.738431,6092.356196,6072.846456,6075.155329,6072.041952,6086.336411,6076.878397,6089.724881,6081.633156,6078.748688],"1.18":[5978.965927,5977.159078,5979.53543,5985.825574,5977.881929,5979.730816,5981.279838,5982.49205,5995.871217,5980.936072],"1.19beta1":[5951.607529,5935.083268,5949.289015,5941.923011,5938.425354,5929.651705,5946.043906,5921.203043,5945.703194,5957.416108],"gotip":[5940.503808,5931.433966,5938.092943,5932.599281,5937.287365,5941.212619,5950.645213,5928.758483,5918.699127,5932.878823]}},"Sort_Reversed":{"name":"Sort_Reversed","build_times":{"1.17":[140.05393,135.793068,134.804378,138.380045,140.580825,135.300773,136.291664,139.441136,136.644861,141.617415],"1.18":[146.403414,140.873962,142.871745,144.278632,147.489504,147.677902,145.144425,143.122942,147.830101,147.300106],"1.19beta1":[286.59183,293.953864,285.947935,292.824574,292.494677,287.866118,288.929509,287.562621,290.176098,281.305177],"gotip":[159.043867,163.338129,159.460264,159.775861,155.546999,157.778779,161.826942,166.298702,158.172775,158.260675]},"run_times":{"1.17":[3666.964547,3651.64382,3652.950728,3643.676618,3721.033607,3641.209024,3641.150712,3644.770065,3652.568567,3648.49394],"1.18":[3545.841593,3546.397801,3546.54517,3545.695951,3545.512253,3543.380273,3545.593403,3550.500956,3544.462611,3542.716928],"1.19beta1":[395.385454,396.99514,396.758742,397.592835,394.406663,395.879544,398.645909,393.779654,474.668725,474.593325],"gotip":[361.417745,360.979949,361.269046,361.256146,361.94724,362.238337,476.31241,362.395236,361.312146,361.111147]}},"TimeAfterFunc":{"name":"TimeAfterFunc","build_times":{"1.17":[164.401582,149.829117,157.793444,155.523864,153.530983,156.626155,156.783353,155.265966,155.128969,164.015586],"1.18":[453.169243,166.237075,178.047466,171.654525,161.33932,162.505109,166.76637,163.667199,160.373028,163.658499],"1.19beta1":[2124.94449,304.449305,310.656348,299.072454,306.640185,309.659759,306.17239,306.911883,308.028973,307.34558],"gotip":[183.473012,186.068389,184.511304,174.881992,186.428585,182.70122,184.807501,185.290396,175.647085,181.851128]},"run_times":{"1.17":[5169.401388,4667.378837,6350.937716,4426.943773,4739.827225,4455.940857,4741.565217,4901.656369,4390.920641,4343.102114],"1.18":[5422.12924,5272.071963,4264.045274,3409.227278,5060.860741,5629.732728,5095.96331,5024.08177,5459.842769,4374.317138],"1.19beta1":[5089.756791,5038.602171,4470.519598,5901.464255,3880.302198,4725.246558,5470.69604,5200.15798,5798.51467,4515.291055],"gotip":[4654.136713,5507.899215,5271.148753,6378.687382,5343.431104,4838.329024,4870.706794,5532.070003,4954.908508,5809.063716]}},"alloc_1.5k":{"name":"alloc_1.5k","build_times":{"1.17":[135.522574,127.905943,134.597282,132.818099,130.537819,133.76819,129.951824,124.027778,126.983451,132.771499],"1.18":[138.925639,140.555524,139.738831,142.752905,136.57916,137.580451,137.957847,139.861531,140.544324,135.683068],"1.19beta1":[280.76515,297.507098,296.627206,286.891794,288.168283,284.12502,285.428107,278.987567,287.952584,282.545034],"gotip":[153.764904,153.157609,160.848639,157.398271,154.409406,159.007166,155.766995,154.929302,155.623296,159.500661]},"run_times":{"1.17":[3894.003872,3785.617578,3882.14121,3893.154344,3883.551245,3888.431886,3932.466828,3871.03567,3875.098955,3882.606891],"1.18":[5218.410827,5218.665325,5219.253236,5219.987102,5221.567959,5219.283526,5220.84271,5219.340858,5222.958148,5219.633951],"1.19beta1":[5218.566803,5219.927371,5219.001121,5219.42315,5219.877922,5218.392743,5219.020548,5219.969006,5218.737011,5222.199974],"gotip":[2707.765972,2707.915771,2707.781557,2707.093737,2707.982729,2708.565159,2708.137211,2707.875013,2708.480142,2708.760079]}},"regexp_Compile":{"name":"regexp_Compile","build_times":{"1.17":[193.724829,187.633186,165.16729,166.159182,166.657677,164.047301,169.525955,164.5881,162.073824,167.257176],"1.18":[211.872669,168.99746,178.759871,177.035287,171.678036,182.133341,177.598281,173.653618,171.716635,175.245004],"1.19beta1":[328.004031,318.25712,321.304591,315.143848,310.515789,315.606543,314.136956,311.284983,319.348309,316.941731],"gotip":[194.858625,193.733435,186.431001,189.644173,187.555191,188.205186,190.566064,184.104923,177.035187,196.486311]},"run_times":{"1.17":[1134.117568,1126.869334,1132.597582,1123.787362,1125.05985,1121.717781,1124.986851,1140.523507,1123.803261,1123.282165],"1.18":[1135.492754,1159.890831,1143.039085,1159.652133,1129.848005,1133.950268,1141.497999,1137.234537,1165.49908,1140.575575],"1.19beta1":[1151.416977,1147.572113,1154.765947,1152.877912,1148.713036,1146.00836,1147.681945,1149.913825,1156.308667,1145.704562],"gotip":[1156.651464,1204.933924,1161.47102,1161.801617,1161.125124,1149.33373,1156.833061,1129.426511,1141.863397,1162.044613]}},"regexp_FindAllString":{"name":"regexp_FindAllString","build_times":{"1.17":[171.22594,176.390293,172.394729,174.986806,171.305539,171.21064,174.673809,168.565164,174.439611,176.263494],"1.18":[175.068607,180.075861,183.230633,184.676119,176.214796,179.227369,186.012008,176.652799,181.281877,180.856781],"1.19beta1":[320.745981,322.08187,321.992671,322.908363,324.145151,326.361331,320.290886,323.606156,327.832918,332.828372],"gotip":[195.350123,191.868354,194.133533,201.14547,194.51583,192.642247,197.624302,196.367313,194.405531,205.596629]},