{"CGO_CALL_C_FUNC":{"name":"CGO_CALL_C_FUNC","build_times":{"1.18":[556.467886,478.989125,479.000526,481.612261,484.256197,487.161937,483.514887,482.126668,473.723154,469.8021],"1.19":[503.205407,496.262914,505.356335,502.192993,508.284574,503.451033,495.069419,498.198062,492.805288,503.87954],"1.20":[430.044435,431.496285,431.584291,432.377029,442.420442,432.51972,431.235325,432.011064,430.796905,446.76501],"gotip":[477.811155,476.046172,468.344501,467.242466,476.693239,475.868836,480.462916,466.451273,465.202677,460.901611]},"run_times":{"1.18":[3519.674043,3517.984546,3517.65119,3518.827973,3520.332079,3688.542847,3516.77461,3517.686294,3515.039058,3518.60311],"1.19":[3542.520292,3542.721424,3546.651409,3542.618749,3546.58893,3543.096791,3541.415703,3544.097639,3545.862184,3542.338667],"1.20":[3559.674753,3557.10601,3556.249609,3555.983903,3554.325252,3555.189909,3553.449456,3562.077973,3553.594951,3553.810324],"gotip":[3533.00218,3536.463623,3542.410571,3545.768016,3532.880206,3535.064929,3533.069108,3535.158042,3536.038551,3533.179405]}},"Fibonacci":{"name":"Fibonacci","build_times":{"1.18":[127.056937,119.127428,124.438501,122.365673,122.756078,120.264344,126.015223,119.159428,126.770633,120.885652],"1.19":[117.351303,111.967329,109.992303,107.251465,113.231047,108.581583,108.772086,118.141614,109.273192,105.215037],"1.20":[119.125849,122.548799,117.645,118.48225,113.166445,123.865811,115.686392,115.794784,121.122012,116.296696],"gotip":[116.818822,115.806693,116.922607,117.969024,113.41766,118.868132,117.659816,116.037193,120.397853,119.864436]},"run_times":{"1.18":[4014.812178,4012.646548,4015.372685,4014.189768,4021.475366,4013.211541,4015.404341,4017.81521,4015.063003,4013.602056],"1.19":[3902.989188,3905.440097,3905.990172,3904.995767,3903.401083,3903.551805,3909.017228,3903.927864,3902.254765,3907.089346],"1.20":[3910.115764,3904.41829,3905.325568,3920.09576,3909.970612,3908.596753,3901.170635,3920.755518,3909.786252,3908.570871],"gotip":[4247.619801,4247.821912,4246.412482,4248.099907,4244.473723,4246.445847,4247.213065,4246.686669,4248.464012,4245.130583]}},"Garbage_Collection":{"name":"Garbage_Collection","build_times":{"1.18":[144.729584,136.177266,124.218003,131.414302,125.150315,127.556748,135.970764,128.681964,134.490843,125.543121],"1.19":[121.958073,110.993423,111.414229,117.779416,109.360001,110.866421,113.067552,114.38687,105.722351,113.438958],"1.20":[126.641537,114.342568,121.579366,129.574867,121.892372,118.842425,131.530788,128.318044,124.985609,121.733964],"gotip":[113.442293,119.495046,115.764497,112.504545,117.754314,116.10449,118.057116,128.358657,123.512089,119.997698]},"run_times":{"1.18":[5770.154899,5712.565717,5740.567913,5750.150061,5699.849697,5733.667667,5726.387573,5727.670795,5792.475679,5731.815947],"1.19":[5575.90945,5556.585675,5581.55831,5546.427919,5569.703331,5577.78444,5594.927974,5621.393389,5609.266838,5579.798446],"1.20":[6174.729345,6249.679431,6239.942597,6217.901252,6267.557395,6240.433219,6229.315542,6224.320514,6260.939636,6212.622049],"gotip":[6552.220052,6611.00708,6540.141028,6591.892037,6580.088559,6554.479375,6546.719756,6550.212305,6561.982417,6594.255094]}},"Goroutine_Creation":{"name":"Goroutine_Creation","build_times":{"1.18":[184.206543,142.212786,136.246907,134.050078,136.055105,132.767161,132.159653,134.059879,134.450883,135.7182],"1.19":[114.106168,109.557305,117.482813,112.16994,114.061067,115.448586,114.408372,112.099839,115.356984,116.904701],"1.20":[125.767023,124.339798,132.042003,133.974633,127.145943,127.37845,128.30816,131.008497,120.875155,118.106319],"gotip":[126.567438,123.396292,115.301183,119.919149,116.227895,125.012618,116.240696,121.18236,121.604468,118.514024]},"run_times":{"1.18":[5563.218662,5501.980859,5402.206,5510.820915,5534.389216,5506.929949,5468.630015,5479.715545,5545.249229,5436.72369],"1.19":[9142.896305,9163.164928,9147.706528,9248.518021,9153.890768,9138.075093,9158.683261,9153.584153,9168.758783,9254.01313],"1.20":[9080.332823,9232.832869,9274.925504,9151.325211,9054.51002,9277.240476,9284.981755,9273.876213,9298.438473,9239.303474],"gotip":[5560.1093,5663.258499,5604.243057,5560.735459,5646.575929,5567.167726,5673.536255,5687.119664,5868.524746,5874.33528]}},"MergeSort":{"name":"MergeSort","build_times":{"1.18":[131.925708,125.773924,127.332946,127.509148,129.11227,126.440734,133.125825,128.609864,134.977851,126.89454],"1.19":[113.198651,115.228979,116.270193,117.881715,114.792472,115.406581,114.380067,115.470282,116.430595,117.615111],"1.20":[123.540093,123.472192,120.023145,121.87117,125.627821,117.807615,127.144341,132.78162,124.396404,125.418319],"gotip":[120.765855,126.675135,113.725158,118.25352,120.164447,127.568455,115.506789,114.46647,127.64075,116.469795]},"run_times":{"1.18":[6164.883561,6096.178596,6162.781321,6065.450371,6113.665826,6019.316052,6164.516232,6175.230113,5945.995616,5991.700822],"1.19":[7787.378867,7804.204391,7883.968149,7782.303004,7760.504578,7738.731285,7649.098709,7844.671412,7707.004312,7855.805247],"1.20":[8890.954323,8814.621073,8961.729765,8906.475751,8856.956275,8826.222839,8940.83819,8893.875352,8885.096418,8892.417343],"gotip":[9293.101374,9373.819389,9337.858393,9198.259308,9234.992309,9280.332113,9323.767863,9084.75852,9063.801722,9254.463114]}},"Sort_Random":{"name":"Sort_Random","build_times":{"1.18":[147.973598,144.213148,145.361162,144.760154,139.912289,145.736967,144.188547,143.741741,142.627626,139.776788],"1.19":[121.901668,126.129525,154.756417,118.964228,121.205258,121.867968,124.319501,118.547722,122.221872,122.200372],"1.20":[136.178192,131.422918,132.31604,129.86,126.519935,129.842985,132.296419,129.631579,134.214343,122.85968],"gotip":[133.076223,127.633792,133.062812,130.548138,131.351401,133.211837,128.702465,139.696615,131.819105,141.174533]},"run_times":{"1.18":[5029.857347,5028.124086,5027.13749,5028.742798,5026.236142,5030.369134,5030.988778,5025.244111,5029.958759,5027.716017],"1.19":[5088.16571,5086.614192,5089.528536,5093.834671,5094.410583,5085.486768,5089.955825,5090.620531,5099.135929,5090.838201],"1.20":[5082.161807,5087.160241,5079.626668,5084.168086,5082.157647,5085.328604,5082.108817,5082.965409,5081.500326,5081.218678],"gotip":[5141.720301,5137.054831,5134.100283,5136.526416,5133.144242,5145.457586,5135.999254,5136.011322,5135.412056,5133.80913]}},"Sort_Reversed":{"name":"Sort_Reversed","build_times":{"1.18":[134.991139,142.689647,130.927386,133.536721,131.915699,130.569481,132.534008,136.240858,131.733997,136.797066],"1.19":[138.049083,111.787706,113.48713,121.14174,113.48223,117.61439,116.31347,114.21834,118.246099,116.055267],"1.20":[131.825419,121.824579,116.853207,117.928617,119.052625,119.180332,123.126781,125.638004,122.27127,123.528887],"gotip":[116.201389,122.501174,119.098129,130.615186,117.249404,120.452048,116.450594,115.394579,124.377405,122.330381]},"run_times":{"1.18":[3576.366688,3577.369438,3577.522116,3574.270995,3580.409732,3575.83318,3577.903991,3575.462071,3579.451425,3575.432971],"1.19":[369.66001,370.213518,370.308119,369.658709,370.827426,370.497822,370.168117,370.737025,369.962514,371.148132],"1.20":[369.324643,370.332857,369.81935,371.26327,370.447659,369.999852,370.543461,369.690048,370.749863,369.889251],"gotip":[374.518547,375.489961,374.777151,375.224457,375.072155,375.142356,375.284158,375.49542,375.771388,374.686873]}},"TimeAfterFunc":{"name":"TimeAfterFunc","build_times":{"1.18":[150.152449,148.02062,151.157863,144.150273,142.735458,146.540611,141.897747,144.25138,174.307292,145.818701],"1.19":[159.718295,120.630157,125.004817,127.435651,124.527011,124.549911,122.128778,118.338521,123.001685,120.836854],"1.20":[160.439007,130.378488,135.829275,133.078729,134.540845,137.084577,134.495042,137.694686,134.948152,133.857034],"gotip":[137.046179,137.09688,131.3305,134.584044,130.297586,127.883452,140.81523,128.667863,127.418543,129.93098]},