{"CGO_CALL_C_FUNC":{"name":"CGO_CALL_C_FUNC","build_times":{"1.18":[469.17968,460.115323,461.905076,466.355024,464.890208,461.205768,458.029934,456.793821,460.037455,462.33158],"1.19":[516.152169,477.390916,479.74795,474.670477,486.855623,490.77256,484.868606,479.331685,482.997314,482.778712],"1.20":[414.894572,418.602799,419.12835,419.035245,418.19978,430.000706,421.622598,423.105717,411.428317,413.077228],"gotip":[445.249426,463.880088,471.382259,468.024022,463.445864,465.892671,455.258648,475.462653,474.814217,454.545071]},"run_times":{"1.18":[3518.625542,3516.393162,3514.905265,3522.723407,3516.328753,3517.579553,3517.007273,3515.707834,3520.780794,3514.572051],"1.19":[3541.43393,3540.659998,3548.754778,3542.229416,3549.161323,3540.445873,3540.867695,3542.564449,3543.948467,3540.185826],"1.20":[3554.215972,3555.033778,3553.036461,3552.275632,3555.299087,3553.703359,3552.668895,3558.685939,3553.685653,3554.576237],"gotip":[3570.631245,3567.99224,3569.789833,3565.208173,3569.810257,3577.431585,3565.93587,3567.969641,3565.382911,3564.856242]}},"Fibonacci":{"name":"Fibonacci","build_times":{"1.18":[122.59117,115.317289,116.2717,118.898329,120.446746,121.300056,124.535992,113.685471,114.920885,120.696249],"1.19":[116.801701,102.907646,106.969892,103.359652,108.239206,105.784879,108.626157,106.204935,109.465364,105.870832],"1.20":[118.647671,116.273418,113.898045,118.683999,108.932198,127.362867,127.821068,124.101611,123.193158,129.152328],"gotip":[121.294045,120.605469,124.712765,133.508091,117.952191,123.403543,121.906723,120.360623,124.152044,123.326735]},"run_times":{"1.18":[4016.119521,4015.146976,4011.375206,4012.9574,4013.289541,4014.712087,4012.632473,4014.216214,4011.192567,4012.994406],"1.19":[3901.208052,3906.794604,3900.780304,3901.649178,3901.127727,3902.769687,3902.248807,3903.345701,3901.081361,3903.638003],"1.20":[3940.937298,3945.332725,3945.596078,3944.123033,3930.744946,3922.194366,3940.143551,3930.28849,3941.916146,3934.719911],"gotip":[4244.388267,4245.6382,4244.792476,4244.419429,4246.610675,4244.616167,4243.208763,4243.151315,4252.672805,4246.621521]}},"Garbage_Collection":{"name":"Garbage_Collection","build_times":{"1.18":[133.396473,132.298163,125.700005,129.191536,126.791221,126.74842,135.586312,126.830721,128.073434,126.958423],"1.19":[111.844409,114.956034,114.308028,109.378483,112.993116,114.451629,103.241628,114.648831,101.446312,112.115726],"1.20":[115.995921,116.764253,116.002943,115.023735,117.399857,114.852237,114.979138,122.41603,126.467968,115.767308],"gotip":[124.624436,120.51358,118.948884,120.752753,121.982546,113.672264,121.085707,121.771416,120.11667,127.93776]},"run_times":{"1.18":[5684.736218,5747.544144,5735.92959,5766.985459,5767.448731,5687.527402,5708.15691,5709.172425,5750.038562,5761.003691],"1.19":[5594.627274,5537.844648,5559.217507,5549.173454,5623.384333,5586.490166,5580.176669,5584.496036,5571.487882,5616.497295],"1.20":[6227.315647,6221.853591,6221.903263,6221.783831,6241.241939,6205.354718,6216.69169,6206.891357,6231.687186,6202.167951],"gotip":[6531.488418,6620.681281,6566.161161,6572.574512,6548.789714,6560.738025,6521.850898,6552.863144,6553.391782,6610.830566]}},"Goroutine_Creation":{"name":"Goroutine_Creation","build_times":{"1.18":[134.746382,134.919629,131.836401,128.739973,136.07544,127.31146,127.072858,133.755118,132.213504,132.977411],"1.19":[114.135084,110.883053,116.89081,107.478921,112.076964,110.817353,114.894192,107.634322,112.197466,114.340186],"1.20":[120.258416,117.292575,121.145314,119.309195,125.49775,120.418065,122.822324,120.70619,121.363491,119.920989],"gotip":[118.790533,119.676678,130.280068,123.734313,119.965078,118.488881,123.867278,121.128534,131.861617,124.883642]},"run_times":{"1.18":[5322.409445,5298.594041,5328.788933,5313.004694,5364.516037,5418.160802,5444.013147,5462.323705,5393.333274,5359.915841],"1.19":[8900.122376,8936.142593,8903.633769,8924.743171,8981.37715,8916.902646,9025.656887,8867.41179,9024.837035,8876.091683],"1.20":[9086.770941,8919.630568,8822.212354,8908.922006,8709.504447,8792.87452,8735.581124,8802.06608,8839.751326,8879.008163],"gotip":[5439.331385,5433.903687,5497.483484,5392.675387,5419.256536,5397.870169,5435.529588,5464.474372,5430.187977,5404.667172]}},"MergeSort":{"name":"MergeSort","build_times":{"1.18":[131.322151,121.85294,118.084595,117.990588,126.55486,120.584095,122.246613,122.799419,128.013875,123.203723],"1.19":[115.936314,114.381097,109.913145,107.558819,108.845712,116.997373,110.130921,105.592788,126.664246,107.1578],"1.20":[119.949146,113.605472,116.258801,116.771899,115.821265,122.516929,112.795886,119.781278,117.582141,111.664102],"gotip":[131.941581,120.37733,128.737851,123.678042,130.667715,125.148056,124.187049,126.853371,126.761869,123.504018]},"run_times":{"1.18":[5954.070624,5912.380643,5980.25031,5969.844363,5943.84126,5979.169821,5921.817948,5925.360422,5864.124223,5931.921742],"1.19":[7600.730309,7678.184379,7504.701788,7554.092667,7647.364125,7554.473337,7572.093706,7658.741784,7572.745811,7655.970296],"1.20":[8636.833571,8690.351855,8630.249943,8716.554682,8738.746986,8607.77044,8679.680218,8562.510099,8512.220197,8652.79307],"gotip":[9382.789898,9112.396795,9344.327769,9258.936737,9398.758373,8925.373134,8940.099932,9046.78284,9013.163686,9104.502534]}},"Sort_Random":{"name":"Sort_Random","build_times":{"1.18":[152.890953,136.316607,141.539353,133.132678,137.737319,147.815708,144.929683,139.620036,140.272241,135.389099],"1.19":[121.473704,113.860835,111.20161,111.700716,118.82488,115.887753,116.532859,115.632551,115.075346,117.040064],"1.20":[128.893508,126.750179,136.263762,121.579503,129.587916,127.538844,121.376063,131.297005,125.188363,134.492738],"gotip":[144.951868,135.843156,132.51653,140.571397,135.82527,143.916143,131.53692,143.127026,126.571023,139.352588]},"run_times":{"1.18":[5051.622189,5054.922508,5050.633249,5050.817538,5047.920168,5055.308146,5051.588924,5055.400469,5062.277831,5055.52815],"1.19":[5087.092245,5085.641816,5090.951258,5082.214305,5077.698048,5083.964718,5080.703314,5085.072445,5080.787097,5081.858955],"1.20":[5078.198124,5079.321107,5082.159282,5080.708722,5080.920175,5078.722844,5079.081249,5077.311583,5081.106196,5079.998602],"gotip":[5196.172634,5198.682819,5198.440438,5199.301099,5197.512777,5195.507554,5194.706792,5198.362487,5195.451349,5195.368803]}},"Sort_Reversed":{"name":"Sort_Reversed","build_times":{"1.18":[131.411684,123.528677,125.690305,134.543458,122.390844,126.935287,136.207674,131.815614,131.163907,127.444668],"1.19":[113.940047,137.680307,105.692056,113.186538,108.538388,115.411563,110.221291,116.360067,112.282725,105.207354],"1.20":[115.450221,121.923459,116.08818,112.540746,114.901368,117.421085,123.836747,120.953111,120.725315,117.937178],"gotip":[124.328248,119.396238,113.440734,124.182018,124.962237,120.458397,118.65658,116.929763,133.937031,116.333671]},"run_times":{"1.18":[3573.762539,3577.783547,3575.992727,3574.839514,3577.701839,3574.383179,3576.591672,3575.165642,3573.00884,3574.66871],"1.19":[369.182399,370.644014,369.151599,369.696904,371.244121,370.367211,370.015708,370.313411,371.041118,369.276001],"1.20":[369.649579,370.216683,369.728279,369.502477,370.229583,368.988673,369.605278,370.126582,369.585977,370.857589],"gotip":[374.018045,374.51305,373.765943,374.53915,374.657551,375.015354,377.286176,374.54965,373.979145,374.765752]}},"TimeAfterFunc":{"name":"TimeAfterFunc","build_times":{"1.18":[140.004151,143.646586,150.541553,144.12469,143.754587,146.979418,141.670367,142.626076,149.429542,150.796751],"1.19":[143.61157,123.630979,121.822962,127.549316,123.404877,122.442068,129.7156,122.12403,122.475233,126.812174],"1.20":[129.303943,137.536651,135.580655,130.925696,131.277302,128.523381,131.616895,128.832766,134.080831,130.021059],"gotip":[130.725779,146.571621,136.729632,137.694335,134.930041,136.661397,139.583166,142.098282,140.003868,137.584237]},