{"CGO_CALL_C_FUNC":{"name":"CGO_CALL_C_FUNC","build_times":{"1.18":[475.270475,452.212776,459.098776,460.345146,463.269693,464.015854,457.746138,453.816146,458.217056,461.102556],"1.19":[496.322455,478.513347,472.54175,487.514242,483.636744,475.272748,481.328146,472.71745,477.628679,484.541131],"1.20":[411.735866,416.677767,413.055369,412.167254,411.763749,411.88005,416.847991,410.209201,406.648407,433.54937],"gotip":[458.045562,446.055364,451.110525,452.160031,489.850042,476.380091,469.225757,471.460376,469.510957,469.047841]},"run_times":{"1.18":[3629.732943,3620.077815,3620.166359,3618.995393,3617.762506,3629.381435,3620.917877,3620.347794,3625.571801,3619.602],"1.19":[3616.163205,3617.407656,3615.450861,3618.474704,3614.882959,3616.154277,3613.922278,3616.219983,3614.168784,3615.494792],"1.20":[3634.393908,3632.31117,3631.16969,3635.551585,3630.910656,3634.098355,3633.301905,3636.178618,3632.245612,3641.213206],"gotip":[3573.620296,3574.739447,3576.612727,3581.983468,3578.628305,4634.265198,3580.661712,3585.788813,3579.075219,3578.475147]}},"Fibonacci":{"name":"Fibonacci","build_times":{"1.18":[136.611182,111.073923,122.771204,119.057311,119.31721,121.303907,120.588708,115.594615,125.137401,119.806009],"1.19":[108.652217,131.864085,114.867435,115.946638,109.073518,111.243324,110.638322,102.072421,114.45006,110.697448],"1.20":[118.781404,116.995619,121.905836,117.24652,119.615379,120.790585,113.472376,111.055353,110.302451,113.455192],"gotip":[122.966421,125.736696,119.654313,114.775194,112.932324,114.620326,115.75361,113.535994,112.65389,113.963077]},"run_times":{"1.18":[4804.276875,4799.407187,4798.352706,4798.641263,4800.047434,4799.76711,4800.278699,4798.542234,4799.201636,4797.287817],"1.19":[4796.892082,4795.235111,4794.612891,4796.549416,4796.712125,4795.0628,4795.940679,4795.354315,4796.824011,4796.034882],"1.20":[4793.641062,4799.547407,4796.282309,4795.990581,4798.29764,4795.937087,4796.587218,4797.009269,4795.736999,4795.896914],"gotip":[5208.883815,5208.401712,5209.159938,5207.110601,5207.41393,5206.079502,5206.192363,5210.524822,5207.795244,5207.712202]}},"Garbage_Collection":{"name":"Garbage_Collection","build_times":{"1.18":[129.899152,122.610055,122.858355,156.003442,126.735853,123.859855,130.270252,125.291154,119.308056,130.833352],"1.19":[148.068017,113.938935,110.625837,115.726735,106.14654,107.822939,106.798239,106.34714,107.18564,111.388837],"1.20":[115.939763,111.707268,118.976318,112.629448,114.952545,114.684352,117.675153,110.732955,117.164562,113.872455],"gotip":[108.659259,110.551361,114.328662,119.257854,113.316,106.955079,107.634406,117.668878,108.524479,118.735078]},"run_times":{"1.18":[5207.826827,5224.279763,5251.365003,5205.022151,5213.971661,5203.645194,5207.501998,5210.280445,5225.184199,5229.296194],"1.19":[5257.240508,5235.654961,5216.54423,5267.342931,5222.521997,5202.530912,5228.056648,5270.321918,5281.066254,5208.612368],"1.20":[6124.902762,6199.131031,6133.549663,6122.136777,6103.864021,6115.13389,6115.189964,6113.873491,6129.841105,6106.790579],"gotip":[6661.652703,6648.937095,6645.022311,6610.535523,6584.657436,6544.651283,6579.188061,6572.550752,6588.265604,6611.386531]}},"Goroutine_Creation":{"name":"Goroutine_Creation","build_times":{"1.18":[129.119745,124.482248,128.354746,128.898646,127.046346,127.578546,129.862545,120.408849,127.132147,129.334845],"1.19":[115.671558,110.918659,107.827261,109.55646,104.818362,110.516859,106.547061,111.554459,109.998159,104.470761],"1.20":[118.795754,117.871551,112.786354,116.852552,118.532441,112.671953,117.698152,119.019666,115.458555,116.18515],"gotip":[127.854953,123.777601,122.746231,130.322541,112.96215,118.924754,123.506024,117.37593,116.835948,123.456041]},"run_times":{"1.18":[6150.924233,6281.901031,6163.371311,6179.661012,6030.16833,6121.298907,6022.82599,5990.845124,6007.431057,6075.436788],"1.19":[10427.798381,10308.981963,10249.919374,10463.336047,10489.970444,10417.284626,10387.104966,10398.839762,10554.487951,10548.416532],"1.20":[10536.353273,10523.44888,10517.792365,10676.433223,10612.342624,10594.707735,10622.081692,10640.985125,10571.565103,10622.669905],"gotip":[7006.825112,6975.169183,7024.305408,6933.322889,7007.776088,7055.109976,6894.522659,6974.790612,6866.210722,6601.391609]}},"MergeSort":{"name":"MergeSort","build_times":{"1.18":[126.50724,121.788443,123.900242,128.292739,116.785445,125.828941,116.440745,124.128942,118.132144,127.42564],"1.19":[110.004808,111.900607,107.955809,107.417936,109.116034,112.993333,113.858632,111.590534,114.294932,113.293232],"1.20":[119.480229,121.694442,116.741452,116.623144,113.913848,118.636847,117.326744,115.684345,121.540343,113.494855],"gotip":[120.184724,119.773248,114.962943,118.436338,117.498242,114.52985,117.878642,117.708346,124.850234,118.38194]},"run_times":{"1.18":[5859.938487,6053.430851,5922.754473,5875.84839,5996.873427,5905.488082,5878.495489,5833.244152,5951.797535,5854.124568],"1.19":[7589.643783,7543.297091,7599.5334,7681.009879,7550.989344,7441.520784,7453.229717,7487.032532,7458.556663,7423.305479],"1.20":[8085.520719,8200.241575,8172.415985,8151.486209,8087.587805,8164.635197,7992.217035,8163.703915,8117.639198,8131.104191],"gotip":[9099.66048,9005.266825,9022.101475,8714.887695,8534.06721,8345.266923,8454.527116,8278.098193,8365.515792,8396.655658]}},"Sort_Random":{"name":"Sort_Random","build_times":{"1.18":[175.947322,141.030737,144.208536,143.950136,140.806137,141.009037,140.756138,142.286445,134.764648,143.669644],"1.19":[125.01065,119.795953,119.227853,115.933954,113.258955,115.488254,118.118453,128.320349,118.925253,119.240053],"1.20":[124.596351,122.851551,127.30065,145.71546,146.546456,128.591429,134.891404,132.642644,138.58523,125.987862],"gotip":[127.986325,123.754825,126.703621,134.786503,140.960997,141.110647,137.432187,139.045348,139.733777,125.514685]},"run_times":{"1.18":[5977.414593,5985.307971,5980.188546,5973.360227,5979.963723,5987.979918,5973.763023,5980.619621,5984.331519,5972.849723],"1.19":[5921.369244,5917.272746,5916.037241,5919.666335,5919.539033,5917.807533,5917.599635,5926.47383,5924.292423,5921.509026],"1.20":[5985.749177,5978.777936,5984.133292,5976.81116,5977.587233,5980.645605,5979.941919,5979.012262,5974.096415,5981.040562],"gotip":[5975.088873,5970.219076,5960.55262,5963.777411,5964.543443,5957.409288,5959.334041,5958.813086,5986.956061,5960.505911]}},"Sort_Reversed":{"name":"Sort_Reversed","build_times":{"1.18":[124.45068,127.78288,133.752779,128.96048,122.164581,130.18178,122.18918,126.05308,122.93058,129.305179],"1.19":[109.622311,106.65898,106.521979,116.392178,119.519777,109.491579,114.136278,107.68737,109.451869,107.40307],"1.20":[115.488359,120.09007,117.451166,118.443474,118.10227,121.767224,132.043841,120.70732,115.03143,118.591447],"gotip":[112.641556,111.514859,113.552257,115.880549,118.471158,117.264922,115.839653,124.077449,115.000461,110.422861]},"run_times":{"1.18":[3542.955734,3539.727531,3541.688809,3542.219908,3540.377528,3544.624315,3541.783656,3547.037653,3540.273151,3543.416279],"1.19":[360.859598,360.421999,360.621699,360.611099,360.765999,361.893198,360.327099,360.684199,361.647698,361.494699],"1.20":[362.764738,362.576337,361.860838,361.376338,362.114638,362.303938,361.162238,362.269438,362.148638,362.399937],"gotip":[365.266868,367.523667,365.709504,367.133881,367.30458,368.105581,365.637182,368.82568,370.670678,367.447781]}},"TimeAfterFunc":{"name":"TimeAfterFunc","build_times":{"1.18":[147.687665,145.656462,159.420178,139.109456,143.802661,167.781338,141.393101,149.705107,147.138805,147.435804],"1.19":[188.473686,123.277621,126.890025,127.699026,126.570425,127.771126,129.332228,124.035522,123.602622,139.611638],"1.20":[148.585334,137.639395,136.731752,146.941765,121.852435,136.728988,121.796322,135.754531,127.631816,127.372117],"gotip":[118.754754,127.620907,124.854982,129.687319,137.888151,138.91267,138.277458,135.224062,127.141462,144.317655]},