{"Fibonacci":{"name":"Fibonacci","build_times":{"1.17":[136.479594,136.094269,142.218756,145.062034,152.844424,137.000626,138.530223,144.109775,135.390025,139.27827],"1.18":[142.869727,153.737521,151.706592,159.97032,149.536653,150.023084,143.700681,142.706716,146.463057,147.720438],"1.19beta1":[314.552387,331.701665,314.575912,339.918527,310.385047,317.718515,307.517265,317.4913,311.84734,317.925428]},"run_times":{"1.17":[4674.149932,4676.347319,4680.605461,4685.764082,4682.706251,4676.31636,4679.253678,4683.524432,4678.044789,4676.09253],"1.18":[4811.051489,4814.483114,4811.784313,4810.294514,4808.850306,4814.092208,4812.38579,4825.602533,4810.411233,4823.089787],"1.19beta1":[4809.5787,4810.029694,4811.685404,4811.592802,4818.733718,4811.395034,4813.294128,4814.513656,4812.998601,4812.174708]}},"MergeSort":{"name":"MergeSort","build_times":{"1.17":[145.646047,146.715614,143.458908,143.675922,153.442942,176.684718,144.208155,148.0488,142.986078,145.868761],"1.18":[148.21937,150.547619,150.792034,152.499144,149.811071,157.908088,154.63678,151.861203,151.568684,152.595149],"1.19beta1":[321.788863,316.069897,321.973675,327.244311,316.742241,315.217943,329.343938,327.244996,318.165516,322.701706]},"run_times":{"1.17":[7222.782372,6970.643833,6893.187181,6880.276249,6980.765053,6928.685766,7148.714188,7205.281177,6856.267603,6971.12604],"1.18":[6667.598092,6667.331783,6680.762462,6642.528723,6734.455493,6660.946987,6619.570095,6691.495025,6675.67876,6657.165576],"1.19beta1":[8321.348853,8238.964349,8133.69519,8495.631451,8307.237516,8388.139796,8324.438853,8323.490348,8393.843193,8420.884702]}},"Sort (Random)":{"name":"Sort (Random)","build_times":{"1.17":[165.439146,175.372579,170.06014,164.39328,169.554008,163.766639,172.000564,168.211023,166.251398,165.260135],"1.18":[175.88988,174.894818,207.766007,174.255577,171.372293,165.247104,171.340792,169.367866,168.47791,173.51883],"1.19beta1":[327.877363,341.431048,323.221588,326.636305,327.81678,330.476049,325.240817,331.872638,354.393573,336.582238]},"run_times":{"1.17":[6012.606212,6015.132746,6014.955437,6007.915299,6011.157173,6010.134702,6014.784585,6015.213245,6015.54518,6018.141881],"1.18":[6024.300158,6033.232044,6025.207816,6034.579979,6026.635718,6028.844392,6023.908504,6025.531726,6035.023125,6024.382439],"1.19beta1":[6035.544096,6034.556582,6031.490335,6032.315827,6032.949156,6038.912784,6030.083161,6030.211914,6038.963734,6035.201284]}},"Sort (Reversed)":{"name":"Sort (Reversed)","build_times":{"1.17":[156.473625,156.671837,151.297796,189.537142,203.379246,211.506464,209.148014,209.938565,189.62017,189.213545],"1.18":[159.341246,158.557296,164.10635,159.729071,164.11095,159.933584,156.003333,162.225429,164.028645,157.549932],"1.19beta1":[319.910779,346.779891,322.669255,319.76107,322.635553,317.953855,320.843139,316.112037,322.856568,321.376272]},"run_times":{"1.17":[4448.617688,4455.374303,4451.876062,4451.725464,4451.549147,4449.259216,4461.159332,4454.640869,4452.958705,4446.705947],"1.18":[4287.473642,4293.244346,4284.179695,4294.994194,4289.672777,4289.103939,4290.929347,4292.506356,4290.136017,4294.355773],"1.19beta1":[443.084426,443.285439,444.256101,442.881713,446.467742,443.02873,443.787907,443.776107,443.603296,446.514182]}},"alloc_1.5k":{"name":"alloc_1.5k","build_times":{"1.17":[141.37089,144.066781,146.788674,144.031279,141.294585,140.810151,137.211597,141.735417,143.631151,137.811939],"1.18":[148.705833,146.246769,154.735508,162.586748,161.804505,159.82519,151.825203,153.854934,151.509905,151.722271],"1.19beta1":[334.263544,318.738249,318.903159,316.349095,309.963386,318.040165,307.179907,306.218552,312.482908,312.770526]},"run_times":{"1.17":[3796.052371,3808.810314,3793.906027,3763.782246,3756.367915,3769.141804,3751.543115,3776.286028,3873.532227,3777.625001],"1.18":[5215.567373,5218.451761,5220.627671,5216.967079,5221.679809,5220.741832,5215.024274,5221.23074,5220.672332,5221.377416],"1.19beta1":[5215.259923,5217.247807,5215.292554,5218.266933,5215.417198,5211.7929,5218.079145,5219.972284,5214.325931,5218.496]}},"regexp (Compile)":{"name":"regexp (Compile)","build_times":{"1.17":[190.77476,189.625686,190.188923,183.467294,185.542427,183.806316,193.022003,184.890084,187.753068,188.465813],"1.18":[183.208784,192.047743,188.66753,191.089282,194.085372,187.516657,189.019452,188.336608,188.940947,204.142708],"1.19beta1":[351.745238,351.514323,355.759594,349.008663,355.804697,361.260845,350.597765,346.861426,351.670233,346.411098]},"run_times":{"1.17":[1307.098515,1306.090272,1305.688158,1317.839033,1304.30807,1307.729387,1300.950356,1299.535192,1305.71286,1299.70978],"1.18":[1366.737218,1372.658393,1362.167771,1372.11934,1372.300052,1369.149751,1368.876933,1366.822001,1382.718004,1390.685112],"1.19beta1":[1378.365326,1378.948044,1372.532431,1363.163734,1386.354713,1385.007427,1360.902189,1383.842514,1386.311572,1383.77891]}},"switch-case":{"name":"switch-case","build_times":{"1.17":[229.572643,224.426716,231.139143,229.948268,226.85887,221.924956,227.833433,221.462926,219.464099,222.46419],"1.18":[243.76045,220.076339,276.430434,223.52816,231.253052,221.467228,225.188366,228.71079,231.668078,219.958531],"1.19beta1":[397.259581,386.981627,380.980645,391.295202,384.754685,386.465394,381.742094,377.696336,381.739493,382.492641]},"run_times":{"1.17":[6232.809812,6236.408935,6243.733688,6236.648974,6243.924881,6246.418141,6234.421635,6235.049312,6233.67572,6232.840277],"1.18":[6866.673965,6865.445105,6862.979537,6865.208173,6863.98758,6865.214492,6866.499775,6866.525965,6866.751526,6863.181433],"1.19beta1":[3925.777478,3919.51852,3922.334658,3924.67004,3918.27388,3926.758018,3925.404034,3929.463947,3925.247642,3926.754758]}}}