{"CGO_CALL_C_FUNC":{"name":"CGO_CALL_C_FUNC","build_times":{"1.17":[486.734173,454.677717,457.490587,457.538387,458.084881,465.5845,455.831405,456.266,459.404067,453.798927],"1.18":[482.196652,465.60605,463.8709,464.88359,466.188875,461.856822,462.332217,462.701712,463.156808,461.371026],"1.19":[536.058728,519.802594,513.769056,521.09808,512.36957,515.355639,519.614096,522.616065,511.500379,517.446618],"gotip":[529.732741,526.037281,526.064181,529.196147,527.893761,523.630807,522.987715,525.471087,525.002091,521.840675]},"run_times":{"1.17":[4238.786357,4017.5248,4014.829512,4017.777202,4023.524946,4018.310106,4016.107184,4019.158282,4021.696095,4017.892336],"1.18":[3613.133234,3615.354794,4608.839299,4612.350421,3616.163279,3614.446114,3610.11798,3613.168511,3614.578647,3611.689959],"1.19":[3613.533528,3611.077617,3609.804896,3618.301603,3612.061624,3611.386747,3610.401299,3610.796348,3610.58595,3610.702093],"gotip":[3678.474246,3680.80332,3680.686234,3678.753858,3679.757269,3674.481206,3678.136624,3681.781131,3677.024718,3680.450139]}},"Fibonacci":{"name":"Fibonacci","build_times":{"1.17":[122.072572,149.094677,121.421178,124.207248,122.854863,118.646108,118.005016,118.52551,116.978426,122.360569],"1.18":[123.361864,126.987125,131.774074,127.870915,130.776584,119.272209,124.349154,124.481652,119.476206,121.996779],"1.19":[134.487182,134.511008,132.158051,141.097152,142.544737,134.334827,136.296506,136.875199,138.321784,145.179309],"gotip":[140.721479,137.557013,145.335229,152.907948,141.53307,138.657501,143.130852,140.869378,141.012475,141.082475]},"run_times":{"1.17":[4792.272403,4791.384739,4791.74776,5036.57256,4791.868758,4790.885357,4790.901686,4793.159112,4790.913813,4791.039028],"1.18":[4795.147294,4798.198027,4796.261974,4795.3182,4795.339709,4795.17381,4795.507023,4795.232424,4795.637456,4795.082064],"1.19":[4791.089467,4797.188712,4790.220643,4791.025406,4791.039466,4791.958431,4791.113773,4790.549704,4791.508207,4790.835068],"gotip":[4795.498961,4797.86424,4795.455203,4795.40379,4795.190002,4798.491077,4796.381261,4797.026987,4795.266906,4795.227883]}},"Garbage_Collection":{"name":"Garbage_Collection","build_times":{"1.17":[128.755902,121.923277,129.328896,133.405853,128.904801,126.522527,125.24354,131.121877,128.589405,127.004321],"1.18":[129.938295,130.310891,136.707922,133.103761,130.502389,139.446295,132.230175,136.564928,133.849158,130.389895],"1.19":[134.752242,133.289458,136.026329,135.604633,134.832942,134.618744,171.147649,136.379324,132.454868,139.796788],"gotip":[142.378961,146.572916,141.54977,138.328905,142.46616,142.704958,138.886899,138.434503,141.509071,145.803024]},"run_times":{"1.17":[5109.936972,5272.428672,5243.209801,5084.430252,5121.235788,5210.365428,5186.685688,5231.088146,5122.423807,5060.906776],"1.18":[5159.330603,5163.329661,5188.229821,5166.509518,5189.639839,5202.673353,5163.753081,5150.510868,5185.87296,5181.652179],"1.19":[5212.861841,5231.759232,5260.717449,5180.961537,5176.735811,5183.334628,5175.14287,5205.659288,5190.534345,5192.913895],"gotip":[6439.870462,6279.974991,6223.812388,6221.301851,7115.22268,6223.52739,6218.405232,6247.815769,6294.348181,6274.796759]}},"Goroutine_Creation":{"name":"Goroutine_Creation","build_times":{"1.17":[132.059196,129.513723,127.614143,138.343329,131.100506,130.140916,130.520713,129.472723,132.205594,127.228947],"1.18":[154.299737,143.871449,136.024235,136.928224,137.756015,138.26551,135.611639,131.438683,136.150933,131.311285],"1.19":[139.237199,135.707638,141.611273,140.023891,149.803186,139.425497,140.236889,141.150881,137.988116,141.975472],"gotip":[151.485364,144.884834,147.428307,140.885978,140.158885,143.887646,143.42455,142.380262,146.20332,144.254141]},"run_times":{"1.17":[9773.37978,9757.734424,9760.56212,9721.923968,9760.868409,9863.132641,9775.306211,9753.421589,9770.694403,9781.541598],"1.18":[5692.597697,5607.84707,5661.467809,5609.75372,5613.711042,5616.460855,5596.922371,5610.07869,5627.47822,5608.84825],"1.19":[9850.591534,9846.624831,9796.693816,9786.784931,9801.032416,9826.315465,9772.988028,9785.469385,9742.567559,9762.16503],"gotip":[5741.402215,5795.007183,5773.170563,5756.263923,5778.358996,5758.166224,5795.110234,5753.824864,5794.26597,5780.794363]}},"MergeSort":{"name":"MergeSort","build_times":{"1.17":[123.895961,127.681321,125.522444,131.281082,123.17787,127.287325,123.558665,136.030431,123.182669,122.378479],"1.18":[131.265583,129.143605,139.582993,129.331903,128.230116,128.67061,132.388371,128.888908,127.896919,123.555066],"1.19":[143.217154,156.772607,140.722081,143.720948,141.219675,144.103844,141.296774,142.254064,148.005302,142.236164],"gotip":[155.99162,144.202948,140.772784,145.251936,150.360181,145.273335,147.651411,146.638422,142.924061,148.288703]},"run_times":{"1.17":[5803.281822,5915.180615,5859.394518,5807.360473,5838.538244,5883.991451,5800.986933,5869.252212,5882.996385,5916.556634],"1.18":[5527.03962,5630.446736,5588.734458,5597.471148,5533.237166,5546.109456,5539.633524,5505.977052,5595.003827,5552.858572],"1.19":[7156.304551,7120.10461,7119.375995,7119.207771,7063.275751,7128.044857,7086.246142,7102.157012,7085.221399,7117.093086],"gotip":[7742.023928,7735.362497,7773.584535,7734.052803,7835.129105,7898.26172,7779.16244,7733.488186,7725.842988,7729.335455]}},"Sort_Random":{"name":"Sort_Random","build_times":{"1.17":[145.049066,137.575344,139.557523,136.358057,138.178538,138.235838,138.040339,139.749521,141.388704,139.381325],"1.18":[154.084075,145.416567,147.97494,145.96006,147.711343,147.279347,147.532944,147.695742,143.178391,145.656664],"1.19":[148.288072,146.118492,149.063264,154.892108,148.44417,148.47147,149.166563,148.101574,146.872885,145.352],"gotip":[156.986137,152.306287,154.81236,155.296955,154.568362,152.322787,150.354707,153.093278,155.500953,153.732371]},"run_times":{"1.17":[6076.003489,6065.075706,6065.785683,6067.308016,6070.058129,6067.119699,6067.460739,6066.90199,6066.50742,6066.944427],"1.18":[6007.576979,5976.326506,5972.306275,5972.200818,5975.011754,5991.391613,5978.173514,5977.814364,5992.14505,5989.969061],"1.19":[5922.658651,5926.052775,5921.115211,5927.482682,5926.236291,5925.453771,5929.333195,5926.38663,5923.329935,5924.093778],"gotip":[5943.731426,5942.882636,5946.877573,5964.001473,5960.655746,5952.520088,5958.643447,5975.590266,5951.237005,5959.786656]}},"Sort_Reversed":{"name":"Sort_Reversed","build_times":{"1.17":[129.983603,127.559854,134.217215,131.331375,130.721788,132.868444,131.058481,127.893146,127.850948,133.598928],"1.18":[138.135742,144.790076,140.186321,132.932493,144.40578,137.26195,132.934992,133.668886,133.090191,135.24057],"1.19":[145.804222,139.115791,137.493506,138.502197,147.075809,142.12966,140.028381,140.730174,139.954482,135.18533],"gotip":[150.19208,147.947703,147.965204,147.406109,143.303754,149.888782,151.316968,144.769738,143.482151,142.965958]},"run_times":{"1.17":[3623.536395,3618.288839,3634.881565,3623.892057,3630.448199,3633.458865,3624.594064,3624.900121,3630.411902,4539.475307],"1.18":[3533.874147,3536.660057,3539.563323,3536.410731,3540.710404,3537.16074,3541.281072,3534.498945,3534.804336,3537.446054],"1.19":[360.27505,360.385648,360.349649,360.164841,360.889106,360.291323,361.070801,361.82166,360.243613,360.590309],"gotip":[400.162182,392.407266,393.801351,393.87395,393.517754,392.655863,401.831864,391.04418,401.31247,396.464022]}},"TimeAfterFunc":{"name":"TimeAfterFunc","build_times":{"1.17":[188.763386,143.748267,141.227593,138.940918,142.147083,145.34155,144.894354,148.674914,141.808487,140.484302],"1.18":[283.124456,147.495315,156.605217,153.575249,148.316506,149.961286,151.371264,144.324641,149.393186,148.265198],"1.19":[426.94142,157.55411,166.544314,151.644273,150.308088,146.426129,154.672941,154.500142,152.00377,155.079236],"gotip":[170.963761,155.506828,165.288423,158.450296,179.639769,158.330097,161.119068,157.452307,162.397154,161.725761]},