{"CGO_CALL_C_FUNC":{"name":"CGO_CALL_C_FUNC","build_times":{"1.17":[564.863866,518.657996,518.191295,502.854239,507.344955,527.500729,548.892307,513.895579,511.080828,509.016015],"1.18":[565.218792,521.29982,524.11303,502.802255,511.763686,501.28155,493.626623,492.332219,501.33105,488.711506],"1.19":[614.075822,598.242269,567.934354,597.932667,541.994955,559.675823,581.663105,564.36924,561.412129,579.862399],"1.20rc2":[4485.911475,4530.74268,4472.160402,4506.134727,4526.545894,4460.153154,4518.717339,4572.812641,4571.461758,4645.694992],"gotip":[4628.893755,4497.230217,4672.342823,4487.817217,4626.78351,4582.680463,4575.24036,4551.671037,4596.054353,4463.794962]},"run_times":{"1.17":[3863.26888,4060.536891,3996.599238,4019.09454,3850.676571,3801.813782,3835.98802,3839.843028,3763.052855,3715.542486],"1.18":[3522.734233,3450.736903,3547.589653,3499.218296,3501.677709,3559.914309,3522.344936,3570.633147,3548.661132,3500.810254],"1.19":[3532.666214,3516.375998,3479.724754,3485.704635,3475.756399,3582.674898,3595.132645,3521.749691,3491.146491,3602.75441],"1.20rc2":[3588.329501,3697.188595,3504.391021,3603.982708,3570.69524,3522.311718,3544.867215,3579.116539,3669.84471,3487.239613],"gotip":[3593.248755,3588.902349,3565.232521,3468.353235,3597.50731,3604.351572,3523.804666,3591.857716,3502.485563,3593.787618]}},"Fibonacci":{"name":"Fibonacci","build_times":{"1.17":[164.754741,167.604452,157.712914,163.607637,151.417189,148.214377,148.134376,152.541694,151.030588,146.333669],"1.18":[164.460799,147.351136,159.31288,145.931731,164.862201,148.838841,147.559138,161.455187,164.6794,172.519428],"1.19":[170.06103,165.101014,174.896745,171.551735,162.415506,160.034799,157.950492,162.514607,165.878217,151.023271],"1.20rc2":[3276.806636,3180.211111,3070.327049,3252.952624,3225.229619,3247.380695,3365.93586,3310.693964,3244.099414,3343.996261],"gotip":[3212.405039,3259.094325,3299.356347,3221.433642,3210.033719,3250.661967,3205.243826,3178.632877,3194.185807,3310.238529]},"run_times":{"1.17":[3874.612349,3767.787373,3795.625734,3847.510073,3801.034912,4050.928997,4125.491539,4102.244062,3920.584405,3871.387386],"1.18":[3777.888027,3872.503648,3762.004281,3777.573001,3782.246342,3851.237056,3782.987769,3732.140173,3826.212508,3806.469345],"1.19":[3919.786128,3811.296955,3924.43952,3779.340217,3810.15769,3802.381932,3769.605005,3920.427228,3748.462585,3780.104138],"1.20rc2":[3737.479451,3738.896668,3791.628525,3862.724457,3793.253212,3741.708954,3771.699544,3809.496404,3792.865531,3756.69008],"gotip":[3846.655932,3820.168428,3690.740864,3844.772793,3742.613735,3783.69619,3761.957394,3769.543724,3906.632702,3815.323656]}},"Garbage_Collection":{"name":"Garbage_Collection","build_times":{"1.17":[152.157476,157.174296,154.502661,150.077712,153.304006,155.048502,162.614988,154.171804,143.351025,142.513027],"1.18":[177.922572,179.93998,177.556268,165.943683,167.177788,192.974279,184.198148,177.943626,184.909151,184.374249],"1.19":[171.129183,187.33482,171.616284,171.734785,174.776292,182.742709,175.641893,188.831724,179.659702,183.269311],"1.20rc2":[3676.463962,3802.977477,3702.862013,3459.870996,3552.834025,3669.273771,3704.112308,3474.57066,3454.350343,3385.853096],"gotip":[3486.366561,3388.758554,3439.011582,3487.572176,3335.516003,3321.27798,3490.939985,3315.419124,3385.501743,3408.835131]},"run_times":{"1.17":[6320.737028,6238.189662,5909.869171,6163.835911,6122.00261,6034.489005,6179.861738,6252.979037,6397.388317,6761.903134],"1.18":[6554.53916,6462.250324,6482.722681,6453.925064,6737.827245,6811.557752,6580.859562,6547.559504,6649.659821,6608.457988],"1.19":[6336.927498,6476.650511,6388.427646,6384.520603,6367.434247,6065.082295,6162.087363,6377.025714,7103.501614,6414.668291],"1.20rc2":[7136.313971,7117.8445,7019.547581,6983.237615,7166.468938,6941.720751,6838.794025,6805.344396,6906.653701,6752.404711],"gotip":[6987.15046,6900.193616,7024.769812,7114.274868,7367.533816,7230.31189,7199.364024,7145.798519,7362.513433,7133.558283]}},"Goroutine_Creation":{"name":"Goroutine_Creation","build_times":{"1.17":[182.177515,190.084686,191.402116,184.625892,170.747739,177.744966,190.352813,169.997836,161.161404,180.212674],"1.18":[161.937888,176.819742,170.781719,168.75272,186.972391,180.611168,180.660767,183.501279,178.284758,185.526085],"1.19":[201.812746,190.646304,190.365303,193.288014,186.069287,171.824135,190.393003,183.961679,191.439208,177.932557],"1.20rc2":[3876.504611,3768.90368,3704.878032,3696.470281,3784.411897,3671.414981,3762.974583,3744.398293,3820.320257,3730.281114],"gotip":[3932.695039,3751.718445,3713.218138,3805.516027,3687.009776,3661.680566,3401.182764,3416.751966,3510.007532,3565.290858]},"run_times":{"1.17":[6253.269515,6148.424681,6180.095323,6232.193486,6142.435314,6281.7739,6209.856436,6200.460728,6111.257444,6205.166621],"1.18":[6070.808838,6079.113287,5918.840146,5994.960193,6072.076352,6072.255848,6116.130362,6063.470717,6044.419286,5953.867376],"1.19":[6103.915988,6009.343913,5669.158479,5373.758587,5809.372394,5738.035662,6292.330105,5555.03177,5667.39178,5809.30657],"1.20rc2":[5996.309407,6163.243061,6033.962888,6074.597835,6183.352783,6048.393382,6059.026044,5911.731525,6246.436137,6230.542727],"gotip":[5664.497575,5489.587591,5607.715078,5922.910263,5772.957609,5845.164984,5563.820276,5533.900481,5892.302201,5758.229582]}},"MergeSort":{"name":"MergeSort","build_times":{"1.17":[180.314602,167.363952,155.851907,164.530241,161.381429,151.41349,163.871338,164.540541,150.909888,151.891992],"1.18":[167.044879,175.467813,160.346152,178.115924,175.759514,180.753658,175.725664,164.478014,153.589368,171.162343],"1.19":[202.660616,199.636503,183.197137,199.714204,171.61509,177.735215,180.777228,181.744331,186.860552,190.814668],"1.20rc2":[3657.588914,3482.68054,3370.642238,3257.175473,3449.103067,3445.899299,3327.979036,3507.557776,3535.463689,3391.902586],"gotip":[3260.953701,3306.676682,3204.2272,3254.621109,3329.948107,3380.300687,3452.255543,3574.795288,3374.597158,3193.797886]},"run_times":{"1.17":[8348.268761,8265.302007,8415.296266,8465.040094,8433.212208,8529.657404,8484.66653,8435.642393,8533.111504,8467.40541],"1.18":[7355.295689,7302.042163,7508.038327,7091.593567,7008.600462,7172.55743,7269.504532,7439.543127,7276.868173,7480.068018],"1.19":[9681.237093,9807.384941,9598.790508,9582.63569,9599.158884,9395.216161,9497.503664,9061.02675,9083.790695,9099.011937],"1.20rc2":[9732.113771,9681.61589,9771.730748,9763.871601,9869.828019,10064.284966,10401.771665,10305.135186,9778.221888,9725.911924],"gotip":[9793.220259,9905.17176,9933.17686,10189.920495,10185.510954,10665.371255,10651.68889,10638.008346,10146.638649,10602.341143]}},"Sort_Random":{"name":"Sort_Random","build_times":{"1.17":[186.213877,176.635442,184.343271,180.466357,159.104778,167.65021,183.145867,164.472998,186.410979,164.685199],"1.18":[172.191024,162.382688,232.515142,176.214738,179.501351,193.147699,186.706177,181.852959,187.381079,164.447096],"1.19":[187.245957,191.891474,197.826495,190.850571,187.411358,190.51647,196.373989,197.734795,190.553069,195.574787],"1.20rc2":[3915.967159,3826.863124,3970.150191,4128.02472,4109.352736,3890.975841,3840.686676,3989.640981,4107.751314,4139.935603],"gotip":[4122.707088,4275.140423,4292.124004,4038.922689,3947.37775,4131.501139,4340.670754,4217.759018,4162.713273,4124.709198]},"run_times":{"1.17":[4896.966018,4809.253298,4888.224882,4937.565991,4968.548659,4792.752431,4932.220644,4974.167106,4975.668661,4958.991026],"1.18":[4914.247804,4909.399325,4814.866689,4822.602225,4918.006821,4951.031162,4817.878401,4884.681132,4842.52039,5085.423844],"1.19":[5021.98089,4824.022318,4946.206402,5022.049557,4804.24383,4886.406492,5037.939702,5205.385737,5143.113101,5162.056851],"1.20rc2":[5430.508555,5588.021889,5223.690003,5309.924403,5043.505271,5050.765808,5054.881795,5043.664383,5158.11525,5186.455158],"gotip":[5786.038901,5868.411078,5875.513121,5852.564049,5760.118503,5764.799757,5925.420049,5737.46264,5774.555539,5885.893081]}},