{"CGO_CALL_C_FUNC":{"name":"CGO_CALL_C_FUNC","build_times":{"1.17":[573.099892,486.562593,479.77143,472.025758,475.925095,474.42078,475.636892,474.391097,482.418179,479.093354],"1.18":[524.905299,498.87226,483.003215,486.226845,488.698567,484.060625,476.841759,477.221963,490.539284,485.995743],"1.19":[578.649785,540.770739,535.434091,530.234942,531.317253,529.710838,536.256898,532.411863,537.68141,536.000596],"gotip":[4043.084427,4095.771005,4046.390659,4029.233249,4036.958229,4068.98212,4107.532285,4071.784177,4109.23323,4060.029015]},"run_times":{"1.17":[3856.992216,3861.502112,3860.334616,3881.728124,3964.390804,3858.270341,3860.092084,4055.675286,3958.280947,3856.481211],"1.18":[3517.369218,3514.133363,3519.814416,3516.093165,3517.929366,3512.284615,3517.559311,3516.592272,3517.897664,3516.351339],"1.19":[3541.645214,3545.365586,3543.662782,3542.383909,3542.018206,3539.565936,3539.645915,3539.798263,3541.576858,3542.52874],"gotip":[3554.88176,3555.13662,3558.719497,3553.984853,3555.881048,3556.053249,3554.369543,3557.392775,3557.037157,3556.716037]}},"Fibonacci":{"name":"Fibonacci","build_times":{"1.17":[138.759407,132.053948,136.645989,128.82912,131.757146,134.043866,129.89963,128.77642,130.193733,128.106814],"1.18":[127.415746,137.674139,152.284771,140.792866,132.758295,134.912614,134.269908,135.994624,131.621484,133.702303],"1.19":[141.29387,150.166748,148.399833,144.837701,144.480997,147.093922,143.62819,145.291523,144.922623,145.864431],"gotip":[2888.212123,2938.561966,2926.872964,2927.79383,2935.4112,2951.961488,2974.889295,2899.586798,2926.50553,2925.433817]},"run_times":{"1.17":[3901.067909,3902.524726,3903.777678,3907.356643,3908.195252,3930.863662,3902.184048,3903.090398,3903.299242,3902.426615],"1.18":[4011.655704,4014.783212,4015.851616,4010.889569,4014.643466,4014.330523,4010.869132,4014.46068,4010.665388,4012.640343],"1.19":[3901.648012,3901.640245,3901.359923,3916.136259,3900.983414,3900.756512,3903.286867,3900.396863,3905.646301,3904.573617],"gotip":[3911.826509,3914.384917,3904.114105,3902.401631,3906.903356,3904.042649,3903.233641,3905.14088,3902.541557,3901.040406]}},"Garbage_Collection":{"name":"Garbage_Collection","build_times":{"1.17":[143.283411,137.363757,147.672252,142.749006,143.310611,141.732697,155.400923,147.872953,138.498468,152.152992],"1.18":[150.719491,146.332548,153.481318,147.759162,158.70927,148.381768,146.453148,141.520601,151.096194,146.55545],"1.19":[154.404911,143.976002,146.959733,144.69921,145.969822,158.813257,145.165915,141.704178,148.679751,149.926364],"gotip":[3078.589589,2984.677048,2981.090761,2990.355649,3067.488301,2945.668599,2900.073546,2901.48384,2946.087913,2949.932752]},"run_times":{"1.17":[5782.871944,5674.0211,5769.086881,5697.43813,5705.377241,5705.544993,5684.803362,5691.301142,5686.538189,5675.57095],"1.18":[5719.266479,5723.100636,5718.090142,5701.232979,5693.430715,5706.933136,5724.8113,5777.552752,5702.300148,5669.788719],"1.19":[5651.010853,5591.448226,5543.633388,5542.747704,5570.934403,5516.248896,5562.533984,5539.459728,5534.872881,5545.054351],"gotip":[6201.492446,6230.90122,6189.265489,6206.398018,6174.843497,6187.139681,6207.22539,6198.719221,6253.545574,6196.867134]}},"Goroutine_Creation":{"name":"Goroutine_Creation","build_times":{"1.17":[160.853717,146.041667,149.508303,145.23316,150.063408,148.546093,148.710995,148.345791,149.825305,142.735335],"1.18":[152.12874,152.821545,147.747307,151.387434,157.885483,151.840238,147.989309,149.864623,146.017994,147.212103],"1.19":[153.668067,158.406712,150.496709,147.280978,149.796902,146.32467,150.220406,147.295379,147.208677,151.528019],"gotip":[3071.740347,3066.529814,3032.421146,3007.700802,3000.04742,3050.966067,2986.268832,3004.802653,3054.646824,3634.040119]},"run_times":{"1.17":[9075.31266,9108.920422,9073.935419,9040.65755,9047.681622,8991.327224,9123.637409,9048.720226,9014.520769,9040.455447],"1.18":[5216.696283,5204.774421,5297.76127,5248.435642,5269.820011,5214.447374,5279.702115,5397.388288,5401.416087,5324.353621],"1.19":[8918.124857,8992.008948,8871.170349,8913.95306,8930.822488,8878.838716,8940.059321,8899.557829,8870.122148,8872.64743],"gotip":[8865.499918,8873.509513,8875.130122,8940.19325,8854.344814,8992.45275,8953.263233,9042.081706,9004.980738,9004.26136]}},"MergeSort":{"name":"MergeSort","build_times":{"1.17":[143.483232,141.553215,139.761598,129.802605,136.454868,139.865299,139.764398,135.077355,138.507986,136.398367],"1.18":[153.541016,143.790926,137.192065,145.822345,142.10371,146.499051,144.886336,142.04591,141.752204,142.224107],"1.19":[148.905768,148.819268,169.121954,161.119781,144.76803,150.921287,158.955461,154.865124,151.741094,153.087107],"gotip":[2947.191761,2874.79074,2938.829125,2842.077978,2890.459935,2848.668152,2878.377637,2878.194834,2978.510944,2896.360495]},"run_times":{"1.17":[6879.432464,6823.029146,6605.741548,6598.491183,6717.746839,6627.996103,6594.302568,6703.916688,6925.323344,6681.571617],"1.18":[5956.741168,5888.526189,6068.263842,5921.106303,5995.747393,5947.879541,5881.577498,5860.449336,5855.509333,5888.369317],"1.19":[7482.469932,7434.604946,7410.259677,7447.718014,7339.437092,7350.216347,7371.285615,7405.569174,7451.167602,7388.948268],"gotip":[8860.738419,8811.674178,8773.849366,8657.321449,8837.473186,9151.6241,8689.706099,8830.474594,8818.20359,8706.347811]}},"Sort_Random":{"name":"Sort_Random","build_times":{"1.17":[169.233184,165.921777,163.859372,156.941957,162.625969,161.311867,157.939658,155.537754,169.160884,153.846649],"1.18":[174.202012,165.824525,165.486821,167.608643,170.827577,173.0706,166.504332,170.260871,156.264225,173.164201],"1.19":[169.061143,173.256785,162.300773,168.544137,169.707549,163.94969,169.181244,165.140302,162.949679,167.922431],"gotip":[3621.917102,3439.325894,3363.81707,3400.922133,3396.173986,3428.685863,3421.823827,3523.232227,3464.636258,3638.189072]},"run_times":{"1.17":[5012.040137,5011.950035,5011.397263,5011.99929,5013.342601,5013.172606,5011.505518,5011.771566,5012.577924,5012.662236],"1.18":[5033.012021,5040.787021,5033.218002,5034.855788,5030.874577,5026.335738,5027.297995,5027.348529,5026.684163,5030.913946],"1.19":[5097.435738,5084.916531,5092.307681,5085.243904,5086.480546,5086.015169,5084.320889,5084.135931,5085.417017,5085.85536],"gotip":[5089.694507,5088.615219,5081.56653,5081.886861,5079.447982,5079.957978,5081.783285,5079.532407,5079.514333,5080.667399]}},"Sort_Reversed":{"name":"Sort_Reversed","build_times":{"1.17":[147.602235,147.973337,146.025022,146.511225,157.156415,147.811136,146.108523,145.072713,146.545226,149.39905],"1.18":[155.835118,155.271215,152.965001,151.914195,152.405798,152.928401,148.267174,149.798883,145.662958,154.289709],"1.19":[151.371189,145.926236,146.708243,159.183765,146.590042,146.288839,147.891355,149.913074,150.809928,156.82158],"gotip":[3226.187156,3240.880605,3283.554146,3208.244771,3192.698619,3162.897231,3184.994354,3191.202575,3179.871291,3240.279681]},"run_times":{"1.17":[3710.851679,3712.606362,3713.42907,3711.266689,3714.041809,3710.972127,3711.707076,3713.512539,3708.364279,3713.230811],"1.18":[3576.019124,3575.088753,3574.59871,3575.594731,3574.850856,3573.678659,3577.383271,3576.064458,3576.197549,3573.792252],"1.19":[369.72589,370.357196,369.829991,370.905501,370.286095,369.212086,371.568608,369.72869,369.382987,371.061803],"gotip":[370.109038,369.374931,370.608544,369.503433,370.513243,369.585333,370.739144,369.883937,369.482933,370.471442]}},"TimeAfterFunc":{"name":"TimeAfterFunc","build_times":{"1.17":[450.976968,160.218688,158.692573,157.266258,162.011606,154.282329,161.361399,162.387909,154.167728,158.017965],"1.18":[510.40569,169.14592,164.427069,159.635617,164.045165,157.950499,163.793762,160.83023,164.570271,157.560895],"1.19":[183.613963,174.847549,166.507066,168.250483,166.127662,175.072352,161.96312,166.90687,165.306254,165.303454],"gotip":[4210.628168,3892.592395,3880.505794,3914.343882,3866.049858,3918.444088,3900.598215,3849.906533,3918.122682,3799.130873]},