{"CGO_CALL_C_FUNC":{"name":"CGO_CALL_C_FUNC","build_times":{"1.17":[532.389693,494.924647,487.954894,516.5972,470.958309,522.860757,526.420533,558.428723,538.047308,569.359211],"1.18":[551.222143,501.556236,506.471797,490.677722,477.643525,516.13772,496.683075,475.511242,462.762893,505.690536],"1.19":[517.279014,503.586514,519.690805,478.497514,536.676078,496.806277,490.290626,535.195189,492.970606,509.235384],"1.20rc3":[439.893043,456.842142,469.450323,430.033164,443.702784,424.420961,423.082309,448.675621,431.166489,441.387106],"gotip":[552.868038,488.681145,490.35545,457.086543,456.369596,452.70398,559.184218,470.770468,473.351151,511.899366]},"run_times":{"1.17":[3858.753572,3796.444676,3937.615873,3847.505455,3891.986701,3847.78089,3892.140093,3860.134372,3871.955639,3743.399461],"1.18":[3715.117713,3579.994724,3594.300069,3635.67459,3585.066195,3829.530329,3650.911125,3646.806006,4040.886795,3538.233004],"1.19":[3520.553861,3558.935146,3541.497826,3554.167188,3557.156574,3525.712957,3538.890455,3814.887474,3546.385565,3530.251138],"1.20rc3":[3689.170196,3539.16133,3910.536754,3706.532249,3824.176852,3833.523041,3797.217431,3784.058801,3716.623669,3842.091308],"gotip":[3607.934305,3606.661663,3629.647763,3584.895364,3738.480172,3623.154551,3830.010909,3675.8969,3665.567008,3627.562488]}},"Fibonacci":{"name":"Fibonacci","build_times":{"1.17":[127.687231,132.390195,129.144021,132.697894,127.651932,126.858437,119.610592,120.034389,124.179758,129.369619],"1.18":[128.511911,137.427649,128.393012,128.67371,123.385247,126.469826,138.060545,120.953963,129.427205,127.466818],"1.19":[138.419545,110.113361,118.197195,109.463862,118.419193,126.388132,131.540293,115.686514,114.88562,118.958089],"1.20rc3":[139.155581,122.568143,128.851772,135.906295,126.538158,132.798211,137.517574,142.902545,124.473177,139.255728],"gotip":[121.226297,142.346474,144.005057,121.750885,125.254035,120.526481,123.661188,134.094491,114.489053,115.871699]},"run_times":{"1.17":[3790.786952,3883.617143,3846.477293,3871.968117,3858.900915,3889.628147,3771.798332,3890.102271,3786.995782,3868.692685],"1.18":[3825.003078,3827.600419,3881.220711,3816.433043,3805.510209,3880.408083,3848.176667,3914.350481,3931.371379,3965.836482],"1.19":[4046.72351,3865.977169,4398.76923,3915.846519,3823.085317,3845.402744,3859.669136,3881.21958,3886.438041,3910.940345],"1.20rc3":[3904.96834,3927.977961,3910.113009,3869.902238,3935.5811,3915.696134,3934.973989,3870.950563,3982.037987,4074.529394],"gotip":[4031.881212,4240.74709,4147.240869,4178.174716,4265.698578,4175.418611,4131.477123,4227.118889,4081.456887,4115.872964]}},"Garbage_Collection":{"name":"Garbage_Collection","build_times":{"1.17":[131.477208,136.952733,140.87538,133.326283,130.081926,135.628451,130.765017,138.729909,141.680868,144.929624],"1.18":[170.01465,145.327362,139.336838,137.402163,148.959816,157.427364,160.568226,149.952057,150.884645,151.473337],"1.19":[125.089711,118.797791,118.426196,125.19271,120.573868,124.933613,119.480583,133.322006,119.185286,117.868203],"1.20rc3":[121.330912,128.250761,129.208365,142.267229,128.059832,131.897618,143.251064,131.911625,126.39287,121.106706],"gotip":[121.943999,130.162237,126.315475,120.947714,113.348467,140.582664,118.117229,113.887756,121.518603,124.540879]},"run_times":{"1.17":[6146.6647,6110.837824,6252.882266,6263.773809,6071.978686,6254.021962,6110.569337,6180.042389,6126.420188,6261.781341],"1.18":[6324.34906,6294.834437,6254.120179,6179.247928,6156.28778,6192.428065,6248.081438,6517.195969,6566.813376,6384.168811],"1.19":[6447.964548,6196.941899,6041.755684,6135.109784,6199.538839,6451.379729,6194.078163,6209.636075,6372.162818,6380.461544],"1.20rc3":[6691.868751,6794.59696,6788.451741,6723.988445,7079.673158,6883.536606,6595.791582,6703.690851,6858.367548,6685.311907],"gotip":[7419.198318,7246.290415,7267.076284,7294.428305,7288.575052,7257.508032,7108.382098,7097.711519,6858.243657,6886.685812]}},"Goroutine_Creation":{"name":"Goroutine_Creation","build_times":{"1.17":[200.733717,143.618739,152.264475,147.753508,142.584346,147.330612,152.107776,157.472436,139.790167,150.15359],"1.18":[156.95264,144.356134,143.715838,140.433463,147.693809,141.870451,153.646664,132.789719,150.618187,134.791004],"1.19":[132.273121,113.273462,118.434624,130.344836,118.280625,120.157812,128.190166,126.615912,119.236527,125.978331],"1.20rc3":[129.931245,129.266382,129.431739,120.450031,120.753879,124.342207,125.06386,131.323921,124.241617,121.614348],"gotip":[126.387794,128.568326,142.053614,124.064055,136.070723,129.151751,128.68422,123.73657,119.167593,118.745507]},"run_times":{"1.17":[5700.626749,5784.210906,5491.933053,5376.560634,5591.188967,5352.741747,5410.193764,5295.29033,5369.619089,5280.898796],"1.18":[5249.469707,5157.505686,5204.118939,5188.265955,5198.364983,5149.302648,5150.090736,5132.946712,5290.668828,5315.722551],"1.19":[5757.171384,5327.427264,5315.473574,5359.127685,5238.884897,5323.549282,5300.149354,5196.660551,5256.207391,5135.12953],"1.20rc3":[5915.585406,5615.146662,5570.219843,5526.201441,5372.169277,5423.098919,5338.980999,5297.500076,5299.234444,5366.347702],"gotip":[5418.394958,5910.20872,5383.69678,5512.841193,5859.177968,5884.133148,5539.514041,5508.9661,5437.485896,5570.976928]}},"MergeSort":{"name":"MergeSort","build_times":{"1.17":[139.40575,133.995991,143.31952,137.560364,140.75644,141.177937,128.727131,137.425065,147.722688,139.248652],"1.18":[185.196103,132.706899,140.053343,146.368496,153.209443,135.409878,140.901136,132.226902,131.620207,158.238306],"1.19":[126.18215,122.950975,128.081936,128.753931,122.740076,136.699971,121.762784,122.685576,114.378839,125.860952],"1.20rc3":[127.971237,149.936068,132.568501,140.792435,145.672196,133.453289,121.574893,131.859109,123.272879,123.405595],"gotip":[129.875085,129.159107,125.379155,129.424328,128.591152,132.920797,127.157442,119.350095,135.561878,128.950728]},"run_times":{"1.17":[8113.719992,8116.810965,8080.956104,7914.460241,8131.815389,8052.66105,8089.672553,8233.627339,8003.635365,8089.787794],"1.18":[6801.262117,6897.432954,6560.433038,6677.650532,6650.489733,6667.179674,6679.460076,6540.120955,6742.091029,7143.286749],"1.19":[8801.444778,8985.050681,8781.711724,8875.458899,8674.543753,8902.147523,8804.455457,8886.336293,8850.243872,8999.330917],"1.20rc3":[9860.941585,9728.837106,10008.247123,9658.267831,10036.793602,10009.075352,10160.949401,9657.242038,9865.465676,9567.44935],"gotip":[10376.660766,10182.052428,10322.415818,9961.442235,10349.53949,10405.948965,10170.42496,10114.957811,10052.496617,10158.730421]}},"Sort_Random":{"name":"Sort_Random","build_times":{"1.17":[148.903893,163.020289,151.167077,147.538104,147.900901,163.149888,162.563392,154.164655,144.176229,163.762384],"1.18":[158.552617,162.628987,162.287189,153.371456,158.09412,145.340716,157.540625,148.716191,163.158683,163.357382],"1.19":[123.79766,132.292596,139.522841,128.622724,124.566054,126.122142,125.299849,131.885499,127.942529,119.498793],"1.20rc3":[145.40412,139.478659,126.647154,133.443886,132.872584,165.904139,143.999519,146.095873,123.550689,139.228217],"gotip":[134.176046,130.188779,122.07716,135.471143,162.567751,142.268636,130.682525,153.47393,141.384772,137.886055]},"run_times":{"1.17":[5241.471058,5407.420817,5457.368329,5438.353936,5449.393416,5762.798488,5592.872845,5201.608102,4970.404698,5037.962808],"1.18":[4953.123541,5002.971581,4932.589534,4931.718205,4981.809132,5027.795053,4970.394805,4941.013355,5038.620877,4993.273739],"1.19":[5006.868172,5199.524708,4980.063361,5108.643801,4978.810336,4992.645403,5098.950913,4988.531717,5007.661567,5026.693844],"1.20rc3":[5387.515224,5360.144087,5131.568814,4974.673579,4983.762191,5011.865984,4987.474343,5018.146317,5287.854239,5096.499858],"gotip":[5144.595263,5169.443602,5176.559548,5251.97112,5259.279535,5161.94654,5379.144394,5354.376139,5494.805215,5559.419103]}},"Sort_Reversed":{"name":"Sort_Reversed",