{"CGO_CALL_C_FUNC":{"name":"CGO_CALL_C_FUNC","build_times":{"1.17":[526.762642,486.227246,486.046407,485.13064,484.516337,487.416149,488.537654,482.095027,488.931555,474.295997],"1.18":[491.767429,484.995698,473.413746,472.513142,473.351946,478.118467,481.573583,484.837598,482.631788,477.268564],"1.19":[568.567256,532.629613,533.742718,527.367193,531.063007,521.996771,534.494421,527.818594,524.04288,533.644817],"1.20rc2":[4094.980004,3993.046382,4013.077509,4089.49602,4125.922812,4046.475808,3990.564746,4080.767326,4019.877574,4009.057392],"gotip":[4205.761028,4039.057254,3996.551507,4025.484559,3992.548131,4085.176458,4052.955428,4015.032377,4119.793969,4016.886839]},"run_times":{"1.17":[3878.081807,3871.64177,3868.112224,3873.266239,3871.063326,3871.197704,3870.939828,3871.765179,3870.863202,3869.056144],"1.18":[3517.192985,3519.122871,3516.817723,3516.669185,3522.407578,3519.994924,3515.758231,3520.231596,3534.689939,3517.692689],"1.19":[3541.467921,3541.861349,3541.779028,3540.748992,3541.817401,3539.976398,3542.385639,3542.109347,3541.099353,3544.322318],"1.20rc2":[3553.676734,3554.874299,3553.544405,3553.100714,3555.878266,3555.306657,3553.868684,3557.0555,3556.462504,3557.046384],"gotip":[3553.783307,3554.058915,3557.002628,3553.842793,3559.712413,3555.398576,3556.0097,3555.04181,3555.577212,3555.62009]}},"Fibonacci":{"name":"Fibonacci","build_times":{"1.17":[132.57254,132.253433,130.660225,128.480614,127.183609,134.397243,130.385323,122.450686,121.747482,128.577015],"1.18":[133.167128,132.185824,135.850443,153.020038,128.584703,128.623304,137.740454,136.961749,130.762616,130.730815],"1.19":[143.548011,145.52192,145.773122,149.666642,143.590311,145.113118,149.510041,146.897927,148.696036,149.731041],"1.20rc2":[2775.122476,2771.896668,2798.429082,2831.982147,2800.233868,2804.044487,2780.524574,2801.856891,2851.533039,2783.295481],"gotip":[2729.087728,2747.272815,2772.559834,2777.322034,2859.82883,2826.557208,2844.083926,2853.045868,2817.333357,2818.382731]},"run_times":{"1.17":[3901.370478,3902.591037,3904.846046,3901.803261,3900.84836,3903.366473,3901.902437,3903.342104,3908.35056,3902.345582],"1.18":[4015.115066,4011.57759,4014.433833,4014.220942,4013.26647,4011.76008,4012.440946,4016.001922,4011.582683,4012.882873],"1.19":[3916.789035,3902.727548,3903.335271,3900.826957,3902.268721,3902.237435,3902.709266,3903.563631,3903.652061,3903.211978],"1.20rc2":[3901.053915,3917.478169,3901.795483,3912.656821,3901.273082,3901.385672,3914.722967,3903.469909,3911.963964,3907.843735],"gotip":[3907.41942,3906.404528,3917.120979,3900.103913,3931.538812,3902.441226,3913.728059,3903.737863,3900.867703,3901.856609]}},"Garbage_Collection":{"name":"Garbage_Collection","build_times":{"1.17":[141.23121,145.827833,207.410642,150.156555,138.108894,137.024389,139.2383,133.37947,134.590176,138.190195],"1.18":[142.559379,135.337833,141.10476,145.053979,149.994702,142.686168,140.325857,144.403576,139.833454,144.304575],"1.19":[153.274115,152.818414,140.517256,150.0165,155.036124,148.711295,148.009891,147.174187,144.722375,141.832263],"1.20rc2":[2872.018661,2770.29167,2820.00053,2792.916315,2832.468106,2899.025295,2835.441774,2769.572356,2826.53694,2811.370256],"gotip":[2819.397508,2813.268042,2825.294396,2801.412281,2775.776005,2819.938874,2765.406911,2808.706125,2791.092844,2806.440617]},"run_times":{"1.17":[5719.677451,5709.724599,5705.939118,5718.009302,5597.909124,5701.746878,5706.135706,5584.994352,5676.986812,5676.957743],"1.18":[5726.912022,5781.990332,5719.762057,5710.75083,5747.806,5696.659312,5693.91491,5771.754592,5784.246857,5723.60155],"1.19":[5563.344274,5565.58642,5573.739054,5549.633217,5559.558683,5570.055079,5548.105892,5608.158162,5538.002883,5540.56383],"1.20rc2":[6258.231197,6167.882253,6318.48435,6230.946105,6239.408972,6239.696686,6201.424867,6207.546165,6190.931385,6193.039025],"gotip":[6197.465139,6208.138559,6291.215487,6230.227978,6205.997833,6225.117954,6218.995135,6225.339666,6245.18696,6228.265497]}},"Goroutine_Creation":{"name":"Goroutine_Creation","build_times":{"1.17":[143.886093,143.059689,138.316367,142.635187,143.995793,143.745392,182.066877,175.948448,147.653211,134.86315],"1.18":[144.821593,154.006738,143.701689,152.068828,144.047491,151.176924,145.213896,146.935804,143.824889,145.960199],"1.19":[153.162535,151.456826,155.771447,141.051477,144.458093,162.019177,150.581322,148.06441,145.9269,154.816443],"1.20rc2":[2942.649417,2916.058795,2902.824431,2958.542481,2873.358257,2918.774374,2912.135968,2957.638193,2935.490688,2927.354347],"gotip":[2983.032117,2953.551109,2886.913706,2909.464415,2957.205996,2921.515421,2931.79127,2962.009715,2973.808672,2962.519012]},"run_times":{"1.17":[8781.594371,8850.677191,8832.374773,8818.827807,8802.557746,8841.42247,9068.002112,8866.492702,8907.511368,8958.206767],"1.18":[5412.793336,5120.114479,5147.796395,5097.851964,5051.505684,5256.462982,5270.159587,5168.8407,5195.886109,5142.378266],"1.19":[8989.166448,8784.038224,8751.336973,8691.475767,8633.739499,8769.118641,8690.328764,8678.452588,8643.102746,8674.149904],"1.20rc2":[8835.808485,8887.826739,8947.395047,8920.194428,8890.186312,8925.785516,8914.787676,8910.77868,8886.791529,8961.266643],"gotip":[8980.515951,8932.749902,8920.622733,8759.111857,8793.694555,8760.602602,8894.696269,8734.946588,8758.412314,8807.643642]}},"MergeSort":{"name":"MergeSort","build_times":{"1.17":[135.386149,132.460536,136.280954,145.441098,137.486059,132.033334,134.161344,133.659241,135.256449,128.779318],"1.18":[137.690861,141.012577,135.193449,137.677861,138.160763,143.953791,137.913662,132.273535,138.498964,137.676261],"1.19":[157.881359,150.487022,164.36559,163.056984,154.472843,148.814116,152.550633,147.758511,144.907397,147.548109],"1.20rc2":[2835.226446,2832.89494,2851.689869,2757.461317,2864.65963,2825.44194,2834.796084,2800.761723,2790.758778,2830.115866],"gotip":[2892.133939,2900.1665,2797.787109,2844.037431,2803.944439,2785.339451,2884.440031,2801.513538,2843.985742,2745.212468]},"run_times":{"1.17":[6699.023541,6560.533677,6480.618573,6707.554976,6617.659151,6624.489181,6557.410157,6490.658862,6669.114505,6525.888121],"1.18":[5751.860904,5841.755734,5714.069723,5721.311329,5749.964906,5713.715048,5722.850504,5688.134519,5755.963841,5705.389003],"1.19":[7353.278256,7371.213614,7469.15114,7356.588631,7323.752359,7371.415485,7320.487714,7363.234315,7311.542658,7335.494313],"1.20rc2":[8623.99632,8709.236852,8648.168344,8583.399037,8687.119743,8840.204973,8988.562981,8534.683695,8615.168259,8760.822516],"gotip":[8979.944451,8838.926546,8807.334982,8832.345832,8850.377231,8828.116395,8784.699124,8887.920205,9063.731786,8927.212612]}},"Sort_Random":{"name":"Sort_Random","build_times":{"1.17":[160.902155,157.805641,148.900698,150.782008,173.284313,156.515034,151.873213,153.49412,154.157923,153.41022],"1.18":[159.038744,151.414008,245.300348,155.652929,150.993406,151.938711,155.280627,153.493718,154.541923,153.75842],"1.19":[155.693129,161.473057,156.714834,161.408956,174.136316,153.385919,156.248632,155.429828,157.552238,157.014836],"1.20rc2":[3300.481033,3329.710597,3347.248378,3317.22608,3343.387721,3287.505468,3298.741839,3263.618476,3298.563547,3313.84292],"gotip":[3244.566232,3200.047424,3252.40556,3257.19508,3200.455219,3219.717819,3243.084628,3270.667059,3260.657814,3352.995847]},"run_times":{"1.17":[5011.611215,5013.585158,5008.906221,5012.547008,5013.6353,5013.357498,5014.291913,5015.078003,5015.179637,5013.346949],"1.18":[5033.827069,5027.731548,5028.536881,5024.225331,5031.437332,5029.657512,5026.165363,5026.495803,5027.874795,5029.894294],"1.19":[5079.5224,5083.990732,5082.02573,5083.227055,5081.382022,5080.312251,5081.441791,5081.420597,5082.17163,5093.089556],"1.20rc2":[5077.638701,5079.394799,5079.781248,5076.502039,5077.201575,5075.76618,5082.17879,5076.609828,5080.499335,5078.677728],"gotip":[5076.423994,5082.17408,5080.063761,5077.929041,5079.546675,5076.476483,5080.203257,5079.136323,5078.680074,5080.62807]}},