{"CGO_CALL_C_FUNC":{"name":"CGO_CALL_C_FUNC","build_times":{"1.18":[515.264923,482.057609,483.429026,498.94642,486.310762,488.630457,482.605287,490.846602,492.439625,496.703084],"1.19":[549.396674,517.742908,504.626966,504.716867,513.313967,511.985052,522.637176,509.114519,514.283879,520.332949],"1.20":[448.616307,440.21902,441.262814,432.764394,441.045199,431.468604,427.105697,440.841832,433.464836,442.959842],"gotip":[483.355169,494.457896,494.884454,498.392587,479.772328,477.790078,480.507507,470.172271,483.549788,489.853267]},"run_times":{"1.18":[3519.129587,3520.557125,3518.252588,3524.013164,3521.507348,3519.709202,3519.307415,3517.624535,3519.788868,3521.148715],"1.19":[3544.748206,3542.132238,3552.279382,3542.388644,3543.541807,3545.980985,3543.099663,3543.5718,3544.56175,3545.824032],"1.20":[3561.602248,3551.150529,3556.711657,3560.893628,3556.4133,3555.485403,3553.974631,3564.504603,3556.749026,3557.138074],"gotip":[3631.939409,3630.844172,3633.531153,3640.477413,3632.697164,3626.325629,3634.215847,3620.80339,3578.590626,3614.022532]}},"Fibonacci":{"name":"Fibonacci","build_times":{"1.18":[145.559744,124.35005,126.533448,123.509632,127.028651,119.24041,125.06664,123.05423,129.884965,130.418968],"1.19":[111.859651,107.894831,113.61336,122.004301,112.287253,107.57073,113.564259,116.554874,117.357878,110.075423],"1.20":[120.881465,114.96552,126.058955,117.22732,119.342562,119.592416,122.034477,119.096843,119.063262,129.117846],"gotip":[126.488801,117.561842,115.928941,129.050575,125.65106,124.874439,117.167457,119.904803,119.580022,121.567546]},"run_times":{"1.18":[4022.656694,4013.664176,4016.023942,4014.568883,4014.535972,4013.920303,4015.286978,4012.357875,4013.915564,4014.338347],"1.19":[3902.868408,3905.002224,3903.613869,3909.406097,3904.308163,3902.990773,3905.649847,3924.344828,3903.976354,3904.08386],"1.20":[3926.649304,3906.541514,3933.963695,3915.025418,3937.716474,3922.709326,3919.975196,3934.143066,3925.97024,3919.503842],"gotip":[4245.340372,4246.819043,4247.922892,4244.795752,4244.858215,4245.127208,4245.317794,4249.290761,4245.373929,4246.269199]}},"Garbage_Collection":{"name":"Garbage_Collection","build_times":{"1.18":[134.310398,130.069562,128.423049,129.140355,130.510367,130.92267,136.004212,131.300924,135.225757,131.062422],"1.19":[110.922255,113.303967,116.243282,113.712769,117.425146,114.613825,124.116494,116.478338,115.642233,123.114687],"1.20":[120.496794,126.994678,123.151271,122.298074,123.414073,120.841473,123.220232,130.875955,125.068308,124.873302],"gotip":[118.801016,127.806177,128.954321,137.749788,129.274206,122.82247,129.146885,127.40377,122.678305,130.553841]},"run_times":{"1.18":[5766.476546,5776.924951,5679.2182,5706.480391,5726.719089,5711.86516,5700.382165,5753.773111,5685.407212,5722.691041],"1.19":[5621.257233,5611.294093,5561.446435,5594.937259,5562.209477,5542.968916,5535.977002,5572.435092,5577.366795,5521.658418],"1.20":[6265.391823,6222.53421,6250.312584,6225.25011,6260.930118,6245.606734,6220.497866,6233.921339,6242.473715,6202.015618],"gotip":[6584.447258,6604.433355,6569.120707,6602.139696,6602.490655,6558.498567,6588.172322,6658.927925,6592.978584,6610.676716]}},"Goroutine_Creation":{"name":"Goroutine_Creation","build_times":{"1.18":[142.054228,143.731251,140.719624,135.794639,140.962029,137.744473,137.382866,140.542121,137.148663,131.848671],"1.19":[125.591799,171.552785,111.604022,115.699073,120.634936,119.808626,125.151394,119.268618,119.979728,132.190583],"1.20":[126.301014,124.597191,127.484021,123.02769,130.736626,126.65331,124.678955,123.70314,120.300461,121.638986],"gotip":[129.847307,126.052005,125.070901,135.558352,135.965204,128.809678,120.627115,125.69928,127.846239,128.022828]},"run_times":{"1.18":[5675.610099,5753.850668,5689.278582,5713.055521,5719.89808,5592.416837,5662.617107,5631.560589,5653.828087,5656.390239],"1.19":[9268.537395,9245.733887,9223.968236,9241.430589,9241.297731,9319.557402,9231.483832,9191.091621,9271.503073,9233.752408],"1.20":[9363.249693,9317.405087,9353.011264,9331.884762,9372.438195,9333.015676,9332.442514,9332.062604,9353.656833,9390.078682],"gotip":[5910.343317,5912.140276,5844.508,5843.354131,5800.786821,5848.286449,5896.807569,5718.069249,5836.016599,5780.17143]}},"MergeSort":{"name":"MergeSort","build_times":{"1.18":[128.797279,125.834565,129.877283,133.4462,133.608,125.631165,129.359081,118.903234,128.327676,122.064148],"1.19":[140.815425,121.951767,118.213816,120.934554,119.20313,121.013954,120.150042,122.553075,123.525971,118.196069],"1.20":[124.782245,121.963265,128.00392,126.951205,120.699534,123.395239,120.689569,131.493742,124.039522,122.220566],"gotip":[132.415586,131.113874,123.15515,127.675648,125.117165,130.881681,121.800959,124.452951,126.426378,117.035202]},"run_times":{"1.18":[6293.531178,6174.489565,6151.026488,6194.192622,6362.351657,6228.824928,6227.724626,6153.435058,6144.032951,6309.499394],"1.19":[7860.381722,7831.592752,7848.080306,7829.704598,7955.588025,7838.717758,7911.212495,7983.164911,7773.63758,7687.557482],"1.20":[9127.184923,9291.677846,9157.808377,9188.147027,9223.292741,9191.23678,8963.064405,9051.74502,8829.109848,9007.238906],"gotip":[9649.145554,9415.146313,9270.156269,9406.189895,9456.573353,9070.595588,9181.686014,9175.678739,9540.019687,9338.111226]}},"Sort_Random":{"name":"Sort_Random","build_times":{"1.18":[151.463176,142.808626,141.887621,150.234569,144.938039,148.411659,142.612825,149.968668,147.738054,149.566965],"1.19":[139.911018,124.241848,130.621876,118.677424,126.91746,138.857813,125.643955,123.137343,127.756464,123.973972],"1.20":[137.94028,134.959608,141.021133,141.000737,139.337353,133.366015,132.510492,132.451827,130.844132,129.603788],"gotip":[135.212013,134.947361,142.201021,140.587925,138.637615,142.07847,155.538255,135.338832,138.806615,140.699189]},"run_times":{"1.18":[5035.346714,5040.983402,5026.004611,5030.948232,5030.141526,5031.10168,5027.804493,5025.910948,5029.404525,5041.957245],"1.19":[5093.158202,5085.560364,5086.19668,5081.855051,5093.665084,5086.972346,5084.642911,5087.718337,5083.924592,5083.35734],"1.20":[5080.556854,5085.252011,5082.4094,5079.992213,5082.455352,5095.57968,5087.849391,5080.184034,5082.157502,5081.383053],"gotip":[5204.579,5206.124407,5203.979,5203.710978,5203.107973,5206.989432,5206.362898,5204.469158,5203.069535,5204.741791]}},"Sort_Reversed":{"name":"Sort_Reversed","build_times":{"1.18":[142.723535,139.160832,143.276436,132.195325,144.211336,129.931723,138.08573,141.350533,136.364229,141.227034],"1.19":[136.355856,120.707446,114.2383,116.742218,117.944327,120.032041,121.628852,118.646331,119.382237,114.400202],"1.20":[131.925086,127.547943,138.05788,124.169586,119.215433,129.424101,131.409272,121.629298,125.910293,120.876249],"gotip":[129.109832,127.645537,131.096807,126.985728,121.159843,129.429672,127.31667,126.307653,132.477841,132.668049]},"run_times":{"1.18":[3577.369807,3576.305178,3573.632192,3573.629237,3575.807363,3580.706191,3574.534348,3574.086165,3575.345131,3577.592098],"1.19":[370.094694,370.941299,370.217094,369.57739,371.467503,369.430619,372.932356,369.698327,370.758536,370.918038],"1.20":[369.543971,369.836189,369.334886,370.530293,369.792989,370.656294,370.907796,370.729094,370.614393,370.830196],"gotip":[374.221229,375.916237,374.258728,375.063032,375.343334,374.863332,374.292329,374.51413,375.287234,375.848637]}},"TimeAfterFunc":{"name":"TimeAfterFunc","build_times":{"1.18":[153.182955,148.424051,161.334633,150.865304,150.519296,148.273548,151.333214,150.475695,153.227656,150.167089],"1.19":[204.076212,141.64741,134.088265,132.102417,132.436725,136.571926,139.879006,130.325373,135.998612,132.933537],"1.20":[154.800802,134.909044,137.82414,135.606895,137.528782,137.701835,135.450014,141.656983,142.440609,144.677859],"gotip":[144.121938,139.773,139.434117,145.149483,143.132829,151.745133,139.216828,142.083592,136.037288,138.253489]},