{"CGO_CALL_C_FUNC":{"name":"CGO_CALL_C_FUNC","build_times":{"1.18":[467.836029,462.353635,476.131971,473.574627,501.532707,532.223034,505.15107,530.891817,487.37357,475.018759],"1.19":[530.764036,479.28065,509.698474,485.761965,492.862088,491.80797,488.890419,498.422583,494.140109,486.218973],"1.20":[421.089947,423.358508,417.2698,418.283185,415.613344,419.730225,419.72414,424.592088,423.333985,425.746276],"gotip":[454.900434,459.275321,460.58605,455.526435,452.687101,455.701253,465.151902,465.255817,456.684048,453.128025]},"run_times":{"1.18":[3523.443113,3519.163537,3523.59891,3519.642338,3520.050307,3529.335666,3581.562366,3530.30958,3545.417302,3525.380379],"1.19":[3545.185122,3544.987682,3545.018091,3544.941223,3546.299146,3544.449088,3549.97123,3544.802756,3544.590059,3544.571766],"1.20":[3557.880866,3643.056854,3558.670963,3739.139826,3558.380168,3559.755226,3562.819364,3558.360603,3565.364022,3660.144156],"gotip":[3545.004513,3545.018544,3551.070455,3546.070369,3558.154811,3547.951283,3547.253366,3551.550397,3545.878876,3554.953937]}},"Fibonacci":{"name":"Fibonacci","build_times":{"1.18":[111.257426,121.548404,122.231616,118.702855,115.373597,125.607574,130.050445,118.013836,120.669481,121.412294],"1.19":[108.518872,118.31404,106.839843,107.016846,105.886827,110.502906,111.183418,110.320603,108.600973,108.014663],"1.20":[113.581896,120.185388,126.615502,112.596652,113.79008,120.803797,120.283685,112.623751,112.951053,114.637281],"gotip":[111.976935,112.758741,112.711625,111.924521,105.961126,114.468868,107.547159,113.574764,113.09486,114.653883]},"run_times":{"1.18":[4013.682529,4015.549661,4087.566496,4013.963211,4012.644738,4013.192207,4013.476779,4016.029135,4108.498022,4014.75381],"1.19":[3907.540369,3910.34717,3910.971781,3914.110794,3961.114215,3907.888793,3948.601346,3907.050197,3909.286126,3907.456796],"1.20":[3907.144616,3908.895345,4001.212332,3908.425024,3907.925785,4009.520464,3912.839443,3993.691905,3923.563396,4079.317314],"gotip":[4246.513245,4245.114757,4320.308691,4244.54681,4245.725002,4245.49091,4244.67491,4245.139017,4273.761956,4244.848543]}},"Garbage_Collection":{"name":"Garbage_Collection","build_times":{"1.18":[126.983589,133.813107,127.159192,129.106326,128.827021,123.681932,127.201693,127.02449,129.172427,124.024838],"1.19":[115.650499,121.158094,118.460048,121.596502,105.907431,110.931418,106.366539,109.501593,106.219536,115.592498],"1.20":[111.18862,118.591746,116.366001,116.2151,129.534227,110.350098,114.144364,115.586788,120.570474,114.50607],"gotip":[117.468628,106.775141,116.289507,114.451083,116.184503,115.089299,132.020892,113.101154,115.144179,111.425917]},"run_times":{"1.18":[5817.016697,5814.715442,5699.452637,5700.979657,5718.129686,5779.194706,5762.192097,5747.815061,5786.692635,5698.574323],"1.19":[5570.276574,5521.921323,5668.670307,5524.479221,5560.423039,5570.15749,5587.427487,5564.077678,5617.659494,5537.442616],"1.20":[6241.042259,6214.85457,6219.559015,6212.511725,6244.213463,6216.12906,6220.735329,6234.171159,6180.339859,6203.632329],"gotip":[6666.549086,6630.507107,6605.822391,6598.588099,6592.877878,6582.077646,6579.332503,6556.548986,6577.66812,6614.794818]}},"Goroutine_Creation":{"name":"Goroutine_Creation","build_times":{"1.18":[127.565693,127.374887,134.180203,135.098018,128.444705,135.937633,131.008649,131.10975,133.610893,129.084016],"1.19":[110.132199,115.548988,114.565171,110.036293,115.169482,122.936016,109.751089,115.010879,111.699822,115.294983],"1.20":[123.993936,118.414838,115.461189,115.709191,115.174182,120.718376,118.656441,119.337753,136.299646,115.613388],"gotip":[112.373633,119.963464,115.608683,116.096296,125.350953,116.410993,117.628124,119.28515,117.348118,109.542684]},"run_times":{"1.18":[5236.129499,5218.124698,5182.188574,5183.434987,5125.125033,5178.933983,5190.028398,5122.567309,5196.967399,5256.261138],"1.19":[8818.504213,8830.094851,8922.454134,8823.564612,8843.273847,8829.157801,8790.4398,8883.678049,8823.176549,8798.869939],"1.20":[8895.907106,8812.7153,8906.772954,8958.106434,8938.298778,8957.768506,8989.838108,8885.905496,8887.196875,8868.714886],"gotip":[5466.412142,5377.947896,5332.135643,5421.026903,5369.444082,5368.137953,5381.288495,5367.479177,5363.992975,5435.969549]}},"MergeSort":{"name":"MergeSort","build_times":{"1.18":[139.857787,141.321514,121.324858,123.165691,118.785645,127.054588,118.51754,121.544392,119.450057,125.896368],"1.19":[136.370177,117.009539,115.645515,116.548531,116.672333,119.611385,123.545653,116.601933,113.340239,110.563191],"1.20":[121.756109,117.20293,121.255883,116.931764,121.075991,118.61623,118.171431,113.798057,115.12478,119.634459],"gotip":[117.508941,121.461599,117.203488,115.086379,115.000184,117.23932,118.091336,117.664819,113.918761,118.883841]},"run_times":{"1.18":[5896.49293,5811.547353,5851.687934,6064.389728,5925.723626,5876.623934,5813.915966,5919.482347,5859.46345,5806.426319],"1.19":[7488.285395,7564.273711,7520.656998,7555.479754,7545.449673,7517.236091,7531.017687,7630.596013,7478.934814,7494.245349],"1.20":[8598.331655,8572.884934,8639.331195,8588.867778,8670.970534,8626.12063,8702.787378,8694.778331,8550.320346,8703.428631],"gotip":[8893.35292,8762.477987,8896.709828,8789.594656,8949.08192,8851.850887,8826.838014,8846.292069,8762.482781,8860.674091]}},"Sort_Random":{"name":"Sort_Random","build_times":{"1.18":[166.680365,138.202176,139.569299,143.926874,147.389734,144.093477,140.429314,147.083128,148.482352,147.712039],"1.19":[125.291156,122.0265,117.753327,126.871783,124.36354,121.729494,121.236187,123.178219,128.43261,124.210337],"1.20":[131.349554,131.96877,128.061015,133.5344,132.780146,124.481849,124.884166,128.561453,136.63094,129.253768],"gotip":[134.296923,135.955903,133.289639,123.623632,131.41697,131.951573,128.51061,133.257078,139.334098,140.175704]},"run_times":{"1.18":[5029.502529,5029.164875,5029.824082,5104.362253,5027.237861,5031.07902,5027.173096,5030.057375,5030.287445,5067.772918],"1.19":[5094.234509,5083.171386,5163.474146,5086.003516,5155.681114,5084.876484,5088.97775,5085.092679,5087.115371,5083.118445],"1.20":[5082.193867,5081.446946,5084.482966,5081.545565,5082.979133,5084.424874,5118.085369,5082.63176,5083.093983,5080.859057],"gotip":[5207.464372,5204.796919,5209.053387,5210.490173,5205.313448,5212.473034,5206.618539,5205.588226,5206.786328,5205.429606]}},"Sort_Reversed":{"name":"Sort_Reversed","build_times":{"1.18":[131.255152,126.47867,133.769796,135.988333,136.145336,144.714583,137.230054,132.372271,129.784227,137.049051],"1.19":[135.660833,120.667875,114.786374,119.502956,115.569588,120.647275,118.64414,117.094314,115.434985,113.98166],"1.20":[117.536449,129.987752,123.364947,114.297068,125.96979,118.543742,130.617448,115.248283,123.343123,119.153752],"gotip":[114.608671,119.034749,119.439557,122.606711,114.197965,123.105019,117.477222,123.730131,118.272437,120.30957]},"run_times":{"1.18":[3576.665519,3577.426463,3578.407922,3576.75656,3599.09308,3578.287473,3576.96625,3577.975599,3579.18766,3575.924232],"1.19":[370.003564,380.76075,369.703482,386.530873,369.627781,371.34121,370.228691,369.57648,369.936586,373.04314],"1.20":[369.514662,370.433278,369.439061,369.818768,370.325077,369.94137,370.596781,369.182957,370.278476,370.973347],"gotip":[374.268339,389.448501,374.353841,374.452742,375.160454,392.842358,374.733447,375.068553,374.441043,399.27577]}},"TimeAfterFunc":{"name":"TimeAfterFunc","build_times":{"1.18":[174.3346,149.730677,151.68651,144.597889,145.094397,150.853096,161.618382,157.096303,145.538405,152.667427],"1.19":[135.796323,122.494195,124.193424,124.124723,127.942288,121.888485,132.657669,130.318129,126.815481,125.04475],"1.20":[136.679155,127.26699,129.729932,132.261877,132.985288,128.819217,132.819486,139.446502,129.48373,131.679968],"gotip":[131.86517,136.788355,137.336664,126.380768,129.060115,132.760884,131.635761,125.474258,132.794282,131.170152]},