{"CGO_CALL_C_FUNC":{"name":"CGO_CALL_C_FUNC","build_times":{"1.18":[567.660381,555.910582,565.105882,561.045682,556.436883,532.851984,544.268283,535.510583,547.964483,536.190583],"1.19":[602.971171,585.511972,583.516272,573.780472,576.349772,581.938572,581.201972,576.139271,584.551333,576.710634],"1.20":[479.999289,466.139902,479.959431,467.914956,481.805184,480.370646,461.85828,480.06199,485.694713,484.555586],"gotip":[548.334786,545.718186,535.689699,566.105599,550.868592,533.545537,508.316497,517.951715,519.642768,539.346367]},"run_times":{"1.18":[4256.184491,4065.640503,4062.745502,4136.2477,4072.093468,4154.450603,4056.922792,4042.302873,4057.866748,3997.163151],"1.19":[4068.848934,4010.150166,4036.477889,4011.102735,4016.635676,4029.740639,4045.12521,4048.087867,4006.069676,4018.303026],"1.20":[4192.014587,4155.063472,4188.503568,4158.402093,4209.270095,4183.092816,4167.062615,4206.542627,4206.845917,4224.022753],"gotip":[4277.760459,4259.504373,4575.590904,4244.860169,4132.88818,4174.698998,4151.455178,4191.704785,4154.290504,4174.33213]}},"Fibonacci":{"name":"Fibonacci","build_times":{"1.18":[182.615854,143.514043,143.547043,137.482341,138.448541,147.647944,138.088341,142.471942,135.45424,138.897057],"1.19":[120.546004,122.326482,124.976592,120.370575,120.966777,157.16162,131.617519,129.48391,120.551575,132.416722],"1.20":[135.218408,143.50721,143.690093,141.841315,146.469714,140.861691,141.046303,138.935007,140.848609,136.900405],"gotip":[141.757598,153.5593,130.243603,140.747885,140.143996,141.4101,138.7423,139.942201,132.130001,145.583301]},"run_times":{"1.18":[4705.318305,4676.012494,4731.722022,4804.611762,4783.610601,4780.199248,4778.770869,4762.314764,4718.483962,4676.798447],"1.19":[4683.798732,4665.30289,4678.525346,4705.370712,4659.855543,4679.112795,4658.313657,4673.818952,4646.863913,4661.59085],"1.20":[4824.376543,4846.842632,4842.030821,4829.955091,4852.061283,4826.217166,4809.986383,4809.890296,4855.323645,4829.000318],"gotip":[4764.614223,4806.924123,4971.036125,4821.799022,4806.791621,4789.580619,4815.223119,4798.637519,4788.309319,4743.168018]}},"Garbage_Collection":{"name":"Garbage_Collection","build_times":{"1.18":[149.8734,175.6219,154.4799,141.5119,154.662601,155.698501,147.674701,135.738001,152.147901,153.283001],"1.19":[131.735697,121.453698,127.048498,130.943698,122.687797,128.360497,127.364798,124.836698,132.149297,130.314697],"1.20":[144.040976,149.937974,141.407276,152.503475,140.811576,139.771701,151.436064,147.920579,163.312581,148.013575],"gotip":[142.020495,152.092347,130.87321,141.458407,137.508672,130.496908,130.775438,142.287898,134.162398,134.556605]},"run_times":{"1.18":[6862.639125,6874.322723,6851.876812,6813.973092,6796.877365,6809.391366,6822.027867,6779.314118,6778.210564,6809.109856],"1.19":[6790.73386,6720.20034,6720.108834,6667.857429,6673.339428,6677.04293,6599.197738,6648.510747,6671.345464,6804.194432],"1.20":[7633.701755,7591.134717,7578.692656,7581.0796,7540.617184,7492.126375,7576.822289,7498.962034,7592.929075,7545.309642],"gotip":[7573.808167,7527.308715,7522.338932,7626.56951,7594.556119,7624.206198,7569.85503,7541.796039,7574.021227,7506.254912]}},"Goroutine_Creation":{"name":"Goroutine_Creation","build_times":{"1.18":[160.730399,152.1192,155.618799,167.973999,159.0453,166.348499,157.839475,164.527167,164.665399,151.622599],"1.19":[131.217397,133.230797,126.721897,134.145497,128.281197,139.784397,136.129595,130.284595,138.501395,125.411795],"1.20":[145.904702,134.802236,133.554165,142.975099,147.232064,134.310272,140.163073,145.340079,140.672389,129.919681],"gotip":[148.495581,145.278753,148.506967,141.290285,141.893085,131.624185,138.077285,167.96248,147.63227,143.215478]},"run_times":{"1.18":[5805.554859,5940.22771,5820.845697,5723.180456,5807.813423,5690.242342,5973.099184,5896.501161,5906.202343,5930.62725],"1.19":[5960.518776,6021.098658,5914.710429,5905.894783,5899.111829,5844.119529,5964.490747,5795.139884,6006.531378,5897.224182],"1.20":[6114.746612,6088.114424,5985.622785,5947.498895,6098.875258,6046.037141,6050.007409,5946.01937,5873.094099,6000.320073],"gotip":[5867.511659,5960.866988,5903.947591,5960.63459,5920.288614,5909.310966,5918.762111,5934.792628,5956.190919,5855.024651]}},"MergeSort":{"name":"MergeSort","build_times":{"1.18":[179.734787,152.069689,155.912989,152.286589,149.126789,140.37779,151.26899,149.05499,142.27599,150.97559],"1.19":[136.959695,142.737695,130.693895,130.530396,131.309395,126.454395,137.518895,130.014508,129.948408,136.549709],"1.20":[138.370183,135.828577,143.862583,136.294576,140.045791,135.664484,144.789083,143.15077,132.456485,133.669086],"gotip":[145.242425,132.920569,143.27606,147.010562,134.702079,147.053326,132.202005,144.495678,157.067588,145.1238]},"run_times":{"1.18":[7085.353622,6932.197584,6847.683782,6833.419096,7011.252853,6910.488545,6935.60297,7018.572289,6961.717873,7021.991582],"1.19":[9002.439479,8913.714504,8881.440079,8993.075939,8972.427437,9023.678268,8980.484702,8888.575778,8866.438055,8980.193317],"1.20":[9927.691415,9817.449359,9952.021636,9942.009407,9906.857515,10050.582287,9774.936976,10018.444918,9750.211115,9989.614604],"gotip":[9874.405352,9795.131576,9731.241134,9713.763055,9845.489425,9713.327136,9880.318638,9794.696027,9632.481632,9837.829429]}},"Sort_Random":{"name":"Sort_Random","build_times":{"1.18":[171.086502,172.263201,163.850101,173.200302,166.538601,171.605801,168.1075,168.407999,168.404399,158.9636],"1.19":[148.064098,134.254098,151.094998,139.376498,143.354998,139.348998,142.346899,154.126198,147.749299,144.022199],"1.20":[143.537599,153.548299,162.888399,161.4667,167.437928,165.363806,166.260704,166.834603,156.834699,169.165797],"gotip":[176.403881,159.514388,170.819091,160.330791,155.117285,147.571822,163.159589,147.775391,171.327483,176.953184]},"run_times":{"1.18":[5829.530281,5923.913667,5903.041319,5878.09535,5883.993554,5884.425407,5919.902686,5898.424153,5852.332372,5892.777413],"1.19":[5997.251142,5911.051446,5939.732053,5923.675757,5963.753161,5957.556362,5994.985061,6027.23096,6025.795558,6043.829445],"1.20":[6029.915446,6014.047395,6006.830444,6059.978635,6101.385106,6039.836167,6081.42532,6031.80734,5994.080073,6041.171933],"gotip":[6287.752032,6299.940131,6284.888626,6295.507326,6286.227925,6308.718608,6311.898931,6325.667752,6296.67948,6295.728484]}},"Sort_Reversed":{"name":"Sort_Reversed","build_times":{"1.18":[214.591684,163.014489,157.128389,155.821688,161.972288,176.920887,155.718768,154.879662,169.999858,155.760562],"1.19":[129.368258,139.363731,135.236832,136.889831,135.932532,133.278933,141.715929,136.367632,127.544636,131.675234],"1.20":[146.953886,139.349885,149.983914,134.681786,144.637597,150.5824,142.701388,139.9342,150.187201,141.7027],"gotip":[150.823699,145.353903,152.865501,159.794101,147.411601,150.5738,155.2946,151.103187,154.070172,147.150866]},"run_times":{"1.18":[4550.632884,4549.952056,4566.02268,4557.738026,4572.722067,4572.771071,4525.346581,4560.596257,4571.776265,4533.964546],"1.19":[454.676172,449.781875,465.270867,449.080575,453.362572,449.822275,453.425975,461.452979,447.944984,446.660586],"1.20":[448.2299,450.651,449.4151,469.739,443.4213,461.2056,449.641,460.9915,449.1784,442.856],"gotip":[428.786901,426.697801,430.666506,427.05667,432.145471,428.73527,425.886171,425.625171,428.940571,428.90847]}},"TimeAfterFunc":{"name":"TimeAfterFunc","build_times":{"1.18":[171.011101,178.979501,232.878402,181.116402,173.573701,178.005101,172.364001,214.719201,173.755301,174.925401],"1.19":[137.168421,136.763022,135.926521,136.783109,142.590608,145.308509,155.468509,156.91311,147.625609,146.475309],"1.20":[152.699187,154.900686,154.395487,150.688092,162.113495,144.042304,154.211602,150.5787,154.4176,159.493397],"gotip":[160.932107,160.49581,164.376387,161.685222,155.652209,161.677629,153.009607,145.30319,146.528385,163.006679]},"run_times":{"1.18":[5025.751946,6574.779751,4258.721966,4193.067722,6059.594089,4476.713638,4547.828795,4040.696981,3917.349747,5243.11283],