{"CGO_CALL_C_FUNC":{"name":"CGO_CALL_C_FUNC","build_times":{"1.17":[514.425135,513.269587,474.068938,477.488786,490.67987,475.123785,484.44008,477.2987,487.952019,481.366546],"1.18":[509.643197,479.083296,486.364791,487.218403,487.300304,482.567941,489.035927,480.793518,490.367644,487.76861],"1.19":[537.144751,533.239991,536.554942,540.464201,536.895246,534.936218,533.350093,535.13942,525.656676,529.815439],"gotip":[4137.828576,4106.82154,4065.405465,4074.789828,3974.409551,4107.585421,4144.992771,4165.929995,4129.069458,4072.347009]},"run_times":{"1.17":[3869.453173,3870.987799,3869.672621,3882.531342,3869.600947,3872.9206,3871.542838,3871.869783,3869.868479,3868.604813],"1.18":[3623.182581,3512.95196,3516.01874,3516.36572,3518.383747,3516.135609,3516.231956,3516.597782,3517.794127,3738.959956],"1.19":[3538.780248,3540.754437,3542.608085,3540.564672,3542.027601,3541.647581,3540.728267,3542.456694,3542.171154,3540.876477],"gotip":[3565.074424,3557.740469,3558.38435,3555.408916,3555.542358,3557.757173,3561.852549,3559.703819,3555.914092,3556.222012]}},"Fibonacci":{"name":"Fibonacci","build_times":{"1.17":[140.436175,151.364429,134.42669,160.750561,138.472547,144.654335,134.913897,123.898042,131.238546,132.745367],"1.18":[139.815651,135.477091,152.296425,135.824096,135.911597,136.564206,139.152742,136.963211,136.668607,145.510245],"1.19":[141.208766,158.520107,157.477093,147.133249,147.110048,146.319738,145.545426,140.318954,153.834042,144.847517],"gotip":[2936.17545,2878.121337,2919.486516,2856.104928,2928.044636,2883.906804,2909.722346,2845.066133,2936.551906,2850.751403]},"run_times":{"1.17":[3910.472828,3901.658713,3901.462293,3903.940243,3901.959024,3902.383013,3902.36534,3901.653666,3916.28707,3900.258434],"1.18":[4014.484088,4014.621398,4012.510995,4012.129667,4012.200261,4011.379922,4016.060295,4012.137271,4014.516295,4012.37447],"1.19":[3901.312622,3902.485313,3902.221968,3901.438372,3904.162643,3901.564716,3904.558781,3902.749367,3902.914011,3901.946947],"gotip":[3908.275911,3902.077019,3906.161972,3906.275555,3901.158271,3909.778027,3907.272327,3903.921258,3908.294619,3901.814324]}},"Garbage_Collection":{"name":"Garbage_Collection","build_times":{"1.17":[138.284829,139.535646,139.602847,139.886851,138.995139,147.72616,142.554489,138.181127,137.67262,139.453546],"1.18":[144.819141,148.682596,145.726153,150.254518,151.83384,151.460135,148.134588,144.977446,146.378568,141.5361],"1.19":[144.298528,147.462671,144.047424,142.917508,150.314311,135.992811,141.001681,147.664574,153.983563,141.088482],"gotip":[2881.572592,2897.568319,2922.228284,2925.763233,2901.223385,2950.769775,2904.19252,2884.281044,2860.532933,2867.239224]},"run_times":{"1.17":[5706.343886,5720.729797,5693.534643,5705.742364,5661.266797,5709.223809,5662.394532,5692.770301,5724.51727,5699.840033],"1.18":[5822.173158,5700.776806,5681.346005,5674.848133,5698.0919,5672.956357,5696.141231,5698.798789,5776.790932,5683.358053],"1.19":[5602.449921,5609.669296,5565.445072,5572.443425,5535.280136,5559.848184,5569.976514,5541.82969,5632.682307,5558.45024],"gotip":[6260.85582,6246.041592,6203.905005,6227.371312,6246.962818,6187.865767,6233.090724,6179.661398,6209.438395,6187.19452]}},"Goroutine_Creation":{"name":"Goroutine_Creation","build_times":{"1.17":[158.343722,152.001633,150.276009,224.49225,168.063859,152.123235,146.423354,148.21858,149.266995,144.816832],"1.18":[150.641408,141.667982,144.213118,150.940512,151.387318,140.747369,156.887195,161.54996,153.955154,151.202015],"1.19":[146.678447,147.228956,142.405988,148.151969,146.13914,144.750321,157.5678,156.382475,146.738038,152.282114],"gotip":[3036.670121,3021.242007,3012.991043,2973.919199,3011.08335,2997.623085,2938.761988,3009.396943,3000.558899,3027.972178]},"run_times":{"1.17":[8977.643578,8943.519981,8943.323734,9015.288391,9044.84624,8970.013154,9054.315822,9004.884646,8996.68905,8969.962926],"1.18":[5308.731875,5310.90783,5211.90617,5190.250458,5253.772614,5238.440041,5213.196442,5265.138482,5203.005158,5220.07868],"1.19":[8956.400207,9072.15412,9037.308114,9052.103291,8986.670678,8908.072917,8904.906939,8959.058685,8904.645473,8915.059142],"gotip":[9035.939586,9029.124856,8967.297244,9003.725166,9006.426455,9001.287624,9001.15606,8993.487703,9001.398114,9010.508699]}},"MergeSort":{"name":"MergeSort","build_times":{"1.17":[138.938441,134.008073,196.300842,207.876504,156.403985,138.630936,136.497107,141.414276,142.41379,145.609834],"1.18":[140.017057,141.563979,140.428962,132.363851,142.978998,141.493378,144.51672,147.979668,141.160673,143.160601],"1.19":[151.246902,155.203057,167.713031,156.171971,150.226888,149.864283,165.780304,151.900611,161.427844,156.85148],"gotip":[2909.305792,2897.287992,2921.694732,2893.05434,2927.5453,2899.144956,2914.081409,2938.135813,2897.196738,2878.708986]},"run_times":{"1.17":[6777.129705,6594.304387,6580.869902,6533.394097,6658.422279,6624.396427,6704.642338,6563.451832,6624.611142,6603.722744],"1.18":[5930.42197,5735.327016,5800.262668,5772.151186,5860.677218,5865.32171,5860.811275,5771.141047,5813.883081,5865.650328],"1.19":[7633.757891,7456.192483,7408.946392,7498.425163,7508.968182,7467.997348,7491.655413,7382.040846,7480.519156,7375.392886],"gotip":[8861.717707,8780.3134,8734.736736,8870.121348,8776.161886,8829.043462,8695.164345,8695.24275,8774.952277,8790.410884]}},"Sort_Random":{"name":"Sort_Random","build_times":{"1.17":[160.441731,157.460284,161.973655,165.247306,154.934644,156.177364,156.164363,156.150563,157.236081,165.587712],"1.18":[163.858227,169.149625,156.848997,164.346636,168.129905,155.631375,167.583796,158.547228,159.071602,156.361932],"1.19":[151.917074,159.642911,173.045526,157.564782,242.012913,156.987673,158.801502,156.80607,152.151997,167.480839],"gotip":[3330.439171,3332.953462,3372.319219,3347.1049,3379.633267,3366.51909,3389.605243,3425.845674,3433.717246,3420.279904]},"run_times":{"1.17":[5022.22852,5014.375775,5017.577441,5013.393348,5014.319321,5017.278283,5013.098079,5011.285368,5015.715906,5011.350139],"1.18":[5031.979954,5032.803943,5028.031297,5028.558971,5028.190759,5028.079964,5030.032382,5033.929119,5026.600762,5028.005656],"1.19":[5080.583737,5083.355739,5086.328433,5081.791122,5079.931666,5081.504819,5086.917811,5096.739237,5087.458456,5082.260395],"gotip":[5078.160799,5078.379255,5077.552754,5079.608427,5078.993542,5080.501154,5082.434429,5082.86015,5077.708682,5078.334797]}},"Sort_Reversed":{"name":"Sort_Reversed","build_times":{"1.17":[155.967655,141.365929,147.357328,146.473283,149.380628,144.456483,148.843101,143.048613,151.518634,145.177919],"1.18":[141.532056,149.064066,154.205241,148.516958,146.958956,145.987449,144.063622,146.866362,149.137296,143.579514],"1.19":[152.10877,148.068307,148.429912,153.827996,146.775187,147.972205,147.01859,149.361527,147.998106,144.625353],"gotip":[3248.656505,3218.730589,3248.917831,3156.1886,3189.68404,3153.73783,3207.216622,3206.333771,3223.659926,3225.765018]},"run_times":{"1.17":[3715.697073,3714.333604,3712.88381,3715.349168,3709.776544,3715.175249,3717.055763,3716.815259,3715.826498,3713.648363],"1.18":[3575.769253,3573.313716,3574.552394,3574.99249,3573.892537,3574.197895,3573.628037,3573.786141,3574.540721,3575.359398],"1.19":[369.565957,370.486372,369.858961,369.577557,370.510872,370.715477,369.59238,370.539793,370.159387,369.948884],"gotip":[369.787367,369.689266,369.507263,370.545978,369.238059,369.881968,369.749366,369.912168,370.757981,371.188787]}},"TimeAfterFunc":{"name":"TimeAfterFunc","build_times":{"1.17":[447.74046,159.136925,160.345942,158.190712,162.849176,157.712205,159.50713,155.777978,156.938994,154.364158],"1.18":[510.881087,189.2881,163.510832,162.832122,166.662477,162.065312,168.467503,161.794407,155.61702,160.675092],"1.19":[184.774176,168.987447,161.316136,160.578225,157.360179,159.905315,161.154034,160.682526,167.253922,159.765414],"gotip":[3905.906569,3910.14796,4053.788328,3896.015706,3890.035803,3847.398957,3946.814222,3837.891172,3896.104271,3847.412617]},