{"Fibonacci":{"name":"Fibonacci","build_times":{"1.17":[130.82974,133.353078,128.026899,126.031669,131.49175,129.833625,131.498051,124.374944,128.568707,131.703453],"1.18":[137.892248,141.132595,146.054968,141.645103,138.671059,135.32071,141.269097,135.838717,137.173537,139.41967],"1.19beta1":[284.498253,293.365386,294.398101,286.273475,290.173119,294.629184,288.478493,284.546435,286.118658,285.396748],"1.19rc1":[158.677458,159.081864,156.76833,159.581471,158.408354,155.183906,156.391024,157.269637,154.857801,152.915572],"1.19rc2":[150.13873,177.09093,149.727924,152.894671,148.624507,150.733039,145.40096,148.991013,147.955698,144.285543],"gotip":[166.525455,157.43342,154.053471,151.472433,152.931455,155.161487,148.894495,152.356646,146.846365,155.470192]},"run_times":{"1.17":[3907.210847,3903.991462,3902.395721,3908.791568,3902.62297,3902.489556,3901.962188,3902.868478,3902.155035,3901.838734],"1.18":[4027.940905,4011.796264,4012.236617,4023.041939,4010.941866,4011.175211,4011.939517,4021.628557,4014.855296,4012.092378],"1.19beta1":[4011.835907,4013.697336,4011.158198,4011.283886,4010.962964,4010.522,4013.251072,4011.977973,4014.23513,4012.311111],"1.19rc1":[3904.371017,3902.998781,3901.019948,3902.694352,3903.133953,3900.78586,3902.107396,3903.305526,3902.404369,3902.253026],"1.19rc2":[3905.524512,3906.692936,3911.857213,3906.198721,3905.583111,3904.622138,3907.345585,3904.693413,3905.350715,3909.750548],"gotip":[4012.128904,4013.347867,4013.192925,4013.21863,4011.021035,4014.788058,4012.787728,4014.252048,4012.38752,4012.697725]}},"MergeSort":{"name":"MergeSort","build_times":{"1.17":[132.52687,134.403997,134.6312,132.845274,148.763411,144.351445,135.158808,134.677501,138.121853,136.091522],"1.18":[142.355006,145.550056,144.232236,147.463285,141.254389,138.490647,145.309952,145.242351,146.388868,147.519587],"1.19beta1":[298.849153,302.680809,304.050329,305.135946,293.045666,291.919148,292.783362,303.541622,288.748402,297.488332],"1.19rc1":[161.069635,157.453877,159.075503,166.004112,157.225674,163.577674,162.246553,164.376344,162.769405,165.484747],"1.19rc2":[160.297296,156.473957,158.778781,186.092253,159.75109,158.080874,165.961852,153.72403,156.804761,156.991663],"gotip":[162.027621,162.404327,163.94115,159.156178,168.969725,154.337406,155.25022,150.091043,154.817213,154.420307]},"run_times":{"1.17":[6313.33633,6041.731383,6316.896208,6258.198511,6170.100391,6210.915775,6141.315586,6164.324109,6074.850753,6198.465211],"1.18":[6043.383631,6109.064395,5909.694208,5897.974489,5893.468919,5941.956931,6120.006297,5813.307093,5975.40763,5925.158775],"1.19beta1":[7776.865286,7483.69114,7425.778406,7502.268701,7490.549099,7335.566743,7610.662202,7642.761895,7419.790361,7447.824663],"1.19rc1":[7455.699642,7259.850373,7441.391626,7419.689115,7326.137812,7543.885854,7552.652099,7405.126763,7357.005046,7449.369385],"1.19rc2":[7758.107564,7764.598692,7851.088427,8036.198827,7805.557957,7854.662319,7703.822893,7859.854262,7790.601032,7717.246265],"gotip":[7643.533486,7655.740281,7514.581303,7653.303646,7697.745933,7682.918942,7655.432346,7525.108069,7680.612864,7672.415573]}},"Sort_Random":{"name":"Sort_Random","build_times":{"1.17":[154.783908,152.719378,150.371042,152.21597,153.088883,154.2725,154.085898,150.719848,157.817453,155.085313],"1.18":[172.606662,161.298595,158.653655,163.208123,158.802758,155.099802,157.286336,159.65867,159.808072,175.292002],"1.19beta1":[303.781018,304.586831,310.071611,301.447184,296.966517,290.980027,299.310652,306.039552,303.24651,299.614156],"1.19rc1":[174.42285,174.638154,176.643683,169.57288,173.00013,174.752155,175.141561,177.966403,170.439792,168.89067],"1.19rc2":[157.010179,159.310413,158.346199,157.637589,166.481922,154.003833,155.320953,158.870107,157.808391,158.399799],"gotip":[158.371108,155.573667,165.911418,174.638745,160.874244,152.532923,153.630139,154.768655,156.428789,161.539985]},"run_times":{"1.17":[5011.165027,5014.279266,5013.112247,5015.074186,5015.731811,5013.849235,5013.020275,5014.252893,5014.326194,5012.377216],"1.18":[5034.221475,5033.853311,5030.291049,5028.812185,5028.952656,5028.864595,5030.025691,5037.126404,5029.716539,5031.511853],"1.19beta1":[5022.675992,5024.338643,5027.65973,5020.892773,5023.211783,5022.37046,5023.369413,5021.977734,5020.725485,5026.853407],"1.19rc1":[5094.198322,5102.714774,5098.071772,5103.367938,5096.458413,5096.996187,5092.483023,5099.106065,5096.767575,5095.25614],"1.19rc2":[5070.015878,5071.384491,5072.105163,5069.394056,5072.875248,5074.331272,5071.115336,5072.897167,5071.91484,5070.39999],"gotip":[5027.419244,5027.749344,5029.785016,5030.546237,5028.008906,5025.284378,5028.994272,5033.616747,5024.747564,5028.172372]}},"Sort_Reversed":{"name":"Sort_Reversed","build_times":{"1.17":[148.615239,141.014024,138.301583,137.331668,137.033564,142.74715,138.079879,148.230333,140.288513,140.869522],"1.18":[146.576003,152.453591,149.317443,148.37793,145.191782,148.851436,158.867287,150.410161,151.631378,150.946068],"1.19beta1":[310.650923,300.527571,293.269364,287.726781,300.512271,290.027715,297.468526,292.850257,296.807816,297.443726],"1.19rc1":[159.481873,155.206509,155.92812,155.168309,163.611334,157.731447,156.628231,158.984665,159.004866,157.886949],"1.19rc2":[160.088576,148.110299,150.881539,150.260331,151.364147,146.047668,149.072312,148.715108,153.357076,155.163004],"gotip":[152.805168,147.350687,151.697851,151.062243,146.415081,152.16677,145.764974,146.492685,151.229456,148.605716]},"run_times":{"1.17":[3714.294747,3712.923401,3716.43002,3712.500868,3712.81856,3715.812332,3719.722811,3722.187808,3721.822449,3718.311027],"1.18":[3575.14292,3573.925781,3574.051831,3577.42035,3574.559155,3576.139579,3574.460624,3575.780843,3576.417869,3573.438168],"1.19beta1":[369.525498,370.025305,370.549713,369.885803,370.709516,369.167993,369.207893,370.839418,369.937604,369.6468],"1.19rc1":[369.478097,369.414897,369.473297,370.598514,369.442886,370.744103,370.187095,373.697947,372.191425,371.430614],"1.19rc2":[369.495684,369.657687,370.169494,369.581986,370.723003,369.992192,369.623087,369.346582,369.271082,369.569886],"gotip":[369.728915,369.908517,369.506812,370.683828,369.743614,369.211606,369.43581,370.10722,369.561012,370.72913]}},"TimeAfterFunc":{"name":"TimeAfterFunc","build_times":{"1.17":[182.42044,154.06509,156.721641,157.877363,153.161872,154.755203,152.944968,148.084673,151.545341,156.067729],"1.18":[479.477809,166.198272,162.458512,169.231021,170.844047,163.417827,163.670832,160.507181,165.758065,165.501761],"1.19beta1":[1409.941469,306.971118,311.776151,313.166771,304.641149,303.896338,303.032726,308.840709,303.263229,306.064469],"1.19rc1":[197.114135,172.843236,177.365811,188.28269,181.826484,181.172774,185.633746,177.437712,178.038322,180.447862],"1.19rc2":[574.632089,165.80192,182.059258,168.347658,167.489845,161.314955,164.752105,162.256269,168.007352,165.601917],"gotip":[165.779843,169.098191,175.814091,167.372567,190.919113,170.592514,165.56164,166.704656,166.748858,166.27025]},"run_times":{"1.17":[5710.232978,5132.817215,5428.006625,5200.471562,4673.774467,4672.299755,4778.160616,5628.059145,5333.178628,5846.504149],"1.18":[4297.347258,3928.264007,4257.16258,4307.542552,5073.1965,4487.821373,4263.731209,3881.37936,4238.711451,4141.802374],"1.19beta1":[5312.63199,5427.199277,4453.777806,5202.497661,4600.022243,5567.769254,4315.626103,4365.512273,5374.803106,5474.563246],"1.19rc1":[4736.561822,5602.67151,5272.464956,4271.582326,5059.586458,5092.077131,5279.537195,5280.584465,4248.674242,4711.135005],"1.19rc2":[4500.478,6178.897508,4285.774545,5462.786366,4711.972938,4978.24523,4495.217948,5294.331279,4494.874204,5084.142071],"gotip":[4307.557047,5124.495975,4438.691784,4858.82645,4779.302657,5056.209361,4364.942972,4660.979519,4962.504268,4751.161234]}},"alloc_1.5k":{"name":"alloc_1.5k","build_times":{"1.17":[139.764275,134.228493,140.468986,139.666474,126.258175,131.803257,133.36818,133.681885,134.364696,130.899143],