{"CGO_CALL_C_FUNC":{"name":"CGO_CALL_C_FUNC","build_times":{"1.17":[580.193905,554.630377,529.959411,552.332545,544.047295,539.963471,545.955007,544.902,520.686159,541.786482],"1.18":[615.142815,553.274288,565.899262,569.891886,565.226558,551.608178,530.662153,582.770663,551.871979,575.313019],"1.19":[710.7285,631.801756,654.967286,631.920857,660.684944,642.697233,616.562294,633.610784,621.779921,624.750337],"gotip":[642.968138,632.285283,628.308564,607.403459,640.771027,632.304084,646.031153,669.706672,639.604897,637.283707]},"run_times":{"1.17":[4243.638383,4280.774364,4340.966442,4289.717941,4487.843072,4382.924551,4364.364858,4384.647935,4442.521223,4509.918298],"1.18":[3959.89582,3962.149279,3858.111852,4109.692246,3937.744669,4041.64238,3890.828161,3995.166956,4029.548601,3941.663984],"1.19":[3913.986706,3917.652134,3920.061372,3980.423146,4001.343457,3900.503667,3914.767974,3914.277009,3956.625034,4002.04081],"gotip":[4022.855374,3951.73781,4112.283754,4019.187723,4067.158999,4073.986522,4087.215539,4118.451174,4083.108726,4122.502006]}},"Fibonacci":{"name":"Fibonacci","build_times":{"1.17":[151.912119,153.073626,146.575087,153.897831,145.901782,140.282149,152.11712,150.248609,155.141039,147.972595],"1.18":[159.847384,154.473454,169.375336,196.953989,168.918934,163.175802,156.822467,159.18698,178.394287,157.783072],"1.19":[175.456999,179.341917,187.515054,190.163967,176.951106,179.329817,169.672172,181.478927,166.77326,163.867646],"gotip":[181.281602,176.118475,174.181966,173.896165,176.439677,181.977705,170.163646,164.862219,165.077121,172.852859]},"run_times":{"1.17":[4676.164089,4739.187249,4670.975351,4752.846477,4737.447395,4675.130074,4720.664815,4755.184205,4703.52576,4686.934841],"1.18":[4731.350963,4741.213141,4686.106335,4716.581605,4744.348788,4771.72625,4722.943279,4722.104996,4728.056624,4727.072495],"1.19":[4716.752257,4723.421102,4761.575771,4786.736739,4827.495093,4767.678058,4747.135808,4722.978646,4636.868576,4569.165509],"gotip":[4543.133623,4652.00112,4592.205687,4582.600871,4728.490737,4744.665251,4609.985494,4490.261323,4565.597643,4609.519366]}},"Garbage_Collection":{"name":"Garbage_Collection","build_times":{"1.17":[163.35495,156.815215,155.343208,173.255501,154.760704,156.738715,153.125596,147.812969,164.663256,165.281359],"1.18":[159.732625,175.338306,169.406876,184.02705,159.064422,174.901306,161.576437,162.619943,162.114339,156.078509],"1.19":[168.685642,177.999389,188.34334,188.339241,170.774253,175.225574,171.018754,171.921359,169.045044,162.856213],"gotip":[187.821437,166.060028,188.423125,182.779122,188.300144,177.1966,186.992639,196.751177,189.139048,190.315752]},"run_times":{"1.17":[6481.98857,6546.437149,6652.624887,6646.510166,6647.626599,6532.848265,6612.102738,6467.073877,6461.120771,6567.10573],"1.18":[6725.556337,6697.196541,6696.192422,6689.562141,6669.064579,6635.402141,6771.160908,6724.581032,6682.339446,6654.566222],"1.19":[6593.822343,6542.70123,6566.032505,6555.217654,6720.586657,6646.53537,6663.006715,6622.20524,6604.924954,6597.924008],"gotip":[7484.659312,7540.083288,7506.314164,7519.005834,7534.97373,7693.269663,7554.81987,7506.590802,7538.797894,7537.67691]}},"Goroutine_Creation":{"name":"Goroutine_Creation","build_times":{"1.17":[171.717254,154.820669,161.317002,164.89902,160.620398,160.8741,162.443308,161.642903,176.167576,164.97052],"1.18":[162.050511,153.397968,182.109912,156.275482,165.406229,166.069431,155.065977,157.608089,155.431078,161.321008],"1.19":[163.260715,161.647806,164.36292,170.749452,163.990418,168.814942,161.729207,173.937767,180.092499,170.48025],"gotip":[164.001621,167.913041,168.626244,160.480004,161.94481,171.554759,171.231958,166.226932,171.207657,169.206848]},"run_times":{"1.17":[6344.808719,5663.501694,6129.048815,6249.453807,5871.085422,6151.306826,5795.707416,5558.951639,5564.185394,5613.762396],"1.18":[5454.81132,5461.057424,5394.082,5526.779858,5496.427241,5384.186902,5445.561115,5426.135786,5459.567921,5442.883518],"1.19":[5686.371573,5578.651193,5730.015263,5718.026213,5532.247389,5450.004882,5491.772593,5516.398818,5620.434741,5585.714968],"gotip":[5592.0064,5791.602899,5623.837161,5757.572631,5787.573281,5835.980024,5822.319357,5551.207897,5680.784441,5708.74769]}},"MergeSort":{"name":"MergeSort","build_times":{"1.17":[168.340143,156.832286,151.580459,161.925211,164.843225,159.013397,168.273142,145.64293,157.86599,153.404169],"1.18":[161.157307,169.765051,162.312713,160.950006,155.71758,168.208443,173.898471,164.816726,159.756701,156.495629],"1.19":[181.081814,205.366249,186.540844,175.775083,173.404971,176.243486,182.162119,183.60315,178.324733,181.067348],"gotip":[196.609927,200.47105,193.242008,188.349281,188.31738,191.520298,199.386443,191.095296,195.28032,187.974778]},"run_times":{"1.17":[7091.139111,6926.61667,6935.929826,6893.316432,7248.310835,7197.693506,7334.579564,7250.277329,7334.585547,7262.763912],"1.18":[7005.191368,7256.731092,7248.316227,7012.708699,6961.523985,7071.568514,6970.981023,6812.137851,6862.644422,7390.636838],"1.19":[9391.814027,9140.527576,9224.25888,9644.024462,9971.006653,9847.991891,10382.610609,9783.227442,10071.692281,10232.628725],"gotip":[10504.778948,10260.103891,10372.078107,10849.85221,10305.597669,10454.22429,10149.334887,10324.010753,11439.805281,10574.296984]}},"Sort_Random":{"name":"Sort_Random","build_times":{"1.17":[193.264164,183.144709,179.714989,185.486621,191.028452,178.414282,187.635533,180.166492,181.191398,181.532699],"1.18":[193.553771,191.028658,190.191354,183.19402,188.225644,186.032933,190.736957,191.900663,188.273645,190.449755],"1.19":[201.452789,203.994803,206.946119,188.57052,192.503141,199.531079,198.687975,197.89047,191.900538,196.740164],"gotip":[179.004611,183.088831,179.117911,177.386803,178.161307,189.265966,180.147719,179.743018,187.408356,195.096396]},"run_times":{"1.17":[5823.284626,5903.016308,5888.554574,5884.328077,5830.686042,5777.494962,5756.601852,5796.772964,5840.902917,5830.708651],"1.18":[5800.452644,5840.536175,5899.295971,5961.732004,5870.074127,5807.817654,5805.183628,5822.530166,5855.693051,5888.12055],"1.19":[6003.977213,5997.387715,5963.1325,5978.552993,6051.060437,5950.895286,5925.631417,5811.274355,5663.510106,5727.122434],"gotip":[5770.510554,5752.557441,5775.797852,5886.173469,5932.786934,5905.417247,5801.142308,5805.522466,5747.359931,5792.062158]}},"Sort_Reversed":{"name":"Sort_Reversed","build_times":{"1.17":[168.317156,182.230927,178.803809,181.678124,156.292295,159.592711,158.430206,164.905139,159.131809,161.873623],"1.18":[161.661882,170.829626,161.948983,171.234728,175.393749,167.817211,168.090513,168.973718,165.653401,169.088418],"1.19":[180.15071,175.855589,173.138575,181.761819,178.935304,174.206781,184.302331,174.938284,173.771679,177.348896],"gotip":[177.547996,182.835222,176.984994,190.086859,190.898063,186.468041,185.284135,194.828683,190.875764,183.837527]},"run_times":{"1.17":[4360.293651,4362.160709,4506.268629,4494.436447,4473.254997,4455.656191,4464.367352,4314.973027,4360.856142,4411.171917],"1.18":[4364.859711,4365.14907,4421.592264,4437.56454,4328.424262,4364.499993,4288.717792,4344.320778,4308.56013,4355.992616],"1.19":[436.877106,421.840729,421.618928,416.824303,418.646213,438.939815,419.383016,411.844279,422.643233,422.405431],"gotip":[444.166341,442.499333,455.588999,458.419614,425.234653,452.622902,440.36334,444.28696,448.015478,452.1346]}},"TimeAfterFunc":{"name":"TimeAfterFunc","build_times":{"1.17":[215.61018,186.273433,185.330728,179.646599,185.460729,185.68123,180.855605,183.218918,183.289218,183.84422],"1.18":[549.816451,196.761385,191.574159,190.010851,200.618504,190.743154,185.79623,191.244457,187.79244,198.453593],"1.19":[612.233065,210.208453,204.373323,195.460478,190.219653,194.493673,200.801506,195.92628,204.077622,194.330073],"gotip":[205.468329,206.472533,192.876866,227.167837,214.255872,193.090167,192.237062,197.318287,222.626215,219.7232]},