{"Fibonacci":{"name":"Fibonacci","build_times":{"1.17":[124.394089,122.225861,120.353737,126.533716,124.51869,132.823496,124.278487,120.399838,121.145647,123.791581],"1.18":[125.379269,129.24462,125.112266,135.954409,127.246894,126.712887,127.270594,135.518004,128.210607,127.793301],"1.19beta1":[284.827851,271.47669,285.503225,276.791455,275.144834,270.847076,276.882356,268.368244,274.948631,270.425371]},"run_times":{"1.17":[3901.222703,3901.511378,3905.961469,3902.205241,3900.794058,3901.984669,3902.778759,3903.440744,3902.387136,3907.040209],"1.18":[4010.906555,4012.791336,4011.202979,4011.295318,4011.540067,4010.479615,4014.146582,4011.426667,4011.074529,4010.709002],"1.19beta1":[4013.486902,4010.868598,4011.033526,4016.178603,4011.899556,4013.241164,4013.004648,4012.385695,4013.486365,4012.801575]}},"MergeSort":{"name":"MergeSort","build_times":{"1.17":[128.6973,130.907328,131.168332,136.564903,131.726239,133.509563,127.837688,128.7319,123.647333,128.374895],"1.18":[133.80128,135.223699,144.568624,163.493876,137.823834,144.079618,135.056997,138.058738,135.511603,140.182866],"1.19beta1":[280.856815,296.631325,279.263194,271.904498,273.594919,284.229161,293.596284,288.913422,287.390402,280.279708]},"run_times":{"1.17":[12131.676376,12268.954495,11918.351956,11900.159488,12078.220481,11840.685697,12295.212504,12143.465199,12065.062134,12068.255344],"1.18":[11555.960762,11732.216782,11660.973532,11707.572599,11527.056352,11426.442977,11363.461992,11343.861493,11275.12225,11545.882917],"1.19beta1":[14359.159308,14084.593393,14112.657968,14047.808218,13855.625659,14122.440037,14132.719897,13956.924271,14105.300025,14056.379401]}},"Sort":{"name":"Sort","build_times":{"1.17":[134.625421,142.06561,133.612894,137.132941,133.383091,135.092014,135.616221,130.504052,128.730129,137.251442],"1.18":[137.953062,145.017253,136.763647,134.968224,147.11968,144.507346,141.322205,141.411107,136.823348,137.429955],"1.19beta1":[317.205602,279.799694,283.059739,273.089903,273.653312,279.037684,275.114731,271.101076,272.197592,275.176632]},"run_times":{"1.17":[3712.361544,3721.251172,3709.851738,3714.30259,3712.154834,3712.601339,3709.086506,3709.07765,3713.440525,3713.468932],"1.18":[3573.166025,3574.816254,3572.930398,3572.481978,3572.966087,3572.776411,3575.758706,3572.277992,3574.941825,3573.685283],"1.19beta1":[369.632213,369.591012,369.40931,369.807015,370.546925,369.268124,370.431332,369.477519,370.30343,369.585121]}},"alloc_1.5k":{"name":"alloc_1.5k","build_times":{"1.17":[132.645567,133.985484,135.805208,129.797929,124.237054,137.092626,125.727674,125.060966,125.331469,131.40715],"1.18":[133.788076,133.129866,136.079205,136.890317,136.209608,152.486623,134.696988,132.234155,129.502118,135.496098],"1.19beta1":[290.264821,272.754669,267.058748,272.537224,280.239033,276.738183,274.875757,273.502638,267.25135,270.886901]},"run_times":{"1.17":[3299.173734,3241.664376,3167.371696,3156.281505,3178.745588,3152.854462,3155.001394,3170.364822,3189.675414,3274.970842],"1.18":[4346.943022,4351.9623,4346.727909,4347.051523,4351.637938,4348.410648,4349.665732,4347.620016,4348.914408,4348.310838],"1.19beta1":[4347.064999,4347.891682,4348.225657,4346.104629,4346.643393,4348.808137,4347.995888,4346.26395,4346.939052,4348.187629]}},"switch-case":{"name":"switch-case","build_times":{"1.17":[203.263397,192.475358,194.13428,190.731937,190.941739,197.414921,191.909552,196.745113,195.323595,191.626148],"1.18":[196.840188,197.183535,206.456985,200.022198,197.018758,207.384898,195.542938,199.903597,195.308035,197.127259],"1.19beta1":[333.645309,334.684823,338.503174,330.620569,325.855506,333.040502,326.132209,335.508033,327.450128,334.976327]},"run_times":{"1.17":[5199.888485,5202.384998,5198.631835,5202.525392,5200.211307,5201.904661,5206.935228,5200.638404,5206.928992,5200.315671],"1.18":[5728.002776,5723.898089,5723.437772,5723.545038,5727.179886,5722.407951,5723.580504,5727.574458,5721.854161,5721.483239],"1.19beta1":[3273.406366,3271.148444,3272.046956,3271.832701,3272.007803,3272.061707,3272.998423,3272.318153,3271.922483,3271.788782]}}}