{"CGO_CALL_C_FUNC":{"name":"CGO_CALL_C_FUNC","build_times":{"1.17":[488.097013,453.721971,448.46784,449.926721,455.174451,445.250783,447.989447,447.68335,449.26113,451.243603],"1.18":[494.380478,464.022986,453.814322,453.111732,454.18141,451.713306,447.848659,454.652466,450.450724,451.814105],"1.19":[529.789776,512.570395,503.114673,503.440768,507.266816,505.376942,505.217044,504.315056,506.429628,505.44874],"gotip":[3831.51732,3813.466383,3778.619791,3791.86551,3851.270611,3805.962742,3847.457741,3819.50978,3816.27677,3813.34964]},"run_times":{"1.17":[4053.065407,4052.013396,4055.067154,4040.184097,4072.687183,4063.763039,4047.853833,4044.464747,4054.696246,4056.275572],"1.18":[3635.337859,3636.273907,3639.935335,3633.681296,3660.283064,3639.354237,3643.182374,3648.517202,3938.52149,3641.107142],"1.19":[3637.669415,3639.440239,3635.445173,3632.6107,3641.026602,3636.167056,3649.302662,3634.544647,3646.728555,3655.137697],"gotip":[3688.663137,3668.73889,3670.614437,3668.155248,3662.521997,3684.810694,3684.312681,3660.638507,3667.77081,3664.977393]}},"Fibonacci":{"name":"Fibonacci","build_times":{"1.17":[130.237825,121.387945,155.014287,119.667568,120.831353,121.158448,119.992764,117.701196,123.402817,118.09019],"1.18":[125.17153,122.186971,124.011646,122.35007,125.649923,121.286884,123.094359,123.633151,122.493568,124.42384],"1.19":[138.649966,135.024616,138.677865,141.363928,139.07386,136.793892,158.738086,140.180861,135.38674,132.700776],"gotip":[2754.061791,2730.264619,2719.777884,2730.344066,2713.147503,2764.896052,2751.768568,2725.694734,2746.457193,2717.125573]},"run_times":{"1.17":[4862.584277,4866.877195,4863.000023,4862.000694,4863.392147,4862.403857,4862.648261,4863.185983,4862.273628,4863.202915],"1.18":[4867.752868,4865.914126,4865.329445,4865.748446,4864.784798,4864.751357,4866.282313,4865.52454,4865.435577,4866.101815],"1.19":[4862.726769,4864.327223,4862.593302,4862.234181,4862.513931,4863.535703,4862.238091,4862.573587,4862.420687,4863.585272],"gotip":[4862.961506,4862.953602,4863.220456,4862.710812,4862.749166,4862.310613,4863.044203,4862.549878,4862.626178,4862.429386]}},"Garbage_Collection":{"name":"Garbage_Collection","build_times":{"1.17":[133.289946,128.885203,123.304978,143.535311,149.246636,124.969655,134.50373,126.217039,123.624373,129.242199],"1.18":[132.939471,130.957499,133.71766,135.574835,132.147282,131.56889,133.171768,131.60739,138.865089,132.042184],"1.19":[137.902376,140.029746,137.782977,133.564536,144.87008,141.023243,139.506963,134.204937,136.891099,135.46122],"gotip":[2754.54906,2742.714264,2717.764261,2745.788269,2723.091595,2763.917572,2744.827036,2748.987759,2705.239155,2787.452511]},"run_times":{"1.17":[5288.40837,5120.070997,5238.979215,5208.762534,5286.070432,5200.930533,5115.802678,5223.947367,5249.112317,5210.918141],"1.18":[5224.162682,5175.84763,5231.52775,5140.629453,5159.444461,5205.522746,5158.897528,5224.178087,5134.419803,5153.302385],"1.19":[5219.922335,5206.184267,5173.919002,5204.747831,5185.456973,5185.194009,5199.87948,5174.504162,5199.631375,5175.832542],"gotip":[6324.040137,6353.094305,6262.351168,6272.28825,6301.022249,6283.960269,6258.346866,6299.113935,6266.963156,6309.145916]}},"Goroutine_Creation":{"name":"Goroutine_Creation","build_times":{"1.17":[133.952471,129.390732,149.289961,131.00051,134.967856,131.7785,132.974684,129.091236,130.394525,127.196972],"1.18":[141.882612,132.160449,139.832341,138.798856,136.795283,134.774612,137.680672,137.036781,135.946295,139.462847],"1.19":[142.418707,143.085797,135.455004,140.546233,135.151308,138.701459,144.429579,141.655417,145.326566,138.889656],"gotip":[2874.720763,2862.937604,2883.658411,2857.611849,2842.751783,2864.244792,2839.390811,2839.164771,2844.659891,2828.934567]},"run_times":{"1.17":[9669.045389,9639.153336,9655.578617,9653.252345,9646.04269,9697.164589,9634.931748,9637.896405,9640.641719,9610.667771],"1.18":[5563.817058,5532.516029,5558.012524,5564.147363,5587.335244,5577.027246,5552.904151,5574.579785,5577.725429,5554.383982],"1.19":[9732.672848,9673.9042,9710.880999,9665.497369,9705.818926,9662.315844,9668.589414,9725.082078,9693.918903,9722.537372],"gotip":[9827.477202,9844.575198,9766.69751,9773.266361,9752.069573,9758.15607,9726.781452,9768.979776,9743.869629,9747.959795]}},"MergeSort":{"name":"MergeSort","build_times":{"1.17":[131.447684,123.054193,127.617633,135.077736,133.151162,123.445488,122.795296,124.499374,125.837957,123.127392],"1.18":[131.669861,133.907432,130.23498,127.568815,131.76486,134.567123,129.821686,129.447591,132.769346,130.867172],"1.19":[141.703095,141.590197,145.441345,140.239815,143.016477,143.201876,148.087609,142.658781,143.389366,144.448952],"gotip":[2743.790227,2739.677323,2725.260126,2759.630997,2732.934812,2726.130504,2731.636182,2753.900155,2753.517159,2749.835569]},"run_times":{"1.17":[5923.059185,5875.812894,5929.049403,5841.291153,5987.178126,5934.025876,5844.813417,5827.068551,5810.174851,5876.557497],"1.18":[5615.439296,5510.250873,5520.575582,5558.987126,5588.883055,5588.042615,5582.442047,5551.273461,5562.095701,5556.369111],"1.19":[7099.198851,7071.227031,7094.99269,7092.404782,7029.314603,7251.495285,7075.844954,7100.396272,7055.193471,7109.404308],"gotip":[7669.64157,7726.278905,7783.911883,7697.846548,7704.91578,7723.218485,7730.767002,7751.391387,7706.192053,7674.091087]}},"Sort_Random":{"name":"Sort_Random","build_times":{"1.17":[151.697096,144.310399,147.080361,139.19487,139.215869,145.302086,137.624791,141.173037,141.337934,139.195364],"1.18":[148.109777,152.374015,151.163533,144.943622,147.602784,146.076905,146.134305,146.204404,147.943079,144.319531],"1.19":[147.655313,149.119993,147.677612,144.911449,148.6054,145.945235,146.346731,150.977167,147.705812,145.466842],"gotip":[3437.376219,3349.259281,3365.579279,3345.423439,3370.229102,3407.103095,3333.490592,3344.637704,3370.723228,3364.918299]},"run_times":{"1.17":[6077.646271,6081.717948,6078.731833,6074.053797,6074.412482,6076.625133,6081.136438,6080.94445,6077.724904,6083.569938],"1.18":[5993.688492,5992.22175,5993.535541,6002.808912,6000.406711,5993.865314,5998.830221,5995.036827,6044.143147,5999.07153],"1.19":[5927.347064,5926.086078,5928.052605,5923.863504,5926.357037,5924.051518,5928.203506,5931.169697,5923.540493,5931.043344],"gotip":[5983.774886,5979.216152,5987.672479,5983.222632,5986.502856,5982.177602,5984.934171,5985.803461,5982.76164,5980.542068]}},"Sort_Reversed":{"name":"Sort_Reversed","build_times":{"1.17":[133.663457,129.611712,126.388457,129.483215,129.184718,128.034834,125.857064,131.149992,133.680656,131.356189],"1.18":[134.846141,145.888888,138.737187,139.417578,134.106951,138.57089,133.598058,142.209739,134.580444,139.054883],"1.19":[139.901307,143.443158,139.64911,136.578353,141.195308,137.076563,137.799653,140.682415,138.791341,142.317893],"gotip":[3091.428776,3058.65144,3046.601639,3057.047212,3059.002942,3063.223684,3094.231403,3080.57622,3091.064284,3103.571132]},"run_times":{"1.17":[3654.542716,3650.956986,3656.828291,3646.66629,3656.557603,3640.740652,3644.055705,3641.786169,3645.710464,3663.567967],"1.18":[3567.183917,3560.138578,3558.112919,3559.098139,3570.074812,3565.660363,3566.701024,3560.09056,3571.712955,3561.792289],"1.19":[360.830565,361.96285,361.035063,361.94875,360.640567,360.47177,360.301472,364.560415,368.970756,360.609368],"gotip":[393.56164,398.935867,394.641925,398.989266,398.935467,398.261576,399.828955,399.046565,398.820668,398.548072]}},"TimeAfterFunc":{"name":"TimeAfterFunc","build_times":{"1.17":[339.018789,152.419782,149.161028,143.174111,145.727275,157.183716,147.000757,145.754775,143.081612,142.967414],"1.18":[341.153001,153.295488,189.965883,154.59537,147.656466,152.615398,148.289557,153.314188,148.773451,154.027578],"1.19":[416.174113,151.326582,148.602024,153.898942,154.244336,159.099463,149.825404,158.782568,154.252436,153.442649],"gotip":[3976.450086,3813.392896,3834.152866,4084.252256,3829.849168,3804.236353,3861.217258,3799.271086,3807.231222,3858.049012]},