{"Fibonacci":{"name":"Fibonacci","build_times":{"1.17":[148.013992,149.4262,145.48458,151.950513,149.468401,142.265662,143.233467,146.018982,144.688974,141.976961],"1.18":[150.892612,172.600143,155.56304,159.983967,153.99183,151.610617,157.015548,154.053131,158.162556,156.863548],"1.19beta1":[326.652297,322.487774,347.325911,334.722141,338.157461,310.730709,313.751426,332.367729,335.295944,330.480419],"gotip":[184.983368,181.61445,179.51774,180.513844,201.949857,177.590329,183.192759,181.399249,184.238064,178.713236]},"run_times":{"1.17":[4590.171214,4765.24698,4754.598566,4580.859502,4603.674641,4559.628935,4611.961123,4596.870819,4573.345134,4550.592967],"1.18":[4599.027549,4597.62234,4573.955762,4553.364737,4663.180609,4594.161619,4547.730843,4594.37925,4545.472662,4588.517228],"1.19beta1":[4680.833188,4561.003734,4633.415142,4710.711811,4618.845172,4716.824953,4835.758043,4664.211683,4654.735759,4616.185356],"gotip":[4660.428707,4612.275101,4615.719186,4585.176024,4616.47517,4688.356338,4559.575249,4569.199391,4582.876996,4679.887892]}},"MergeSort":{"name":"MergeSort","build_times":{"1.17":[163.09461,156.621371,155.952466,152.092542,154.648558,151.70384,155.242161,163.473112,150.700034,146.645508],"1.18":[156.437688,163.664235,161.062317,156.444189,152.992088,157.65364,170.192023,152.438706,152.811609,158.640547],"1.19beta1":[355.476907,350.762377,358.022922,334.493376,328.451838,330.003549,340.589214,336.798075,343.279788,340.874972],"gotip":[182.239832,182.826536,200.158444,224.721496,183.856143,192.132994,221.742978,203.496965,199.842642,211.808516]},"run_times":{"1.17":[7312.216258,7152.641161,7445.002604,7108.508026,7340.30315,7446.902155,7129.371803,7217.5916,7286.714712,7241.042855],"1.18":[6773.1929,6782.12384,6781.605878,6809.336194,6851.541357,6837.87932,6928.960486,6859.73553,6879.774732,7100.026824],"1.19beta1":[8700.614308,8653.733396,8655.5917,8909.343214,8724.349931,8692.463663,8701.367436,8662.802807,8666.580941,8524.683769],"gotip":[8761.61935,8836.236915,8988.960058,8579.490883,8611.170703,8504.459108,8599.890813,8636.110748,8631.660713,8587.203833]}},"Sort_Random":{"name":"Sort_Random","build_times":{"1.17":[167.001969,166.555367,167.479371,161.156939,164.063653,180.71334,163.688751,165.28176,179.464033,168.902179],"1.18":[198.628387,193.846159,184.237001,175.60055,165.489989,178.306065,179.464473,171.914528,169.778915,171.615126],"1.19beta1":[340.006891,346.382333,345.99563,336.550569,330.919133,338.40236,333.699066,335.364076,332.53736,353.477377],"gotip":[201.907041,205.906066,197.690415,194.012693,201.331238,188.045156,196.984211,193.141788,201.006735,200.911836]},"run_times":{"1.17":[5559.3972,5595.776596,5591.032787,5570.531012,5659.082693,5566.667151,5574.62097,5702.996445,5605.541063,5796.35014],"1.18":[5564.839173,5597.618686,5525.434311,5622.540008,5665.27673,5596.099043,5609.326784,5636.332036,5605.777868,5618.915116],"1.19beta1":[5649.3781,5710.833231,5650.974924,5673.337468,5774.213417,5728.443709,5749.18252,5727.508384,5822.52268,5818.119851],"gotip":[5710.03617,5746.571789,5793.379591,5824.353048,5826.02684,5778.75105,5700.51521,5653.703216,5618.942007,5595.110646]}},"Sort_Reversed":{"name":"Sort_Reversed","build_times":{"1.17":[150.373021,153.293938,147.947106,156.353657,145.46719,151.750229,149.970018,150.876023,151.454927,154.182144],"1.18":[165.481515,162.8781,155.839857,172.227457,160.453285,167.587429,168.815536,161.049989,172.354158,162.209395],"1.19beta1":[324.078064,364.104406,375.109474,371.203449,332.586016,314.010003,335.933536,326.808181,325.961476,314.468606],"gotip":[174.534558,182.585907,182.628507,190.370953,182.220505,171.70074,190.915455,180.688794,182.556705,188.049538]},"run_times":{"1.17":[4321.586373,4293.617405,4320.837875,4274.339493,4339.766118,4312.27493,4466.135726,4493.291806,4353.977848,4396.489852],"1.18":[4315.882516,4270.373839,4270.299279,4259.957683,4259.933955,4295.762645,4329.195165,4320.19954,4322.824223,4315.306349],"1.19beta1":[421.666556,410.682689,413.065803,426.845987,431.143213,436.560645,415.126215,424.720674,429.450503,415.964921],"gotip":[433.558524,412.286395,418.034329,425.376674,418.441032,431.773313,424.093466,416.206619,433.638925,421.40705]}},"TimeAfterFunc":{"name":"TimeAfterFunc","build_times":{"1.17":[176.518471,190.812281,175.566463,182.345615,180.252,177.348476,172.52494,181.519509,172.753841,177.78338],"1.18":[558.991191,181.46209,179.953877,176.285448,178.206864,182.212896,179.725876,173.455824,189.305855,176.364148],"1.19beta1":[2115.444834,349.192101,341.500753,343.070863,345.85688,353.866671,338.61333,351.154805,339.876137,350.923004],"gotip":[219.850483,197.978765,216.19091,212.506403,214.655815,192.941382,199.266121,202.178539,207.23677,210.40799]},"run_times":{"1.17":[6576.491612,4717.863111,5609.369788,6335.179485,7069.143365,6030.662706,5498.759353,6412.176452,6770.625944,7145.829183],"1.18":[4008.781919,4552.997846,4919.779131,4007.738964,3883.182477,4130.802613,4043.594019,4031.484078,4661.055131,3952.366914],"1.19beta1":[4518.115788,4824.754624,4197.281215,4466.610541,4078.6098,5003.041338,4471.061959,4024.265533,4396.54454,4372.248017],"gotip":[5078.217299,5165.321569,4945.699061,4319.898948,4434.000315,6225.65776,4271.971045,4727.375923,5212.97172,5512.500311]}},"alloc_1.5k":{"name":"alloc_1.5k","build_times":{"1.17":[152.887535,145.292298,141.393979,150.732724,148.885815,142.821486,144.678695,140.368474,146.028901,143.047687],"1.18":[159.869233,176.40613,165.375665,160.379036,164.108457,170.900498,167.400776,157.965522,172.446507,160.605437],"1.19beta1":[340.878872,329.282811,328.247507,325.910494,329.992216,338.795761,368.291615,338.338258,336.245448,344.27689],"gotip":[182.077479,180.286266,185.860206,183.951592,179.490961,177.986051,178.321753,188.974027,184.788699,192.591453]},"run_times":{"1.17":[3781.770363,3680.244155,3758.285985,3690.016779,3651.489107,3697.382756,3691.85359,3705.139174,3737.373418,3715.783768],"1.18":[2708.432405,2586.819295,2569.464223,2604.541859,2645.676498,2597.898365,2556.661189,2594.202964,2604.977704,2632.051683],"1.19beta1":[2708.952342,2577.889553,2543.809776,2581.359886,2536.929436,2579.476162,2570.970793,2538.940232,2565.349763,2588.304311],"gotip":[2565.164321,2531.387616,2538.802053,2510.553139,2522.195503,2526.280174,2526.831666,2506.539688,2504.463921,2514.218685]}},"regexp_Compile":{"name":"regexp_Compile","build_times":{"1.17":[206.897901,193.734327,240.811937,196.499021,190.332534,198.559418,203.072609,191.015132,181.86995,191.538631],"1.18":[248.495338,205.300571,198.421829,202.439953,197.217458,194.663248,198.109083,197.618492,194.075859,207.248111],"1.19beta1":[381.796823,365.403832,383.470632,377.732965,378.657087,465.924151,397.99124,385.825235,376.334333,377.370933],"gotip":[225.550031,232.372832,215.31243,214.44993,219.99743,224.730531,236.718933,214.66193,222.274631,215.89233]},"run_times":{"1.17":[1283.770328,1271.398952,1305.681777,1265.200636,1319.166058,1296.285215,1283.215213,1269.831241,1301.86776,1292.744903],"1.18":[1356.789144,1329.016129,1393.465196,1374.099376,1401.111688,1337.853382,1362.040673,1347.505792,1369.337613,1348.587799],"1.19beta1":[1475.754719,1398.699492,1399.565393,1385.434912,1371.813599,1367.534901,1397.910784,1397.410984,1376.939396,1391.684912],"gotip":[1361.503988,1350.763187,1385.094892,1408.483813,1373.547525,1370.605317,1372.233222,1381.710013,1360.256742,1445.509019]}},"regexp_FindAllString":{"name":"regexp_FindAllString","build_times":{"1.17":[216.374328,200.461471,206.258928,207.065936,216.010524,204.43231,199.117158,193.313401,193.572003,211.493579],"1.18":[203.238159,198.988036,211.982804,201.42965,197.565129,202.081052,196.659725,209.805792,203.628261,206.475476],"1.19beta1":[375.675392,365.231518,354.57773,361.597396,363.77661,358.560676,361.115493,362.912304,358.638277,369.521947],"gotip":[236.97267,226.281604,220.449468,218.086254,261.819524,233.68125,216.668245,215.839139,209.663701,243.849813]},