{"CGO_CALL_C_FUNC":{"name":"CGO_CALL_C_FUNC","build_times":{"1.18":[580.56362,570.146233,581.14743,590.282795,565.050742,615.689416,595.039053,555.196261,575.600316,568.926099],"1.19":[628.002724,616.878069,591.424682,583.029399,604.586814,605.560955,619.230271,602.474706,611.051642,625.777876],"1.20":[502.215631,548.699993,566.449459,550.914507,556.290956,538.909171,564.264981,530.465158,503.408276,506.511875],"gotip":[570.308559,567.475327,539.400597,563.451034,563.30923,584.240988,567.020605,578.976584,595.965144,577.729967]},"run_times":{"1.18":[4215.750112,4222.254728,4199.947635,4242.281154,4207.18686,4214.274192,4219.231643,4261.8719,4179.319363,4170.416634],"1.19":[4316.647653,4282.239012,4501.283218,4476.342594,4273.717563,4246.845223,4237.487131,4257.311191,4322.66538,4274.097788],"1.20":[4287.712383,4235.255734,4214.55389,4244.269095,4263.91991,4254.900904,4211.039847,4231.336215,4280.291392,4227.212898],"gotip":[4242.380755,4242.666589,4312.881841,4240.568035,4254.482325,4239.855141,4234.204016,4262.264241,4217.325574,4216.862815]}},"Fibonacci":{"name":"Fibonacci","build_times":{"1.18":[184.018303,141.570056,130.630737,137.333704,132.50836,136.363975,140.261291,146.515479,144.184709,155.141136],"1.19":[139.09572,127.009607,125.352303,145.376227,131.510895,141.326401,141.788515,130.159705,127.516044,134.623107],"1.20":[156.752998,138.524833,153.071123,134.022448,151.545599,146.01114,140.78654,146.859798,164.451898,144.342291],"gotip":[142.417501,156.410691,140.904569,155.245997,137.379465,133.784679,148.760556,151.769046,155.147602,135.587498]},"run_times":{"1.18":[4777.838484,4749.642831,4775.100009,4789.778983,4857.568036,4819.298127,4824.487981,4815.485191,4811.754322,4811.898565],"1.19":[4669.692947,4728.576518,4673.96322,4645.719163,4665.97142,4663.483256,4766.916009,4660.460875,4673.209659,4670.564085],"1.20":[4916.633115,4768.268012,4705.674372,4696.275405,4763.779166,4691.067142,4687.495066,4719.003249,4691.704784,4691.956633],"gotip":[5140.934865,5091.892708,5095.194369,5103.468314,5115.725182,5299.661764,5117.199674,5114.435221,5104.765539,5174.943146]}},"Garbage_Collection":{"name":"Garbage_Collection","build_times":{"1.18":[191.153641,154.109134,161.055235,163.431841,161.774398,151.529611,166.344405,162.455876,185.92236,166.536917],"1.19":[133.832904,155.39499,128.563387,144.158329,135.992652,135.671667,142.46001,131.878319,148.632813,129.339553],"1.20":[149.64019,145.701822,147.69135,151.689158,151.8468,165.01579,150.500367,141.340308,137.575162,150.113601],"gotip":[144.767775,139.401573,137.2861,150.251447,138.370118,147.905961,141.312382,138.277462,136.710757,138.249363]},"run_times":{"1.18":[7070.532485,6969.159499,6966.919627,6917.251492,6993.246304,6953.489947,6986.883456,6919.685539,7029.178529,6968.150856],"1.19":[6805.726103,6780.880493,6843.492416,6758.794949,6748.134489,6792.867265,6773.970824,6735.020948,6728.231103,6740.130571],"1.20":[7640.85146,7540.543277,7570.997817,7493.507621,7499.207496,7618.517265,7524.570294,7432.210342,7432.746833,7530.055607],"gotip":[7932.992567,7931.196865,7842.616818,7683.780144,7830.743329,7809.372599,8062.556378,7873.460731,7970.804286,7954.532547]}},"Goroutine_Creation":{"name":"Goroutine_Creation","build_times":{"1.18":[151.059656,177.094577,153.23072,151.274266,151.937384,150.974058,146.422733,148.216382,148.914201,152.029882],"1.19":[125.282976,124.816922,132.404599,128.594812,131.278571,122.927988,137.313103,134.593043,146.653207,139.585352],"1.20":[161.405679,154.063742,148.170261,172.739279,153.776568,136.442684,142.714258,156.23844,139.47191,138.657882],"gotip":[148.056041,157.130862,140.522975,167.081032,146.275013,157.562981,134.91307,143.601437,143.276237,133.226745]},"run_times":{"1.18":[6068.018252,6077.312129,6112.766831,6290.683989,6254.220894,6207.324406,6291.049929,6341.501841,6161.237487,6184.690187],"1.19":[10335.837692,10162.314375,10303.802139,10450.725432,10445.967809,10215.176079,10364.732822,10206.831652,10243.715235,10340.732658],"1.20":[10716.785045,10679.283049,10607.351453,10634.699886,10597.247645,10601.168138,10577.586567,10721.998312,10676.123739,10686.358283],"gotip":[6689.797315,6456.358442,6506.673788,6534.701596,6503.957791,6687.769602,6619.692626,6743.921816,6674.690382,6717.661115]}},"MergeSort":{"name":"MergeSort","build_times":{"1.18":[195.824436,153.352664,162.166283,147.007479,152.415152,156.79211,148.899316,161.987676,151.144444,139.128797],"1.19":[141.399126,156.437376,138.295335,135.710557,140.477099,149.237261,129.737678,150.057886,149.035697,128.10088],"1.20":[169.73159,138.257736,154.669377,146.117587,153.118556,143.362192,145.512005,159.721349,146.272795,131.855539],"gotip":[134.328703,155.668097,138.007184,158.705525,176.963504,146.532422,150.386032,155.782872,150.472173,200.690708]},"run_times":{"1.18":[7104.339491,7210.455368,7206.496636,7490.320223,7538.763677,7463.726469,7460.116679,7458.740198,7296.746019,7160.437035],"1.19":[9503.148115,9599.515032,9604.581017,9900.505744,9706.883296,10143.713352,10537.525725,10579.983422,9918.706037,9484.122064],"1.20":[10364.417585,10333.59953,10302.210945,10319.630726,10492.885761,10617.88746,10491.481504,10388.38168,10240.427078,10314.951988],"gotip":[11446.721795,11131.193851,10842.597141,11203.465978,10830.856165,10977.369469,10990.86072,11273.71833,10977.387733,10710.329551]}},"Sort_Random":{"name":"Sort_Random","build_times":{"1.18":[245.057766,181.089166,168.415188,173.416597,183.469117,161.661239,166.873954,162.892966,169.608114,181.199268],"1.19":[154.945301,137.73279,141.734886,136.85257,166.451176,142.700709,148.696252,138.101299,147.834431,141.760387],"1.20":[159.376038,151.257051,148.119454,172.902692,157.665944,151.768866,155.190066,162.495562,167.227875,150.957466],"gotip":[151.791826,152.27504,163.304288,159.594145,165.332504,153.861853,162.09524,155.300284,154.416614,157.900081]},"run_times":{"1.18":[6032.682339,6036.5102,6130.043708,6095.731929,6059.550455,6031.104775,6077.336817,6032.555741,6032.171167,6050.581989],"1.19":[6113.626594,6105.80603,6147.662286,6124.552981,6108.627081,6105.364596,6104.624324,6171.459456,6109.476708,6164.681397],"1.20":[6180.915845,6121.151509,6097.893552,6178.671772,6099.966642,6100.628811,6155.254512,6098.757566,6180.275765,6403.089943],"gotip":[6158.804657,6158.649317,6158.406885,6183.878934,6292.172905,6186.297718,6258.734896,6160.218477,6218.109506,6154.482865]}},"Sort_Reversed":{"name":"Sort_Reversed","build_times":{"1.18":[195.974035,143.289246,151.473969,166.551495,158.86578,151.721072,154.639516,164.667566,163.968656,170.539495],"1.19":[178.147438,131.500799,148.919337,153.766104,130.11548,158.215765,152.122081,128.63166,128.604352,135.589147],"1.20":[144.515082,148.284443,140.435607,146.586489,136.213136,174.453545,156.911596,149.667378,144.320344,152.125414],"gotip":[152.959668,158.579736,151.929614,157.300241,141.480152,141.412286,155.148563,155.017556,135.357765,154.373804]},"run_times":{"1.18":[4292.202818,4299.359874,4291.521684,4288.136282,4290.204818,4288.391074,4340.00184,4293.540871,4288.34388,4360.385982],"1.19":[482.959681,473.514252,443.572244,493.820828,462.016896,448.370309,494.854943,446.877789,504.381372,491.126392],"1.20":[443.146084,445.460321,460.329047,469.266965,448.826767,443.300099,458.843021,466.582171,463.518984,455.322615],"gotip":[449.241288,461.890164,462.021868,448.593964,468.531313,448.74067,448.871575,464.785873,476.94673,456.930978]}},"TimeAfterFunc":{"name":"TimeAfterFunc","build_times":{"1.18":[163.719397,184.301664,154.287607,165.582127,166.689497,160.010577,181.787448,167.253133,180.324356,170.963467],"1.19":[133.552902,137.39931,143.547341,139.419141,144.474267,148.219409,154.533048,142.329586,143.701538,137.874617],"1.20":[186.351185,152.404075,151.395091,151.996241,153.740335,152.289561,147.445284,152.993338,149.449532,184.813314],"gotip":[158.433324,153.162937,152.235602,151.310841,152.682748,144.680211,174.900314,190.405398,187.690827,170.611583]},