{"CGO_CALL_C_FUNC":{"name":"CGO_CALL_C_FUNC","build_times":{"1.17":[812.056014,573.089766,580.543013,572.925458,569.494517,558.722081,572.348086,578.336539,566.964767,565.98351],"1.18":[633.272478,579.938785,580.775208,584.1441,575.611113,559.351186,597.179343,604.358652,567.119729,566.188876],"1.19":[706.66264,660.466549,629.241697,669.793673,749.920066,683.636677,641.832713,712.837699,685.782118,702.883254],"gotip":[708.15374,657.955866,672.237556,647.071264,655.152411,649.960324,646.759348,651.910701,656.055291,637.958695]},"run_times":{"1.17":[4282.873002,4341.54639,4300.738799,4297.630296,4239.026826,4457.336596,4301.823907,4458.167528,4248.464112,4329.648292],"1.18":[4004.189187,4001.200968,3872.639386,4000.265864,3939.77412,3918.110834,3963.270838,3945.007291,3859.408143,3921.9177],"1.19":[4133.818655,4011.174875,4078.403022,4034.636907,4011.023865,4064.303186,4006.05551,3912.658094,3991.484216,3950.442974],"gotip":[3949.624478,3912.456361,4008.843465,3903.692101,4073.714908,3906.536104,4045.108923,4003.134041,3937.346859,4015.517625]}},"Fibonacci":{"name":"Fibonacci","build_times":{"1.17":[162.150479,164.094484,150.108027,224.173537,164.030481,172.122019,152.091035,143.648877,156.125152,156.228958],"1.18":[161.507241,169.407359,178.648048,154.009345,160.778703,168.66842,164.097754,156.810787,175.300741,158.539776],"1.19":[182.311755,173.047496,176.065045,186.734575,165.217106,167.984543,168.233757,189.212298,177.713427,167.988144],"gotip":[181.661731,173.523604,175.107487,170.454343,167.208872,172.546052,174.001129,180.672079,179.613023,179.413413]},"run_times":{"1.17":[4406.721586,4361.457069,4398.564248,4428.647473,4385.748335,4298.420014,4416.115703,4405.912648,4343.415712,4301.548957],"1.18":[4576.240204,4549.144289,4582.093375,4600.380169,4513.689512,4573.062654,4584.836756,4459.725225,4392.095491,4435.351104],"1.19":[4373.124928,4409.839293,4365.916855,4464.321725,4338.211913,4239.609476,4365.429919,4317.393549,4375.522732,4370.134769],"gotip":[4413.886536,4445.220046,4464.787189,4408.865718,4462.677803,4582.315567,4559.810815,4524.872852,4387.207424,4473.508712]}},"Garbage_Collection":{"name":"Garbage_Collection","build_times":{"1.17":[170.877905,163.977058,167.260323,156.27697,156.586185,161.395727,164.22307,156.127962,170.273575,168.902805],"1.18":[160.162031,171.176969,166.928862,162.781359,168.306529,169.733098,171.357678,169.503488,168.54114,169.254476],"1.19":[170.032732,168.11194,177.542092,166.245451,172.459248,181.093961,163.343027,165.856275,174.022572,169.539754],"gotip":[175.626473,183.911772,174.582822,187.850262,174.772631,170.268314,174.110599,177.196549,169.074056,173.464268]},"run_times":{"1.17":[6399.420655,6428.870042,6600.074127,6592.852526,6659.006313,6471.81833,6370.580258,6501.166787,6365.621298,6509.28502],"1.18":[6658.639041,6474.426648,6441.45123,6450.250397,6546.388928,6607.597004,6529.195126,6572.379497,6482.890815,6642.330079],"1.19":[6405.843875,6537.51678,6311.8768,6282.493057,6383.131067,6317.093872,6396.921884,6556.754291,6345.137061,6315.344944],"gotip":[7382.440403,7605.549231,7612.562759,7618.449824,7629.886954,7630.328262,7526.631378,7418.112903,7461.846441,7506.715433]}},"Goroutine_Creation":{"name":"Goroutine_Creation","build_times":{"1.17":[165.337799,161.610822,159.227408,175.959807,178.057708,165.168292,166.412151,169.827214,158.733484,178.398624],"1.18":[174.502484,177.073705,185.17019,179.855037,188.816363,182.249551,181.882834,175.873048,172.850305,175.42984],"1.19":[170.434253,180.037907,179.937102,167.943735,183.134153,177.799701,178.512535,177.880905,177.913707,179.911501],"gotip":[181.154798,185.627107,186.233936,196.004794,194.41162,182.666168,177.236014,171.586549,171.742156,177.198912]},"run_times":{"1.17":[10455.393356,10366.00396,10283.560816,10244.081798,10568.166598,10121.550828,10314.270332,10288.338203,10334.9642,10299.796082],"1.18":[5960.303566,6080.554626,6046.566432,6135.155043,6008.071391,6110.912951,6078.556754,5953.249955,5967.019084,5969.991095],"1.19":[10260.196711,10185.789139,10271.917779,10249.027071,10082.951551,10157.297307,10395.208799,10380.535082,10410.203501,10098.148533],"gotip":[6217.778919,6050.992437,6174.856021,6168.886939,6139.890324,6347.77033,6187.786049,6222.084358,6142.092372,6243.306559]}},"MergeSort":{"name":"MergeSort","build_times":{"1.17":[158.542608,165.054569,169.658825,171.387221,172.821301,160.184399,153.772343,167.3983,163.714695,159.774276],"1.18":[154.747911,159.705396,159.793002,163.909139,165.83405,165.077306,169.212544,172.174415,166.114366,165.535632],"1.19":[181.397404,182.238251,183.546725,179.100774,191.764787,180.314343,176.80976,182.155547,175.337615,174.237945],"gotip":[180.56392,194.076762,187.069478,186.784461,184.738796,182.239408,173.077675,181.521866,179.268809,173.530183]},"run_times":{"1.17":[7001.45702,7140.194433,7130.001501,6795.357373,6829.618407,6932.65644,7019.541862,6821.310154,6767.462412,6923.531761],"1.18":[6583.733068,6564.485276,6607.013927,6727.474712,6688.265584,6773.492161,6528.734981,6616.339754,6520.784638,6579.93983],"1.19":[8556.734902,8586.291734,8592.313882,8599.875887,8514.507482,8470.885977,8852.503007,8671.341822,8641.241938,8416.45388],"gotip":[10074.164701,10032.669638,10202.872452,10126.159223,10197.092071,10110.458394,9974.277165,10140.454206,10140.248019,10221.462431]}},"Sort_Random":{"name":"Sort_Random","build_times":{"1.17":[186.701481,175.716136,177.071302,177.140706,181.502623,180.780257,183.880351,193.272723,181.781745,185.843849],"1.18":[187.376903,192.114408,181.417745,191.136766,199.056808,186.753376,188.955871,183.741746,184.483978,175.548291],"1.19":[194.27016,189.743953,187.503748,183.227752,180.149809,180.784539,182.902137,177.370581,178.462332,179.456477],"gotip":[191.633417,197.805804,198.427034,186.981901,184.552788,192.486857,198.821222,194.064684,189.701171,190.072488]},"run_times":{"1.17":[5713.97416,5740.058721,5621.563404,5600.333814,5788.431402,5799.453287,5729.671802,5615.521644,5604.637702,5598.515194],"1.18":[5646.672155,5854.436638,5800.743145,5682.515157,5657.497301,5690.534561,5789.10964,5684.849529,5570.300046,5504.970504],"1.19":[5660.215665,5823.117427,5599.763825,5802.521141,5749.986361,5633.67331,5690.135073,5557.048285,5575.295046,5598.037303],"gotip":[5507.902068,5737.989053,5603.328946,5564.045847,5545.552481,5550.150633,5592.014015,5691.348257,5565.604675,5624.77933]}},"Sort_Reversed":{"name":"Sort_Reversed","build_times":{"1.17":[165.632823,170.858273,176.850159,186.205907,176.261831,168.642266,166.492664,170.752668,174.529548,161.40032],"1.18":[174.108581,171.714267,187.363811,186.597874,189.072392,192.551058,196.441743,198.850058,181.946954,175.548149],"1.19":[185.077746,171.984227,168.505463,169.982832,173.229187,179.23917,186.692322,180.848546,176.675549,177.664696],"gotip":[190.901837,180.197236,183.427787,177.144493,186.356524,186.46613,178.196942,181.585901,180.359644,191.255954]},"run_times":{"1.17":[4173.259119,4104.336541,4193.885027,4115.118682,4254.820349,4126.855986,4146.058571,4090.706232,4121.136047,4135.125136],"1.18":[4153.493346,3999.378056,3926.061111,4001.903226,3927.966893,3897.412495,4021.511915,4102.477001,3964.407145,3996.098637],"1.19":[413.973862,401.727555,415.595356,425.262209,418.466291,402.099924,420.091766,416.467596,430.245242,415.236239],"gotip":[443.438659,422.911898,399.695312,393.288511,433.19378,406.854647,421.664849,425.463241,403.2594,403.721322]}},"TimeAfterFunc":{"name":"TimeAfterFunc","build_times":{"1.17":[252.892975,182.087795,186.266493,189.179133,176.791341,169.604998,183.367655,176.568431,165.488901,173.280574],"1.18":[652.481495,193.746422,191.286504,185.080841,183.803342,185.703631,183.039006,205.494562,185.874639,190.449355],"1.19":[468.854151,188.186771,186.504291,196.278457,205.843913,199.844627,199.523912,188.178971,195.079499,188.680194],"gotip":[199.802591,201.884086,189.276212,185.780153,193.574307,192.51826,190.448865,190.54717,182.372398,195.643201]},