{"CGO_CALL_C_FUNC":{"name":"CGO_CALL_C_FUNC","build_times":{"1.17":[624.28502,561.606085,567.589845,557.238741,568.595257,565.747029,554.87222,552.04449,554.319714,552.453994],"1.18":[608.874352,579.89384,577.540615,576.913208,565.01348,574.609883,567.309005,568.67912,567.124103,570.210736],"1.19":[662.049385,693.331572,639.28853,618.755522,640.103338,632.945665,641.943356,638.232719,641.413951,648.292119],"1.20rc1":[4868.013988,4793.01917,4732.559202,4774.822959,4661.989873,4771.811721,4815.563434,4710.003347,4709.297938,4780.940206],"gotip":[4844.216464,4823.268487,4699.164375,4831.912952,4749.5034,4693.209458,4726.330163,4769.120786,4803.282059,4856.749316]},"run_times":{"1.17":[4502.594297,4558.201982,4549.552036,4534.823702,4524.423663,4533.26749,4583.695374,4556.789255,4526.004709,4512.687228],"1.18":[4146.640719,4177.626249,4171.458496,4115.115451,4141.433207,4283.131158,4125.220679,4099.240325,4112.923597,4106.970423],"1.19":[4158.223413,4142.312349,4124.336431,4154.793509,4166.475447,4195.115292,4162.650124,4145.17242,4146.84801,4159.022228],"1.20rc1":[4152.774311,4175.964171,4181.326441,4183.873367,4192.997408,4170.919255,4141.919746,4162.370982,4226.86681,4255.121448],"gotip":[4203.68913,4178.839442,4151.276472,4161.401322,4158.314606,4147.243878,4130.056802,4147.641982,4129.749441,4176.787909]}},"Fibonacci":{"name":"Fibonacci","build_times":{"1.17":[165.07076,167.576686,162.807137,153.03474,151.827127,154.862757,157.588085,155.120361,147.522683,147.362282],"1.18":[160.042105,150.658312,163.819243,158.255088,163.201737,174.422449,159.142997,158.219687,160.589311,169.733403],"1.19":[166.720172,185.128858,166.679372,169.049296,220.921317,191.589622,175.205358,168.594292,166.374669,174.810054],"1.20rc1":[3372.042515,3339.351187,3395.08741,3325.986323,3340.170573,3300.990287,3352.981018,3293.434687,3319.395448,3374.559011],"gotip":[3391.057895,3363.400117,3323.226039,3329.610677,3401.725027,3344.958908,3353.05599,3427.091924,3376.845422,3331.278413]},"run_times":{"1.17":[4615.263235,4576.377271,4552.516705,4532.704749,4572.866063,4546.743624,4523.561051,4586.393315,4541.168791,4617.724875],"1.18":[4760.633855,4727.589318,4713.138492,4709.788429,4712.848521,4642.992284,4654.418949,4674.477765,4727.639408,4680.91371],"1.19":[4519.201941,4528.77418,4544.565725,4554.047681,4540.15864,4546.565204,4581.615247,4624.950678,4579.811667,4534.576871],"1.20rc1":[4623.04856,4628.459279,4670.221529,4605.349442,4578.468434,4587.31535,4598.866397,4575.17191,4576.760156,4604.041193],"gotip":[4581.700336,4614.940768,4643.778201,4570.288331,4607.961517,4550.088196,4590.234887,4558.938858,4591.486212,4604.753797]}},"Garbage_Collection":{"name":"Garbage_Collection","build_times":{"1.17":[160.437415,150.714113,160.247409,156.733874,164.29795,159.446201,158.210889,154.576152,162.262429,156.682573],"1.18":[165.318262,160.725415,164.325751,166.20597,173.738445,177.667886,165.735265,171.761626,159.322801,161.371821],"1.19":[168.347897,201.448231,252.591446,198.711704,165.477768,173.480949,165.729471,169.58861,165.483668,174.105355],"1.20rc1":[3352.830065,3366.681463,3366.865565,3312.008991,3389.938793,3344.050625,3354.770225,3360.472163,3360.039673,3300.015081],"gotip":[3367.002842,3338.92346,3399.49281,3359.861918,3333.925653,3274.222839,3333.550232,3368.932436,3270.096474,3343.089987]},"run_times":{"1.17":[6772.547506,6655.039624,6684.550568,6546.082216,6618.836462,6783.745613,6750.811181,6798.368335,6724.46856,6788.566213],"1.18":[6716.063209,6816.441652,6694.914128,6723.278191,6790.180263,6733.776702,6760.474381,6722.286697,6785.572828,6799.727012],"1.19":[6622.850119,6620.35289,6596.836436,6566.395765,6534.099589,6610.485668,6554.506157,6588.903837,6586.003238,6575.113245],"1.20rc1":[7374.540204,7388.945783,7369.289907,7352.953967,7356.552956,7353.358397,7286.997163,7273.497872,7289.483983,7314.758509],"gotip":[7368.568402,7396.811516,7357.85963,7426.842163,7309.490459,7318.131084,7275.967452,7327.275707,7315.661695,7316.695993]}},"Goroutine_Creation":{"name":"Goroutine_Creation","build_times":{"1.17":[162.894564,174.700185,163.220868,177.014208,163.921575,158.878123,159.578131,166.111597,164.185278,165.220889],"1.18":[177.091894,218.821917,193.098156,174.354367,177.069594,173.467857,171.034033,175.537379,168.254704,167.132793],"1.19":[178.40929,191.895424,169.901305,170.447009,170.891014,171.251718,170.863513,171.011916,184.149347,176.090266],"1.20rc1":[3453.121463,3431.620945,3519.386512,3413.942594,3444.067343,3496.940817,3532.372741,3531.585924,3505.118959,3395.194221],"gotip":[3554.99011,3465.213569,3565.010482,3529.968226,3564.465442,3497.87461,3461.028199,3428.159719,3498.319025,3515.551416]},"run_times":{"1.17":[10539.020351,10516.585007,10517.099109,10527.067832,10576.71438,10659.011759,10609.003292,10569.800291,10502.406885,10505.951148],"1.18":[6211.907826,6304.14612,6384.771673,6285.639918,6273.654058,6284.76854,6224.500021,6203.612092,6230.345435,6250.594796],"1.19":[10486.344631,10480.144059,10411.758119,10464.459348,10432.626602,10486.773957,10547.278848,10560.955575,10485.082161,10402.460928],"1.20rc1":[10560.662942,10614.397374,10675.896569,10713.142238,10630.307829,10576.804557,10559.299985,10633.763901,10581.937547,10492.812585],"gotip":[10593.286241,10501.334241,10665.065069,10605.90607,10604.462262,10549.8922,10634.559383,10587.433363,10681.088775,10642.60362]}},"MergeSort":{"name":"MergeSort","build_times":{"1.17":[151.598227,166.016972,155.196263,163.812749,168.312395,160.291015,159.651708,159.219803,166.001772,159.019601],"1.18":[163.279738,164.845853,155.926964,166.419369,164.845753,170.866614,161.267117,159.698102,158.491089,168.107085],"1.19":[181.6641,177.370757,182.418707,170.228587,179.316376,182.180005,168.792972,175.449638,175.528439,181.596299],"1.20rc1":[3479.71723,3385.371274,3347.377291,3345.556289,3340.932869,3298.210041,3309.272226,3290.826942,3394.34916,3358.62559],"gotip":[3332.438355,3372.604683,3354.80237,3360.478078,3354.419943,3377.485774,3399.906999,3349.94382,3433.702078,3402.956608]},"run_times":{"1.17":[7855.464138,7967.341965,7736.828265,7807.974173,7972.317913,7867.646849,8019.308406,7950.671998,7751.295927,7762.420517],"1.18":[6946.902526,7067.869952,6827.559586,7032.413733,6882.607732,6824.236077,6956.769496,6876.665657,6952.042591,6958.463541],"1.19":[8785.132557,8886.623156,8883.039867,8960.634235,8811.79443,8803.279126,8960.972299,8877.858062,9027.950023,8834.152606],"1.20rc1":[10168.685029,10279.459841,10225.307178,10162.693529,10282.412637,10231.599996,10264.165674,10252.965801,10289.701901,10235.092427],"gotip":[10459.153565,10642.434735,10346.992443,10416.240528,10436.0122,10435.525837,10387.840732,10557.934501,10423.051004,10349.695026]}},"Sort_Random":{"name":"Sort_Random","build_times":{"1.17":[187.139637,253.695189,245.388908,187.025835,180.562589,180.108635,189.602433,188.265518,175.188285,173.969573],"1.18":[185.782413,188.192736,178.24974,187.394428,188.55534,179.241349,184.047296,174.905907,176.345621,183.686492],"1.19":[195.511014,185.502916,187.041631,183.656798,187.028631,181.989081,185.205713,173.973004,179.082653,177.936642],"1.20rc1":[3902.920145,3893.250849,3929.933052,3825.084261,3885.420974,3891.4842,3828.459022,3834.031398,3811.758872,3893.558692],"gotip":[3836.319425,3869.05066,3861.156132,3885.342774,3854.101299,3829.917636,3823.6489,3896.766181,3873.913866,3808.064249]},"run_times":{"1.17":[5862.717943,5981.794276,5896.395879,5890.735901,5832.451555,5862.337525,5884.514329,5893.995507,5911.951473,5910.819072],"1.18":[5817.697536,5860.903097,5910.971246,5899.524327,5844.59707,5814.014926,5944.66514,5873.828185,5932.582365,5902.269432],"1.19":[5916.524129,5928.111922,5954.992714,5999.372746,5951.104618,5926.145713,5955.89845,5949.322692,5957.146552,5974.543807],"1.20rc1":[5975.794105,5982.947061,6049.411338,6008.356973,5976.612016,5926.591951,5960.328016,5905.94518,5903.183473,5976.281896],