{"Fibonacci":{"name":"Fibonacci","build_times":{"1.17":[131.413414,131.031909,126.791764,127.619173,129.509693,127.727174,123.402727,128.690784,130.792307,139.847904],"1.18":[131.211142,127.157998,143.76368,132.265553,133.773471,134.056073,141.174052,131.228942,129.605525,130.554435],"1.19beta1":[269.819506,285.276779,281.400035,270.574215,275.661872,270.005353,271.508858,265.220889,280.235752,277.385022]},"run_times":{"1.17":[3900.983578,3902.149969,3901.956443,3909.33118,3901.104825,3902.938523,3905.730123,3900.903159,3902.501041,3900.63697],"1.18":[4012.944583,4011.619855,4010.653558,4012.191245,4014.15888,4015.41842,4011.373,4012.90916,4015.608852,4011.097194],"1.19beta1":[4013.043013,4012.595575,4014.78374,4012.013513,4011.961531,4011.558581,4011.120211,4013.599518,4013.862627,4022.407026]}},"MergeSort":{"name":"MergeSort","build_times":{"1.17":[134.369651,154.563969,134.077648,136.603576,129.655,134.649954,130.726112,137.06348,134.761255,140.812121],"1.18":[138.313308,135.773581,145.526287,158.68473,140.784535,134.86797,137.736502,135.039373,135.599778,137.198096],"1.19beta1":[278.238713,281.922353,287.435813,282.113156,273.206158,281.799452,278.142113,285.458095,279.654233,282.472764]},"run_times":{"1.17":[6317.085946,6212.169912,6084.614711,6022.180338,6331.585087,6089.89522,6127.775141,6147.881768,6130.498391,6142.172545],"1.18":[6025.986708,6040.019691,6023.814956,6045.968944,6092.128143,6072.495359,6035.506049,6039.573785,6017.467238,6014.454637],"1.19beta1":[7427.487947,7361.955488,7271.569107,7343.4276,7290.92375,7322.875308,7415.984694,7384.510705,7373.734462,7337.038162]}},"Sort_Random":{"name":"Sort_Random","build_times":{"1.17":[150.332528,147.321895,150.188726,147.189694,148.590709,155.587181,154.884671,150.501524,148.051098,147.457991],"1.18":[151.726506,152.009909,173.935626,174.021027,156.471653,158.753176,152.417213,149.951789,150.998198,157.187661],"1.19beta1":[292.413684,295.486921,296.224128,293.549598,290.687668,290.457294,299.5287,288.385969,287.822263,293.441429]},"run_times":{"1.17":[5011.685174,5016.382211,5012.526842,5012.374696,5012.012661,5012.200023,5012.637408,5011.492327,5011.92983,5011.524552],"1.18":[5028.505125,5034.826955,5030.006375,5028.936209,5031.847378,5028.244643,5030.056595,5026.261194,5034.536368,5026.978886],"1.19beta1":[5027.624442,5023.229541,5020.078367,5023.951117,5021.940614,5022.134056,5021.216794,5022.114755,5021.593606,5021.685133]}},"Sort_Reversed":{"name":"Sort_Reversed","build_times":{"1.17":[136.240514,133.654086,138.665442,136.168814,131.786765,138.51014,136.850622,136.381716,132.507473,133.10088],"1.18":[143.955488,145.587805,149.925253,141.755463,153.977698,141.850965,145.226001,144.597494,138.985333,141.618162],"1.19beta1":[285.420797,294.634298,285.101895,280.067142,289.922849,284.964695,277.975219,284.571191,277.263812,291.332264]},"run_times":{"1.17":[3712.418513,3710.547631,3711.017114,3718.901183,3709.528795,3711.162982,3712.056066,3714.561269,3711.770029,3713.753266],"1.18":[3574.756918,3574.231914,3576.468301,3575.264059,3575.983306,3577.143258,3576.179813,3573.979381,3574.758394,3574.895597],"1.19beta1":[369.773616,370.251621,369.565914,370.312422,369.22191,370.465724,369.489713,370.382923,369.949818,370.248621]}},"alloc_1.5k":{"name":"alloc_1.5k","build_times":{"1.17":[119.768318,128.815903,124.538763,126.987786,124.408861,135.717467,124.054859,127.006885,127.327889,130.892922],"1.18":[146.085111,147.937728,144.298593,139.745749,133.762991,136.005613,130.946764,133.766091,133.64429,134.817301],"1.19beta1":[284.177335,319.157884,288.575379,277.829472,272.929549,276.221058,279.200189,276.663062,273.45123,283.080029]},"run_times":{"1.17":[3320.076598,3163.748871,3212.734144,3190.456638,3185.883083,3220.250797,3201.424692,3210.329111,3180.523669,3195.629984],"1.18":[4349.642674,4347.041912,4348.637664,4349.976738,4346.08479,4348.486062,4347.123489,4348.629172,4346.384927,4349.266891],"1.19beta1":[4347.691886,4350.432007,4348.275561,4352.046316,4347.962482,4349.902115,4349.049073,4348.688961,4349.178511,4349.686986]}},"regexp_Compile":{"name":"regexp_Compile","build_times":{"1.17":[162.593052,160.034225,171.302347,164.285371,172.645361,181.461356,162.927856,162.37235,167.208803,165.368682],"1.18":[174.192986,172.809871,170.933251,164.953287,168.812428,169.027331,166.084998,173.036974,164.123477,170.505846],"1.19beta1":[305.673704,317.977138,308.292432,310.589957,317.39603,310.185753,309.88825,312.404177,309.85725,316.43202]},"run_times":{"1.17":[1091.754068,1098.777244,1095.508809,1099.387368,1091.829525,1090.590011,1089.356498,1094.600755,1097.482186,1102.245038],"1.18":[1139.488437,1154.110296,1146.382712,1141.559059,1169.30456,1149.345344,1172.26548,1150.114932,1152.806061,1145.961587],"1.19beta1":[1195.042122,1147.68702,1149.575041,1168.97565,1148.675831,1163.750493,1150.077745,1164.93708,1167.379271,1152.914516]}},"regexp_FindAllString":{"name":"regexp_FindAllString","build_times":{"1.17":[172.342856,164.861575,178.436522,166.554993,168.868319,169.03962,168.824418,172.66736,173.462068,175.57949],"1.18":[172.357866,178.043827,170.697448,176.053606,168.678726,169.508135,176.330208,178.512933,170.00394,177.240918],"1.19beta1":[314.440104,323.338701,318.091345,318.349947,316.008021,312.15978,313.774097,314.431105,308.658943,318.764852]},"run_times":{"1.17":[2356.276574,2374.65413,2354.846869,2378.591026,2347.025387,2351.694242,2364.718883,2360.851541,2345.427585,2353.634577],"1.18":[2357.304309,2354.672275,2360.854541,2359.104622,2356.572923,2372.488807,2383.824029,2365.071851,2374.891615,2370.121564],"1.19beta1":[2245.404419,2279.122884,2264.323524,2277.630561,2250.047061,2304.778853,2260.302873,2252.819895,2247.735639,2254.767315]}},"switch_case":{"name":"switch_case","build_times":{"1.17":[193.716204,195.22472,200.513978,210.095182,195.694626,194.867717,196.665236,200.054973,201.021483,196.581635],"1.18":[205.380825,201.337581,211.35509,203.0826,205.343124,198.006345,203.406704,201.119679,197.57634,200.930477],"1.19beta1":[346.445232,382.529822,339.125954,337.424533,336.554324,355.220125,339.82736,336.941028,346.524031,340.85017]},"run_times":{"1.17":[5203.846036,5198.168551,5207.846312,5207.443406,5206.598233,5203.884794,5196.578551,5202.527296,5204.170872,5211.104186],"1.18":[5723.73145,5725.425608,5728.214948,5725.521249,5724.724914,5725.633352,5722.080197,5726.095001,5726.512725,5729.072325],"1.19beta1":[3271.829931,3273.023605,3281.354792,3272.428497,3273.299699,3271.220113,3271.249927,3272.080555,3271.138945,3272.574209]}}}