{"CGO_CALL_C_FUNC":{"name":"CGO_CALL_C_FUNC","build_times":{"1.17":[531.448169,486.613166,490.967514,487.988681,478.349273,480.541498,496.194173,481.175804,488.894891,475.179037],"1.18":[515.793813,494.41123,479.645135,487.62904,486.325923,479.987639,483.541387,490.759472,481.40471,494.096877],"1.19":[619.164171,546.606613,542.757962,547.634727,545.311397,553.421503,538.791044,546.995299,542.964745,538.437483],"1.20rc1":[4088.099503,4070.027797,4086.743019,4084.610978,4150.602795,4131.089872,4034.160312,4058.667305,4135.125169,4114.216958],"gotip":[4240.751461,4124.185594,4214.731691,4084.998253,4112.209039,4085.839659,4147.490378,4075.968367,4152.471058,4110.946165]},"run_times":{"1.17":[3871.201816,3870.998245,3869.668322,3888.976098,3883.493681,3869.046398,3870.999051,3868.607297,3870.28265,3890.260582],"1.18":[3525.562914,3515.336687,3518.030576,3520.231105,3517.620484,3516.593744,3520.381937,3517.254745,3516.401627,3519.752249],"1.19":[3545.734863,3542.250318,3541.42184,3543.326665,3540.300336,3540.478645,3544.51859,3539.805514,3540.120281,3542.414192],"1.20rc1":[3553.49233,3557.365742,3553.481156,3552.257304,3554.107386,3551.319022,3554.455616,3564.576587,3556.237497,3558.193184],"gotip":[3555.164399,3554.801341,3558.414805,3555.669725,3560.144644,3556.039996,3554.049044,3556.447073,3554.922178,3556.579705]}},"Fibonacci":{"name":"Fibonacci","build_times":{"1.17":[140.02039,137.380554,122.624956,144.093044,130.049956,136.579143,131.306673,130.562662,126.858312,132.181184],"1.18":[139.262982,135.960239,144.657355,129.449951,133.225401,140.465399,141.082907,136.036039,139.324883,135.496007],"1.19":[158.978377,147.028221,151.52018,148.208536,149.912059,151.412878,146.269611,152.32959,148.013534,153.635507],"1.20rc1":[2884.255628,2916.911355,2877.004672,2892.461757,2896.391811,2923.614651,2844.923133,2886.094486,2893.587322,2891.427969],"gotip":[2928.842956,2908.959591,2901.57502,2943.394075,2935.802417,2923.353253,2902.499814,2847.162944,2883.300421,2887.611488]},"run_times":{"1.17":[3900.851057,3906.186912,3907.170739,3901.111929,3902.650503,3910.249954,3902.523572,3904.378722,3901.870362,3903.089369],"1.18":[4011.536336,4011.176405,4014.711489,4010.895768,4012.462958,4012.144028,4012.905299,4013.043092,4010.985517,4014.640313],"1.19":[3901.486471,3903.848875,3905.674627,3900.672886,3902.951409,3900.91244,3901.179464,3903.108544,3901.892697,3903.617105],"1.20rc1":[3906.892643,3900.564289,3919.374747,3903.294727,3902.36537,3925.09544,3901.901286,3902.654213,3900.478972,3905.361743],"gotip":[3923.668564,3901.043741,3900.718183,3908.982173,3902.104385,3923.757138,3928.816177,3901.610152,3912.154585,3902.686067]}},"Garbage_Collection":{"name":"Garbage_Collection","build_times":{"1.17":[150.879075,194.201643,178.822241,145.714508,145.167001,145.211301,141.205049,145.378903,147.635433,147.076426],"1.18":[142.189081,144.163708,142.655888,153.929637,152.440917,150.114886,145.676928,145.762229,147.154347,145.545626],"1.19":[150.991806,149.521386,151.97842,149.719288,151.791817,149.054979,152.608429,148.39077,150.987806,152.629429],"1.20rc1":[2854.427316,2904.818938,2842.946534,2888.461557,2861.347109,2894.732204,2888.672751,2861.994836,2902.850601,2874.264394],"gotip":[2908.216101,2884.276487,2911.197261,2922.819416,2937.97056,2889.360199,2901.029119,2899.760195,2944.679932,2873.433483]},"run_times":{"1.17":[5813.522916,5739.764372,5725.144516,5694.65855,5733.323912,5737.0935,5667.789587,5730.549885,5687.36659,5643.333175],"1.18":[5759.500748,5724.635942,5780.207885,5705.353393,5705.730083,5714.555667,5691.463632,5724.45043,5720.406821,5734.744392],"1.19":[5565.19111,5545.760182,5571.981764,5516.414895,5576.792705,5510.152487,5569.759364,5599.245847,5593.430428,5661.429388],"1.20rc1":[6223.048533,6210.790834,6235.426229,6277.261039,6215.635042,6212.425944,6182.137787,6202.829285,6177.169369,6203.525743],"gotip":[6198.732614,6238.366866,6207.559879,6227.2569,6203.803832,6241.922122,6201.528399,6190.474065,6263.071598,6220.001244]}},"Goroutine_Creation":{"name":"Goroutine_Creation","build_times":{"1.17":[147.508644,144.608306,177.338037,180.256576,145.866923,144.294501,141.018259,145.165313,143.101586,143.226188],"1.18":[150.918592,166.222195,151.663702,146.251331,149.708476,151.209096,148.162256,143.894,149.938279,145.254617],"1.19":[151.48959,152.146699,159.173091,166.219583,152.637505,152.635205,155.242239,148.892256,151.951096,152.406504],"1.20rc1":[3075.70743,3006.655122,3024.350332,3042.229761,3079.732056,3048.21135,3064.388063,3034.312318,3062.639048,2995.510268],"gotip":[3104.277869,3074.747178,3083.104624,3019.015074,3069.485243,3011.797585,3083.39873,3098.707883,3110.163115,3123.121176]},"run_times":{"1.17":[9079.645908,9009.692339,9002.741214,9033.674152,9087.707257,9118.997262,9153.449402,8993.737355,8951.969297,8926.975007],"1.18":[5310.289002,5221.139861,5265.643949,5204.704267,5255.819894,5233.329467,5229.168967,5220.424857,5205.563938,5228.967482],"1.19":[8907.180609,8846.332199,8898.328468,8904.611576,8868.183806,8906.547725,8918.553156,8913.498378,8958.052984,9117.129657],"1.20rc1":[9138.58064,8983.959755,8996.664678,9103.228418,8999.099216,8966.748966,8917.253759,8965.409736,8936.876949,9091.020174],"gotip":[9229.25637,9144.424945,9204.650372,9239.092924,9125.810404,9190.215637,9195.73879,9003.528219,9072.903102,9147.132784]}},"MergeSort":{"name":"MergeSort","build_times":{"1.17":[139.910942,138.558124,139.368435,136.218393,142.310774,143.431488,138.698326,142.86208,136.600998,139.740039],"1.18":[138.731724,135.809786,143.347386,136.490395,145.22041,147.932146,140.470047,142.884979,144.311698,148.072748],"1.19":[155.63324,152.723502,159.894997,153.822816,156.901657,151.76599,146.846525,166.24798,163.549645,155.539339],"1.20rc1":[3046.096664,2951.247895,2915.769921,2927.680476,2910.600546,2943.676954,2936.725193,2912.83662,2906.73064,2925.651778],"gotip":[2963.159335,3016.955945,2975.153041,2894.295111,2919.522245,2929.998694,2885.606496,2882.413228,2974.004533,2937.37635]},"run_times":{"1.17":[6939.015421,6914.147801,6897.104963,6887.302443,6889.984033,6860.416557,6953.740993,6994.569684,6794.179953,6728.815997],"1.18":[5943.847446,5978.182714,5874.202789,5913.699519,5925.083847,5807.843635,5852.591602,5902.260893,5848.635105,5962.47188],"1.19":[7601.030197,7512.031087,7551.349159,7594.359843,7549.43143,7560.413986,7642.961004,7627.905587,7755.079166,7688.933486],"1.20rc1":[8824.011036,8852.104747,8609.573411,8749.538521,8630.861294,8628.2604,8875.849329,8721.961326,8764.768528,8741.818508],"gotip":[8980.537641,8897.720582,8893.282152,8899.668595,8870.052323,8917.293236,8993.749746,8862.726654,8808.407268,9389.094825]}},"Sort_Random":{"name":"Sort_Random","build_times":{"1.17":[162.342722,153.401105,155.852337,155.792036,158.956378,156.291743,158.770575,153.059601,161.826515,163.321935],"1.18":[164.818417,162.019779,212.951464,163.035393,157.298815,163.206995,167.218449,159.454845,158.593233,158.551732],"1.19":[160.838441,159.296608,172.553684,168.341096,168.336296,168.677304,169.48362,158.633194,159.213407,160.215028],"1.20rc1":[3359.415412,3366.297079,3367.38628,3405.421474,3326.328247,3353.430975,3339.205212,3320.329732,3366.185566,3343.363654],"gotip":[3378.06295,3339.168814,3374.828503,3365.160079,3352.479964,3344.480522,3324.756838,3290.669741,3367.963902,3312.25864]},"run_times":{"1.17":[5015.483565,5014.108583,5014.891911,5013.002199,5013.039764,5013.729091,5013.91308,5013.597668,5017.564656,5014.597253],"1.18":[5029.911956,5030.546996,5028.278834,5026.756532,5033.728947,5030.39215,5030.325928,5028.407706,5028.346501,5032.035977],"1.19":[5089.608189,5080.36642,5083.405646,5086.1082,5080.353746,5082.976544,5084.026216,5085.716519,5079.211535,5083.212897],"1.20rc1":[5081.401202,5079.583529,5079.170498,5077.16012,5077.858573,5081.319267,5077.014543,5083.636835,5078.214467,5078.821624],"gotip":[5077.801809,5078.504223,5079.950081,5080.355792,5084.569812,5078.641037,5079.935871,5082.966747,5079.312787,5083.568653]}},