{"Fibonacci":{"name":"Fibonacci","build_times":{"1.17":[124.244122,129.562508,126.884565,128.508591,127.158469,125.129536,138.692957,125.483542,121.551979,123.650412],"1.18":[130.672112,131.570626,138.624141,130.182003,128.725181,135.355588,133.235453,129.668995,132.275938,128.69178],"1.19beta1":[269.799228,277.359949,270.240435,269.503224,275.838724,265.867264,266.261271,267.073884,279.328781,269.080416]},"run_times":{"1.17":[3900.782284,3901.576291,3904.197189,3900.271425,3903.747794,3902.717076,3901.888828,3902.130518,3901.083841,3901.129246],"1.18":[4010.586416,4011.658392,4010.84893,4017.671045,4012.171282,4010.398934,4011.743533,4010.707852,4012.15196,4010.583717],"1.19beta1":[4012.053287,4011.536999,4011.318417,4013.166897,4013.315903,4011.19757,4014.909488,4011.239137,4011.710489,4012.586331]}},"MergeSort":{"name":"MergeSort","build_times":{"1.17":[131.528603,133.630735,133.714338,137.380695,136.239178,133.704537,140.441444,127.58864,128.332451,127.02353],"1.18":[131.996192,139.43781,138.797199,165.000915,137.657881,135.379846,141.40444,137.877685,143.101368,140.973834],"1.19beta1":[284.904445,287.406085,287.09318,278.845651,286.889077,278.037906,281.152143,283.099572,272.58901,280.002725]},"run_times":{"1.17":[5923.676917,6052.335507,6003.869588,6034.553714,6042.11177,5935.347836,5981.880838,5966.647944,5905.253371,6063.922797],"1.18":[5860.187452,5700.41318,5746.20285,5766.063119,5774.054295,5754.09231,5797.613984,5703.464809,5706.792456,5749.166411],"1.19beta1":[7253.825081,7234.045366,7257.445621,7299.952381,7254.758349,7201.501982,7044.434999,7150.488039,7119.064917,7172.956414]}},"Sort_Random":{"name":"Sort_Random","build_times":{"1.17":[148.727114,146.101076,146.838687,153.422681,151.411452,149.676727,149.600827,140.950003,147.128891,149.323323],"1.18":[155.357379,159.32073,179.506187,160.878049,156.127189,148.775195,149.233401,148.443891,153.288952,151.689632],"1.19beta1":[293.908677,301.230084,294.330083,287.179979,290.561029,289.625614,284.741644,281.171992,288.112992,284.642043]},"run_times":{"1.17":[5013.513017,5013.148978,5011.463899,5011.325052,5011.541143,5012.52902,5012.424697,5015.798201,5012.438714,5013.967984],"1.18":[5036.83676,5026.371643,5031.063413,5028.908201,5026.270744,5029.104428,5035.038806,5027.581551,5029.987243,5029.093759],"1.19beta1":[5020.942952,5022.672155,5026.120122,5019.118686,5025.554858,5022.486086,5026.058282,5021.137039,5020.765325,5020.41017]}},"Sort_Reversed":{"name":"Sort_Reversed","build_times":{"1.17":[133.015362,141.329185,142.333899,138.98985,136.308911,161.059776,133.674372,139.185854,132.364553,137.377027],"1.18":[138.772791,143.535661,144.246273,149.526552,141.960138,145.116686,139.539802,138.983993,141.005224,139.591002],"1.19beta1":[276.497358,323.116458,284.299775,274.828632,281.204228,282.788952,290.289865,284.041971,286.193374,286.526048]},"run_times":{"1.17":[3712.35277,3708.891573,3714.788809,3713.126211,3709.830242,3715.424035,3711.422904,3707.109082,3711.187061,3710.196091],"1.18":[3572.673809,3574.33404,3573.037835,3577.787733,3573.601238,3577.078988,3574.130715,3574.283664,3574.247828,3573.719133],"1.19beta1":[369.510978,370.397191,369.357576,369.572879,371.179002,369.930684,369.570579,370.9936,370.562494,369.981985]}},"alloc_1.5k":{"name":"alloc_1.5k","build_times":{"1.17":[120.465859,128.996691,127.045661,125.202532,124.479021,121.994383,125.328534,124.097615,130.178609,125.513238],"1.18":[145.704803,138.997192,135.741138,139.090194,136.242847,132.698688,136.236251,133.248211,131.115075,133.723719],"1.19beta1":[294.96479,282.688698,267.950869,285.214038,274.733775,275.07518,278.062926,273.696759,280.700568,276.991109]},"run_times":{"1.17":[3169.125314,3153.230792,3174.249607,3180.800683,3153.686091,3162.698233,3307.862373,3174.949013,3189.464653,3163.684305],"1.18":[4346.424392,4346.8072,4347.545709,4346.996882,4348.159236,4350.595805,4346.830479,4348.67797,4346.468567,4347.976702],"1.19beta1":[4348.711679,4355.62287,4356.34161,4350.932957,4348.693618,4349.150508,4348.565326,4348.585897,4348.531324,4348.852732]}},"regexp_Compile":{"name":"regexp_Compile","build_times":{"1.17":[161.386189,161.839995,163.248317,167.946289,161.421789,161.782595,160.753478,159.55496,165.658254,161.249086],"1.18":[165.770621,164.611903,170.282489,169.456576,170.637694,165.481116,167.000139,165.313014,160.876846,166.105826],"1.19beta1":[304.510476,300.537715,301.52293,300.814119,305.456391,308.628639,300.392113,302.077138,301.912036,306.0535]},"run_times":{"1.17":[1092.091338,1089.817903,1094.555276,1093.185355,1086.464586,1087.838341,1090.646283,1094.686345,1094.096735,1091.403694],"1.18":[1155.322056,1149.537858,1149.615959,1157.352379,1140.388418,1142.744954,1139.078698,1156.738565,1175.440549,1154.65753],"1.19beta1":[1148.558536,1148.883734,1144.099874,1152.932206,1159.92201,1159.996011,1160.664222,1153.548315,1142.39358,1148.385618]}},"regexp_FindAllString":{"name":"regexp_FindAllString","build_times":{"1.17":[167.891976,165.983647,170.410814,163.971416,173.41056,164.640626,167.166465,167.749873,165.353637,165.602241],"1.18":[179.484191,168.587928,167.670814,176.649249,169.114935,172.267383,169.552643,175.172426,179.961699,170.274253],"1.19beta1":[309.120297,308.831893,303.604214,308.165282,306.511958,303.922218,312.516249,323.090809,316.243006,333.00756]},"run_times":{"1.17":[2348.620232,2349.216541,2350.887511,2368.736653,2361.736846,2365.387669,2356.223688,2362.142978,2352.122949,2350.731747],"1.18":[2370.363341,2359.226136,2360.30182,2362.369751,2407.422879,2360.548409,2373.156401,2354.704619,2344.955772,2376.200907],"1.19beta1":[2262.927504,2242.057656,2254.384845,2258.333921,2259.729234,2237.783704,2237.713154,2227.926329,2244.4296,2250.238883]}},"switch_case":{"name":"switch_case","build_times":{"1.17":[204.172827,198.479243,197.65393,191.974046,192.539655,196.625515,200.150767,199.487558,193.176364,201.482087],"1.18":[208.100837,201.60624,205.904204,199.317105,197.436876,205.412797,199.740111,195.809652,195.797652,193.442816],"1.19beta1":[360.636107,342.455934,352.160879,337.051653,333.092494,333.382397,339.279586,342.524135,334.683794,334.831189]},"run_times":{"1.17":[5199.143205,5203.530147,5201.261144,5202.853688,5199.326593,5202.346471,5200.415488,5203.687067,5198.397582,5199.813432],"1.18":[5722.240979,5723.153753,5723.685849,5722.6166,5723.662338,5725.00281,5722.693707,5724.016473,5722.659159,5724.688437],"1.19beta1":[3270.721034,3272.638362,3274.156187,3270.471869,3273.058992,3272.727848,3271.944036,3272.452405,3273.184928,3271.338867]}}}