{"CGO_CALL_C_FUNC":{"name":"CGO_CALL_C_FUNC","build_times":{"1.17":[538.758057,499.215921,496.558591,496.327684,506.478283,501.031223,495.345561,509.84262,528.907631,506.961588],"1.18":[536.851104,518.023404,514.673768,516.964092,506.455081,510.503224,510.15202,519.726021,499.444406,508.890006],"1.19":[572.282557,537.588148,541.753673,533.639724,538.105907,538.688653,534.615709,540.502173,534.859212,539.39316],"gotip":[546.640982,543.788248,541.049916,544.594257,539.165694,549.624017,552.949557,543.11114,547.620293,540.278421]},"run_times":{"1.17":[3862.790183,3869.828531,3860.579321,3873.144377,3864.047039,3861.517232,3861.971421,3862.430474,3863.926736,3874.950498],"1.18":[3668.312343,3517.18705,3519.290348,3515.7567,3517.5232,3517.477767,3515.81965,3514.869157,3514.788562,3513.814715],"1.19":[3542.617874,3541.515223,3540.997514,3540.495547,3540.837733,3540.270851,3539.198445,3541.210452,3542.350466,3541.403961],"gotip":[3537.076009,3533.190069,3535.793171,3543.139041,3533.81249,3533.436512,3532.947117,3535.81697,3534.560048,3533.537874]}},"Fibonacci":{"name":"Fibonacci","build_times":{"1.17":[120.247728,124.555771,130.682734,121.342539,125.542682,120.195827,124.763174,126.239888,125.514581,126.818995],"1.18":[142.025852,136.998601,132.948859,150.406838,141.320745,135.156582,138.025511,135.829389,134.503475,138.082612],"1.19":[179.910971,141.973097,151.42979,138.725366,146.198238,138.15936,145.536932,146.28524,144.927226,142.873806],"gotip":[147.810753,143.667813,145.225128,147.959255,147.712952,142.908005,145.041026,149.975974,151.751691,144.684522]},"run_times":{"1.17":[3900.430563,3901.760149,3901.606173,3910.193164,3907.202872,3909.807941,3900.946628,3903.495372,3901.258284,3902.723805],"1.18":[4013.184726,4012.643624,4011.152705,4015.420013,4013.592781,4014.195763,4015.376695,4016.370891,4019.695431,4014.455007],"1.19":[3909.830198,3902.46796,3901.047098,3902.759363,3902.821186,3900.322555,3900.755852,3901.458954,3901.785863,3900.146045],"gotip":[4011.440187,4013.266565,4012.701921,4012.635823,4026.016215,4013.62743,4010.952116,4011.046619,4013.935288,4011.417406]}},"Garbage_Collection":{"name":"Garbage_Collection","build_times":{"1.17":[135.03077,129.270715,135.648775,136.440387,132.222974,148.316429,132.893981,131.165464,133.050782,134.229294],"1.18":[146.254244,142.949211,140.75529,147.182053,140.651289,139.972782,140.306585,141.492197,138.000663,140.478387],"1.19":[154.010311,142.758218,142.071599,142.864021,145.414787,141.583087,144.864772,146.828524,143.048625,145.692494],"gotip":[149.860995,148.438663,148.896273,158.898199,179.594469,152.74706,155.064013,155.910632,154.783807,160.730541]},"run_times":{"1.17":[5758.694497,5681.277086,5690.090578,5652.375727,5667.882181,5697.364376,5724.497999,5718.120321,5659.565333,5687.477198],"1.18":[5723.743418,5775.196599,5758.51532,5715.113786,5700.545733,5717.02168,5771.008959,5689.748982,5672.105841,5704.573166],"1.19":[5577.532807,5509.86027,5514.54828,5523.815322,5553.814894,5530.799587,5544.757052,5544.212509,5546.890286,5567.979363],"gotip":[6343.736298,6342.585286,6338.470412,6326.763934,6344.727153,6354.741034,6355.404818,6380.865787,6310.976651,6330.898001]}},"Goroutine_Creation":{"name":"Goroutine_Creation","build_times":{"1.17":[137.055554,138.536881,140.937329,135.391821,134.373601,137.944171,138.621483,138.992991,136.088235,135.463822],"1.18":[144.994297,143.704277,157.828192,142.881965,143.524875,157.03458,147.079828,137.609185,141.83165,143.88308],"1.19":[148.903199,149.821243,152.872985,153.471993,149.413937,150.152348,148.622627,155.813224,148.516126,151.947072],"gotip":[151.965938,150.283818,156.967899,149.443208,149.398507,156.117889,146.204969,153.190653,158.810021,152.136341]},"run_times":{"1.17":[9148.208813,8946.172198,8953.712068,8972.644037,9003.908041,8980.971961,8960.249831,9030.611469,8977.903502,8959.648436],"1.18":[5393.073612,5252.003607,5231.511515,5198.52677,5298.603668,5408.174547,5405.608283,5412.282423,5359.106119,5346.561343],"1.19":[9009.088816,8944.906485,8981.477223,8947.142228,8924.637549,8961.044752,9044.158945,8994.929577,9047.424016,8926.437716],"gotip":[5569.399728,5462.299232,5440.486871,5499.755564,5615.960035,5568.83415,5394.366313,5445.560104,5415.737657,5505.677966]}},"MergeSort":{"name":"MergeSort","build_times":{"1.17":[128.30319,131.669332,130.772821,129.994611,127.108175,131.285227,134.520167,128.23499,134.010661,132.047436],"1.18":[144.808884,140.440533,146.058999,142.650959,145.648994,142.122453,139.729525,138.300308,137.290497,143.60527],"1.19":[152.108905,174.655227,153.083515,152.441208,153.459918,153.946223,150.264086,156.790351,150.58819,150.150085],"gotip":[155.90737,166.434883,164.613763,159.987236,157.436088,154.021853,155.874172,148.567399,155.103065,151.309426]},"run_times":{"1.17":[6028.436813,6129.510153,6210.624538,6044.323863,6254.550641,6099.3896,5992.365213,6034.835251,6115.013747,6322.259517],"1.18":[6116.575937,6200.727304,6096.559213,6294.475606,6286.65051,5988.20335,6087.44067,6077.176197,6006.726909,6050.58918],"1.19":[7649.537868,7836.29373,7610.566778,7448.411562,7667.546404,7788.98039,7819.741002,7984.610796,7833.080988,7815.466415],"gotip":[8980.210816,9266.35231,9128.407496,8915.240918,8969.400952,9019.129649,9174.50609,9137.289752,8959.57961,8810.419055]}},"Sort_Random":{"name":"Sort_Random","build_times":{"1.17":[145.226911,147.618534,144.732306,147.011128,146.970427,148.839946,146.439923,146.353822,148.613743,149.764055],"1.18":[150.431339,160.981532,164.659065,150.433538,151.431648,149.347928,152.436656,149.610731,148.945026,151.244245],"1.19":[155.272522,159.905035,150.970926,149.415453,149.511359,155.691442,155.754944,156.269769,151.765161,152.097177],"gotip":[164.185482,153.882746,154.377257,153.155528,159.113766,158.162044,161.136613,155.299378,159.101666,160.982709]},"run_times":{"1.17":[5015.071778,5013.136304,5014.711421,5011.468461,5010.968624,5012.346309,5013.701782,5012.321157,5011.264413,5012.149591],"1.18":[5025.557911,5029.000614,5024.338425,5035.995612,5041.176377,5043.181814,5026.415616,5032.613987,5028.871073,5027.514092],"1.19":[5083.590118,5092.952803,5081.257094,5081.043807,5087.350291,5082.176029,5081.012343,5082.135671,5082.637765,5085.927131],"gotip":[5037.53572,5036.900417,5032.940082,5036.639776,5033.18619,5036.072285,5036.041124,5035.064092,5039.421023,5040.32915]}},"Sort_Reversed":{"name":"Sort_Reversed","build_times":{"1.17":[139.054706,137.324767,135.974037,149.579541,141.679865,138.436492,135.695431,134.426502,136.167442,132.158652],"1.18":[141.243656,143.938206,146.503052,144.030707,142.735383,141.564963,145.557634,143.686801,142.147373,146.669855],"1.19":[148.230946,149.627773,147.362729,152.664234,147.975341,147.453731,152.711935,148.794757,148.340848,145.578693],"gotip":[161.012366,158.553623,156.845893,158.344019,154.106144,156.542387,158.747327,151.027389,154.730855,154.756255]},"run_times":{"1.17":[3717.292727,3713.494518,3709.612103,3709.17989,3708.413568,3716.077719,3713.894396,3710.77828,3711.396964,3715.114651],"1.18":[3574.353898,3576.296038,3574.763704,3577.740765,3578.13437,3573.531094,3574.830738,3578.359132,3576.704077,3575.594514],"1.19":[369.472543,370.571664,369.756348,369.414953,370.415795,369.730783,370.290093,369.295375,369.255375,370.299393],"gotip":[369.57458,369.392377,369.308576,369.59268,370.616498,369.694282,370.551197,369.05007,369.398177,370.559097]}},"TimeAfterFunc":{"name":"TimeAfterFunc","build_times":{"1.17":[183.980935,199.100476,162.818797,161.887083,157.905019,159.548845,159.315542,157.440011,161.68498,166.564757],"1.18":[400.280502,173.392413,172.767704,168.249839,191.952582,167.801732,171.631488,168.624544,173.259212,171.273882],"1.19":[592.281142,175.527913,172.003965,173.548685,172.529572,174.332397,170.422843,171.102652,172.089965,174.702602],"gotip":[183.3397,188.582269,179.432949,177.637925,178.839742,176.710714,178.486437,175.746401,174.779988,173.015865]},