{"Fibonacci":{"name":"Fibonacci","build_times":{"1.17":[119.654945,129.809256,124.334249,125.830152,125.40665,122.515248,122.016346,123.340649,126.423152,123.343248],"1.18":[130.813367,129.387964,129.797565,134.751471,140.445279,128.551263,131.431867,132.952469,132.980969,132.548769],"1.19beta1":[272.580753,282.429961,273.869554,272.038352,275.465756,267.262147,271.923452,275.460055,272.699453,281.28396],"1.19rc1":[155.919141,148.901339,152.35334,152.28234,149.21654,152.09694,152.46704,147.094251,145.27683,150.721935],"gotip":[152.565214,154.775216,157.891618,165.563824,154.225415,154.669816,163.758323,155.008216,153.166815,151.93447]},"run_times":{"1.17":[4794.809164,4794.52258,4794.534128,4794.853042,4793.663649,4794.671124,4793.905124,4805.147825,4798.484151,4797.085785],"1.18":[4804.935806,4800.576661,4799.25641,4798.631057,4800.143558,4798.613258,4798.412237,4798.560443,4819.021281,4800.585108],"1.19beta1":[4802.023236,4799.599454,4799.877714,4852.979332,4798.257054,4798.331777,4797.692259,4798.117934,4797.616785,4798.315661],"1.19rc1":[4793.960612,4797.05952,4793.167556,4794.03465,4794.182337,4793.467804,4793.484434,4793.521743,4793.837424,4793.143789],"gotip":[4794.339193,4792.789534,4794.818035,4793.73426,4792.716472,4792.865556,4794.33477,4792.623496,4792.658438,4793.852009]}},"MergeSort":{"name":"MergeSort","build_times":{"1.17":[129.81029,129.074091,125.747387,158.199811,127.815089,124.771487,129.556291,126.239188,124.862887,133.364094],"1.18":[139.12208,140.45988,134.152577,133.743076,133.389476,136.559878,135.210377,135.617278,134.859077,131.615275],"1.19beta1":[288.380379,298.391586,282.670075,280.753974,291.118481,302.450188,277.484972,276.638771,276.513472,284.004576],"1.19rc1":[169.552045,176.390448,162.234743,164.126462,152.058077,149.512275,158.17058,150.662575,151.553677,155.800478],"gotip":[163.589484,163.366985,180.876793,156.186381,157.868982,161.964683,164.668885,160.149782,164.499082,164.631282]},"run_times":{"1.17":[6066.802139,6109.70972,6011.768613,6167.823293,6146.519506,6123.692647,6120.238512,6139.458032,6083.147989,6096.103581],"1.18":[5919.834762,5970.773542,5911.444511,5862.588527,5840.812801,5839.809286,5892.875086,5938.142644,5970.037589,5922.409941],"1.19beta1":[7341.12412,7211.606643,7196.695241,7084.739554,7152.39182,7217.226871,7159.026059,7204.004037,7164.408383,7042.554476],"1.19rc1":[7108.304814,7177.737619,7209.63479,7197.302504,7158.491012,7205.514786,7223.70139,7288.093007,7250.119201,7238.771433],"gotip":[7461.106328,7564.463464,7500.171317,7390.772457,7457.535701,7481.653028,7470.941886,7507.759218,7499.890714,7506.617609]}},"Sort_Random":{"name":"Sort_Random","build_times":{"1.17":[152.636736,144.56464,142.41374,144.60004,146.244254,143.634541,147.021349,143.040239,147.784651,148.626253],"1.18":[155.079418,148.590305,149.3373,146.895475,151.149283,169.384318,150.400981,150.968983,148.658078,149.50878],"1.19beta1":[299.181597,297.681494,298.105794,294.464489,294.812289,295.30019,295.01399,290.873082,294.726789,296.462292],"1.19rc1":[172.326845,177.011552,169.310541,168.78794,167.167237,167.765239,163.931933,177.681153,168.587039,169.036441],"gotip":[172.029091,166.914691,171.766991,173.103891,169.898691,171.741591,171.743091,179.861991,166.892591,167.051391]},"run_times":{"1.17":[6105.213902,6094.065745,6073.896922,6072.97409,6091.75558,6091.291451,6072.317666,6085.393491,6095.158743,6087.363096],"1.18":[5985.664306,5988.61874,6017.79994,5985.802306,6006.195185,6006.79711,5986.787558,5977.41605,5986.568472,6029.198217],"1.19beta1":[5941.608912,5949.865789,5914.816161,5920.247264,5932.768546,5955.835302,5943.815649,5933.242439,5941.799528,5932.547464],"1.19rc1":[5934.952924,5941.465214,5949.733464,5945.831445,5935.285351,5966.781681,5940.491273,5939.795601,5941.080756,5932.512064],"gotip":[5910.357036,5918.598597,5913.037929,5916.533618,5919.884907,5941.257029,5933.675761,5922.710257,5917.984295,5919.499186]}},"Sort_Reversed":{"name":"Sort_Reversed","build_times":{"1.17":[132.104449,134.721652,132.265649,131.208148,137.670655,142.800861,134.293751,133.626551,135.678452,134.213152],"1.18":[144.541536,142.199234,141.398033,144.458336,139.834731,140.722133,143.216535,138.95483,142.073634,137.473929],"1.19beta1":[280.600711,287.524313,276.344405,277.187305,269.635399,272.830802,278.668107,273.537602,278.066906,271.255101],"1.19rc1":[152.576113,149.23931,151.913513,150.277411,151.913813,152.145112,149.633911,154.152514,158.97842,155.935821],"gotip":[157.407623,165.236628,155.15752,159.590023,160.563825,157.307922,160.069725,158.361023,155.511621,157.260622]},"run_times":{"1.17":[3712.898725,3645.337891,3640.279727,3644.975982,3645.358384,3680.94716,3710.333513,3632.648521,3666.405755,3642.822242],"1.18":[3544.681689,3545.570352,3545.472187,3543.987096,3543.962828,3542.728537,3543.113762,3562.666525,3544.029758,3547.776062],"1.19beta1":[393.885891,393.124092,395.767793,395.997793,398.684795,394.492292,394.396192,391.78259,396.048193,392.566891],"1.19rc1":[361.694381,362.394181,361.146481,362.306281,360.836781,361.961281,361.15348,360.982881,361.254881,361.27358],"gotip":[361.565381,361.493181,361.00718,361.152781,361.15698,360.779281,361.02138,362.231381,361.30968,360.58688]}},"TimeAfterFunc":{"name":"TimeAfterFunc","build_times":{"1.17":[158.722429,146.933604,151.961114,149.005609,146.369903,148.974608,148.786208,150.457112,150.01891,151.401314],"1.18":[460.259315,158.10809,152.781969,162.942808,154.160974,152.117867,165.728918,153.229271,161.186201,156.020682],"1.19beta1":[1421.908241,304.76053,290.457587,291.665791,282.582862,289.848019,291.722466,294.658376,296.093281,290.854964],"1.19rc1":[470.683918,175.791017,180.218327,173.501212,171.718108,173.968113,177.917222,184.775938,173.840513,168.840601],"gotip":[227.820111,174.734293,183.834713,175.199493,167.874177,174.298092,173.119188,171.803486,172.723488,174.672293]},"run_times":{"1.17":[4291.522586,4986.12501,4911.241771,6727.320176,4357.753147,6352.023883,5509.056399,3368.670292,5909.202432,5476.335332],"1.18":[5220.957137,4452.086649,5375.339335,5867.578925,5293.095047,4661.922755,4500.55841,4179.924624,3349.695115,4919.84992],"1.19beta1":[4112.498524,5575.176327,4448.336082,4762.487311,4596.34506,6100.319404,5094.157258,4698.497233,4904.079357,4783.419719],"1.19rc1":[5003.476479,5481.358938,4333.269043,5380.337331,4010.063552,4918.546482,4661.601453,4898.293211,4746.498721,5089.663183],"gotip":[4746.796722,4065.296585,4971.519785,4207.77937,3407.903372,4942.955478,5164.943396,3677.106868,5345.051228,4813.641556]}},"alloc_1.5k":{"name":"alloc_1.5k","build_times":{"1.17":[141.812805,123.234805,121.303905,125.798105,122.953304,125.413405,123.641605,128.936505,124.135705,122.778105],"1.18":[133.814339,131.955935,139.065047,130.661933,128.578929,128.91543,139.612648,131.247334,130.837433,126.013924],"1.19beta1":[279.59467,288.011171,277.678357,280.089261,272.703948,272.520449,273.64485,278.690758,290.075077,281.032963],"1.19rc1":[158.348828,165.508537,155.243123,157.248026,161.795733,167.32844,159.327529,156.462325,155.882922,161.051825],"gotip":[156.71852,163.077728,164.24253,159.267222,159.229023,158.894122,156.451719,155.554818,158.505122,158.460921]},"run_times":{"1.17":[3731.089436,3700.230639,3724.759809,3697.213619,3695.345633,3708.018722,3704.924263,3700.577413,3691.773869,3712.434005],"1.18":[5217.612665,5215.970017,5217.434684,5216.748949,5217.626337,5217.224662,5217.127349,5217.539945,5220.198645,5217.795613],"1.19beta1":[5217.769884,5217.367611,5216.439522,5218.263774,5217.964669,5216.824301,5217.386658,5216.51017,5216.982881,5216.651996],"1.19rc1":[2715.342986,2707.372275,2708.181302,2707.709584,2707.45197,2707.16254,2709.326106,2707.338702,2706.711584,2707.895288],"gotip":[2713.997197,2707.796094,2706.965498,2707.409599,2708.080828,2708.684233,2707.283031,2706.781298,2707.667306,2706.747205]}},"regexp_Compile":{"name":"regexp_Compile",