{"CGO_CALL_C_FUNC":{"name":"CGO_CALL_C_FUNC","build_times":{"1.18":[515.537461,492.716013,496.176936,489.452791,491.954708,498.052647,493.144416,489.494591,495.817233,484.541059],"1.19":[518.597324,516.270108,514.200094,514.729197,507.071044,517.125014,503.99919,506.605208,512.176649,518.431595],"1.20":[432.451697,428.669611,433.075546,436.260628,441.096874,450.858625,440.526675,433.55511,430.485691,441.473566],"gotip":[477.129197,467.493434,479.998924,476.60844,478.69101,470.828454,481.583926,482.772436,474.65458,482.454031]},"run_times":{"1.18":[3525.950514,3520.385354,3520.277266,3521.936321,3521.367205,3520.037697,3524.398726,3516.989018,3520.65744,3521.610008],"1.19":[3544.660949,3543.979724,3544.210785,3546.10935,3546.023972,3544.794807,3544.335271,3544.126476,3545.245747,3546.462855],"1.20":[3556.484365,3554.275243,3553.782786,3556.508458,3554.759445,3555.343846,3558.302568,3556.24622,3559.842743,3557.181184],"gotip":[3534.272865,3537.340775,3546.87,3541.966368,3537.747752,3537.904254,3536.119526,3535.776917,3537.049329,3535.665925]}},"Fibonacci":{"name":"Fibonacci","build_times":{"1.18":[125.889142,126.596446,124.954235,121.380111,122.507318,129.779567,125.039136,124.366132,121.694214,126.178243],"1.19":[113.360756,118.033087,108.028921,115.233369,113.691758,113.98966,112.066847,114.837966,108.407323,116.214975],"1.20":[118.387693,117.717932,118.603515,117.933221,119.807606,119.441302,117.547289,113.286457,116.708183,122.887322],"gotip":[122.515045,115.52912,123.127367,120.590088,126.800653,119.834988,122.536623,122.785124,119.668189,124.131633]},"run_times":{"1.18":[4013.772639,4014.963627,4014.979899,4014.745416,4014.596441,4014.413748,4016.131234,4014.127932,4017.357367,4015.443307],"1.19":[3913.422211,3904.613459,3906.105751,3908.328454,3904.803898,3908.810497,3905.814176,3905.543272,3904.035048,3906.91113],"1.20":[3913.077501,3909.159674,3913.453303,3934.229723,3925.594023,3918.351144,3925.192125,3921.721025,3940.06859,3916.484116],"gotip":[4249.93862,4249.976629,4248.389319,4249.359726,4255.950572,4248.23612,4247.617303,4247.202399,4249.140109,4247.03549]}},"Garbage_Collection":{"name":"Garbage_Collection","build_times":{"1.18":[151.352315,136.267013,131.23948,135.537009,131.832884,131.860985,133.382994,133.091692,129.204367,138.870731],"1.19":[115.314673,143.340261,118.092291,118.631994,115.200071,111.98435,115.589674,116.127578,119.4758,118.171391],"1.20":[125.384742,115.892178,119.996004,124.300932,114.792968,115.762975,120.265106,115.321773,120.78131,117.356887],"gotip":[116.36398,124.226928,116.58668,119.180199,126.652649,122.757922,120.577324,120.521302,113.444662,131.347482]},"run_times":{"1.18":[5772.600719,5742.461526,5751.664998,5734.291291,5738.296015,5732.381169,5709.989132,5724.952823,5730.235741,5736.137645],"1.19":[5613.093112,5583.143029,5592.818667,5593.022806,5578.852719,5563.003179,5536.376645,5559.250425,5523.940362,5564.939347],"1.20":[6217.688977,6301.924575,6223.883153,6219.558714,6225.28947,6229.602973,6246.35188,6254.411945,6223.297392,6224.321983],"gotip":[6559.169125,6622.584983,6557.416631,6581.972581,6539.930482,6663.449099,6576.672959,6560.712434,6566.204291,6604.989224]}},"Goroutine_Creation":{"name":"Goroutine_Creation","build_times":{"1.18":[134.066593,134.943598,134.382995,137.508016,141.437841,132.932691,131.254379,146.24718,130.396173,130.079972],"1.19":[113.821961,119.4946,118.795395,123.786728,112.568952,115.303871,121.276311,120.131604,112.495253,118.430292],"1.20":[127.285652,122.171821,123.289226,116.215579,121.836017,128.146259,122.751418,123.808027,120.651308,122.215218],"gotip":[119.091798,121.186309,122.025917,116.577585,119.2777,119.726102,124.737952,121.521621,118.727269,117.706388]},"run_times":{"1.18":[5498.59864,5638.629881,5621.470649,5624.616965,5687.514268,5703.073169,5707.646866,5660.275697,5685.9965,5774.150078],"1.19":[9266.844743,9241.50001,9222.256439,9223.607736,9297.584319,9214.286322,9257.660492,9283.789718,9241.457925,9228.593341],"1.20":[9140.2925,9077.584193,9105.580895,9089.671522,9082.383241,9062.496986,9065.892708,9102.645757,9078.121744,9095.317649],"gotip":[5789.867214,5745.80564,5795.053522,5827.232517,5715.731774,5663.348082,5643.797281,5754.704035,5706.577254,5747.169]}},"MergeSort":{"name":"MergeSort","build_times":{"1.18":[127.056556,124.126641,128.454571,121.620025,124.228042,126.454257,117.863298,125.924453,129.529278,128.41957],"1.19":[149.545602,120.736809,107.673021,113.208059,116.820683,108.864729,110.52564,116.206778,115.597775,117.126185],"1.20":[122.681431,115.796281,123.719551,120.368399,122.151122,123.235323,122.733322,120.975511,113.999664,121.281213],"gotip":[124.750435,131.127477,125.751842,127.503452,127.091049,120.147505,123.354726,123.349627,121.993317,135.173206]},"run_times":{"1.18":[6148.430598,6211.197103,6369.007158,6191.465756,6253.991401,6221.906659,6164.710543,6234.072511,6137.746056,6096.722965],"1.19":[7963.687867,7857.579951,8132.255198,8128.489692,7929.515763,8111.752982,7872.242837,7817.857608,7876.477325,7799.962804],"1.20":[9198.117823,9445.068272,9369.292083,9295.855498,9397.942617,9309.712674,9452.524853,9166.8171,9215.857768,9222.54215],"gotip":[10807.296413,10710.08667,10465.430582,10242.965175,10044.517595,10005.050147,10419.436159,10397.726066,10580.790614,10042.057985]}},"Sort_Random":{"name":"Sort_Random","build_times":{"1.18":[146.490882,145.338574,146.20898,144.889471,146.642783,147.791291,138.202626,147.764091,147.62609,141.206547],"1.19":[120.466707,120.723909,123.225225,121.774616,120.765409,127.702556,125.760943,125.854844,123.257126,126.50915],"1.20":[129.806526,128.802262,138.684209,126.563695,126.44994,137.784031,127.368658,127.277114,126.97992,128.776829],"gotip":[134.232597,135.980237,130.582271,134.142794,133.8644,138.914339,134.609803,140.047073,133.896306,139.43045]},"run_times":{"1.18":[5032.596353,5034.524652,5035.439249,5034.435144,5033.575086,5040.99325,5031.839114,5031.088817,5034.559473,5032.4887],"1.19":[5086.120848,5085.792912,5093.841834,5087.628327,5088.565136,5087.66633,5083.715,5087.290725,5105.467549,5098.567513],"1.20":[5083.693531,5088.699367,5083.236141,5083.886236,5084.020317,5088.346205,5085.00782,5087.13827,5084.98844,5083.48162],"gotip":[5134.213444,5135.012536,5131.417754,5134.395425,5130.729942,5137.089056,5133.639039,5135.626732,5140.217565,5136.710124]}},"Sort_Reversed":{"name":"Sort_Reversed","build_times":{"1.18":[130.968472,135.678103,133.095685,138.699523,135.363201,130.430868,134.193294,135.037099,132.735283,135.531502],"1.19":[115.471859,127.906541,116.051462,114.10835,117.308571,118.448378,112.64624,110.498426,113.510546,114.429652],"1.20":[122.956358,129.409781,127.101659,122.806435,126.021348,128.736269,127.682023,122.267222,126.57683,132.096086],"gotip":[120.379806,126.347345,126.830548,125.702841,122.27392,125.983744,125.567641,130.341272,127.688278,125.452048]},"run_times":{"1.18":[3608.907907,3578.155189,3577.555084,3579.45668,3578.513818,3577.398181,3578.453176,3578.12319,3576.691497,3577.729867],"1.19":[370.045232,370.594536,371.097739,371.538541,370.462735,370.021332,371.198739,370.987335,370.945434,370.097929],"1.20":[369.596479,370.191882,370.556085,370.163483,369.978381,369.573379,371.31459,370.345384,370.449985,369.955681],"gotip":[374.41041,375.049919,375.308421,374.504816,374.612316,375.630723,374.430215,375.904025,375.534722,374.825717]}},"TimeAfterFunc":{"name":"TimeAfterFunc","build_times":{"1.18":[154.297933,153.362926,152.215719,152.37092,145.223371,156.590347,181.800616,153.825528,152.865522,150.234905],"1.19":[212.956829,130.023573,134.339502,132.360988,127.488856,124.724037,125.18704,127.491455,127.494248,135.131999],"1.20":[135.455208,130.226273,131.284381,130.90038,130.736276,130.798977,133.908797,142.220955,134.2663,124.165133],"gotip":[134.3238,129.919271,136.290014,132.159588,134.1749,136.008414,138.58133,138.335927,134.816702,129.339966]},