{"Fibonacci":{"name":"Fibonacci","build_times":{"1.17":[127.872528,122.870356,120.485223,143.346649,127.190618,158.200362,121.666739,126.710211,126.802113,123.793369],"1.18":[128.699036,127.69452,128.673335,126.009795,140.30391,128.590934,124.611974,127.021411,130.110657,133.719611],"1.19beta1":[271.35477,277.960867,267.101407,272.338385,270.722661,278.373673,268.274625,264.967276,272.992594,269.30574]},"run_times":{"1.17":[3901.748476,3905.179797,3900.235203,3903.018767,3901.770372,3900.111228,3903.17053,3902.270993,3900.922754,3901.492894],"1.18":[4014.300473,4011.412453,4010.412847,4014.12111,4016.917919,4017.248393,4010.637539,4013.158237,4011.777802,4022.685235],"1.19beta1":[4011.920884,4010.301329,4010.190917,4011.68265,4062.852223,4011.531893,4011.427799,4012.221463,4011.375298,4011.60403]}},"MergeSort":{"name":"MergeSort","build_times":{"1.17":[128.220722,126.631598,126.972304,132.958792,129.216637,128.671429,131.861176,124.701369,123.766455,139.901797],"1.18":[134.992495,136.054211,131.746948,132.471657,139.185857,132.779262,136.351515,137.34943,132.746062,134.496288],"1.19beta1":[275.012951,275.418758,274.731847,282.968868,273.53763,275.204454,269.870176,271.869205,279.536918,275.551059]},"run_times":{"1.17":[5939.885653,5895.881996,5854.531369,5830.283353,5807.989449,5889.449699,5880.305065,5781.785459,5821.351563,5807.865243],"1.18":[5650.046808,5541.216188,5553.964857,5617.050627,5586.205709,5662.375487,5588.066503,5654.734157,5591.501352,5687.968573],"1.19beta1":[7081.715364,6915.559982,6959.549633,6951.581841,6949.937067,6932.629965,6964.570954,6928.462772,7002.818268,7000.045946]}},"Sort_Random":{"name":"Sort_Random","build_times":{"1.17":[146.521888,141.46532,144.007954,144.521062,142.060728,140.236703,151.953463,149.59553,141.23273,144.600645],"1.18":[151.421027,164.935435,151.139123,152.805748,156.517606,154.486075,149.605099,148.661585,150.033206,149.6161],"1.19beta1":[283.943148,291.567761,294.047298,283.899847,284.575756,280.216392,284.742759,280.278037,281.779947,281.36044]},"run_times":{"1.17":[5010.439563,5010.742643,5010.374227,5011.317537,5012.63577,5013.782235,5011.693699,5019.072943,5010.528608,5011.883609],"1.18":[5033.071944,5030.548385,5030.5876,5026.423649,5026.725609,5026.43685,5036.34861,5027.673981,5028.889104,5027.201196],"1.19beta1":[5021.470205,5019.795572,5022.827366,5022.214767,5021.371698,5025.011783,5023.260781,5022.038873,5021.750386,5025.466959]}},"Sort_Reversed":{"name":"Sort_Reversed","build_times":{"1.17":[133.942767,133.296956,136.152898,136.659206,137.615521,139.65295,133.480059,140.121157,133.753864,132.922551],"1.18":[135.258501,139.453263,167.658081,138.879255,161.199685,144.837043,139.026157,138.009042,139.023257,141.9434],"1.19beta1":[293.256801,278.072169,276.017436,271.102861,277.966967,267.193623,274.648526,275.012634,272.949184,274.142113]},"run_times":{"1.17":[3712.158597,3715.943405,3712.357653,3718.396529,3717.8063,3716.53093,3710.515594,3716.262801,3714.583682,3714.289126],"1.18":[3573.567172,3572.96748,3576.426968,3576.557778,3574.398448,3574.792414,3575.134193,3576.813821,3576.733015,3575.381968],"1.19beta1":[369.451347,369.649452,369.53805,370.068763,369.52925,368.945635,369.614852,370.36727,369.55525,371.138589]}},"TimeAfterFunc":{"name":"TimeAfterFunc","build_times":{"1.17":[149.326705,144.822638,148.037586,148.772597,146.950271,143.813424,144.495734,146.650266,142.550905,147.790483],"1.18":[395.218539,151.491077,163.513657,158.060675,161.745531,152.637094,156.028844,152.178087,157.652569,158.742486],"1.19beta1":[316.190811,294.252296,290.762443,288.910616,286.157075,282.253816,288.540711,288.202505,285.515765,294.445698]},"run_times":{"1.17":[5623.577922,4661.235084,4963.070939,6488.18488,5383.127838,5045.775699,4607.7925,4836.481406,4863.336596,4758.620807],"1.18":[4982.465373,4533.118205,4099.616988,4700.669359,4368.556853,4093.418982,5448.552928,4277.145613,4794.321627,4682.802949],"1.19beta1":[4352.016012,5278.388194,4358.831212,5183.024512,5408.247232,5084.867634,5211.468815,4894.179899,5213.310295,4972.935685]}},"alloc_1.5k":{"name":"alloc_1.5k","build_times":{"1.17":[135.171068,130.608901,124.717615,131.23941,127.76936,127.612057,126.880247,131.20391,123.585899,123.086691],"1.18":[134.797476,135.775591,132.552943,132.733146,134.920278,135.446486,137.444515,134.666874,134.321469,138.108925],"1.19beta1":[271.702868,281.107605,281.40251,270.132746,269.10043,269.051129,272.174975,272.862885,265.975285,268.876227]},"run_times":{"1.17":[3282.559706,3169.691939,3227.382285,3191.133082,3155.89186,3178.346,3141.97789,3182.911996,3155.780026,3166.364522],"1.18":[4346.60752,4346.206092,4346.622151,4351.203107,4352.481239,4347.65985,4349.530733,4348.621951,4346.675429,4351.18497],"1.19beta1":[4348.808465,4346.376166,4348.109016,4345.733382,4347.58496,4346.110556,4351.867923,4349.158964,4346.466202,4347.059887]}},"regexp_Compile":{"name":"regexp_Compile","build_times":{"1.17":[197.365449,177.3369,158.072261,159.998785,162.618017,154.962423,161.590504,156.176938,161.108198,158.02016],"1.18":[177.685322,167.455671,165.663445,163.1694,169.03311,162.789621,162.619119,164.654948,164.09094,167.463188],"1.19beta1":[294.20918,306.612957,298.609643,302.051992,298.661244,299.283253,306.569456,293.677473,296.526513,302.520999]},"run_times":{"1.17":[1087.053085,1088.684206,1085.260363,1089.593447,1090.226889,1086.805538,1089.944184,1085.56952,1086.019226,1092.300919],"1.18":[1139.126944,1141.057972,1131.646537,1137.320418,1161.864769,1152.440134,1143.463939,1138.131455,1146.628803,1144.640665],"1.19beta1":[1162.494542,1146.469652,1150.848912,1149.837098,1150.747011,1145.366637,1157.568504,1150.399335,1150.19758,1134.772728]}},"regexp_FindAllString":{"name":"regexp_FindAllString","build_times":{"1.17":[162.92136,161.999045,166.332815,165.747807,163.457368,164.100879,162.32445,163.53337,167.093229,163.289666],"1.18":[173.155257,179.710362,166.659254,173.706367,175.589696,174.214675,165.116529,165.679839,168.368581,177.966334],"1.19beta1":[302.135962,309.466074,309.296271,301.849658,302.823272,302.08006,301.965459,299.948628,303.815687,307.047414]},"run_times":{"1.17":[2344.929087,2350.77726,2353.359883,2364.543465,2356.022377,2339.790203,2339.869204,2345.616898,2344.947597,2339.951164],"1.18":[2348.625988,2348.715601,2332.86609,2359.295159,2351.040818,2347.680838,2354.963041,2352.66948,2358.804992,2350.711068],"1.19beta1":[2254.113282,2235.223707,2242.449612,2240.716776,2252.868247,2272.134142,2257.980406,2231.317996,2250.270842,2244.095658]}},"switch_case":{"name":"switch_case","build_times":{"1.17":[236.709996,194.098654,198.759667,194.690568,202.825567,195.825696,199.989998,190.846673,197.602539,197.271531],"1.18":[225.28283,202.719557,204.603888,199.426802,201.558838,199.574704,196.27125,195.511538,202.092946,193.937812],"1.19beta1":[331.813325,357.0999,332.934041,328.372474,333.718553,329.994822,328.321211,332.669076,326.194679,330.134838]},"run_times":{"1.17":[5203.535534,5207.028278,5200.42282,5198.786453,5201.420496,5203.06763,5200.860767,5201.820574,5199.075093,5198.196482],"1.18":[5723.139716,5726.568681,5725.262752,5721.595947,5722.429978,5724.754402,5722.984216,5723.634761,5722.686026,5723.596546],"1.19beta1":[3274.002471,3272.093381,3273.5398,3272.990392,3272.971334,3270.488109,3272.630017,3270.299008,3271.838832,3273.97196]}}}