{"Fibonacci":{"name":"Fibonacci","build_times":{"1.17":[142.276328,130.275917,137.519924,141.993328,144.51023,133.36852,138.832725,133.24302,137.385223,135.674522],"1.18":[139.245833,137.413031,130.329924,197.237689,139.530733,142.718237,129.156723,143.640537,151.803446,147.507841],"1.19beta1":[297.412666,290.056459,309.102277,293.816163,317.094183,319.847986,287.531358,292.167361,310.373078,306.924874]},"run_times":{"1.17":[3892.987839,3839.299312,3896.104669,4056.448539,4039.293127,3854.126888,3935.123063,3962.864459,3894.313793,4090.185909],"1.18":[3889.734418,3816.426649,3686.784239,3769.080367,3709.952277,3823.489186,3838.6539,3925.876628,3948.13735,3881.212979],"1.19beta1":[3907.30536,3978.938756,4382.915212,4494.249204,4025.679244,4038.687057,4326.077837,4700.644403,4635.960739,4067.305791]}},"MergeSort":{"name":"MergeSort","build_times":{"1.17":[166.046064,176.061573,166.350564,152.997751,163.486961,165.238863,155.411653,150.422048,138.937037,136.943135],"1.18":[164.423576,153.736964,156.828368,154.498665,145.109255,151.237162,150.180461,154.420365,143.399353,153.870865],"1.19beta1":[342.718638,368.960363,345.761741,338.994931,351.343543,326.96392,339.347731,358.60265,379.767571,345.415437]},"run_times":{"1.17":[7545.745256,7622.609407,8086.984098,8091.463974,8066.004798,8280.530835,8288.120416,7770.007002,7426.567247,7171.705888],"1.18":[7031.245223,6859.121122,6824.145134,6819.129552,6987.626805,6772.830205,6575.855001,6780.698672,6819.081715,6913.512209],"1.19beta1":[9361.624623,9096.73055,9198.945777,9291.545139,8750.36989,8583.444194,8587.992475,8609.526788,8930.205434,8983.728887]}},"Sort_Random":{"name":"Sort_Random","build_times":{"1.17":[165.191462,158.524354,156.496653,173.288769,164.624261,164.17966,166.270363,152.836049,156.177152,174.645571],"1.18":[172.090359,178.60209,196.886395,173.268647,160.527684,172.333257,177.145106,164.101345,169.112392,172.613554],"1.19beta1":[304.414034,323.197655,310.780542,304.872861,301.877239,298.120477,288.652133,305.342816,317.513777,293.44524]},"run_times":{"1.17":[5522.51848,5152.354421,5273.647845,5313.616673,5394.898225,5483.194463,5587.498269,5292.336413,5206.575486,5168.296042],"1.18":[5370.396773,5461.63711,5365.886343,5438.880312,5592.487782,5368.763918,5022.935561,4997.996169,5231.435245,5110.01161],"1.19beta1":[4769.081051,4642.906437,4619.997691,4677.321744,4725.548331,4716.365089,4702.767275,4921.575845,5125.848631,5271.584666]}},"Sort_Reversed":{"name":"Sort_Reversed","build_times":{"1.17":[157.133219,157.785021,152.85331,157.983621,200.769408,176.195358,156.869819,149.822904,159.823625,148.435401],"1.18":[141.954935,138.972731,137.810531,172.484063,164.878456,156.094948,140.592433,136.94113,138.984631,142.618335],"1.19beta1":[330.916266,309.286035,299.629221,304.762829,283.675299,279.210693,274.297385,292.200211,288.501206,358.556505]},"run_times":{"1.17":[3838.003198,4040.642612,4094.146113,3942.348824,4015.760305,3601.270729,3582.874784,3560.627398,3920.370795,3592.772286],"1.18":[3781.85938,3821.202743,3864.144367,4036.914989,3789.667853,4175.10842,4485.772819,4167.698349,4866.834316,4279.162519],"1.19beta1":[395.146255,374.316409,374.604807,408.767853,449.610208,468.617334,437.594092,426.422477,422.199871,423.623574]}},"TimeAfterFunc":{"name":"TimeAfterFunc","build_times":{"1.17":[160.577237,165.652926,173.525008,179.559295,162.414833,156.780846,167.350423,172.965609,164.728128,171.569713],"1.18":[371.374468,180.774177,167.506761,169.176062,173.575166,173.967567,168.602961,177.47667,167.389761,167.14716],"1.19beta1":[357.651321,318.725975,324.934813,309.348997,319.687707,316.011504,322.09121,323.20941,315.494204,312.8]},"run_times":{"1.17":[6099.19612,4800.813347,6596.523715,6376.713857,6980.025189,5976.916137,5444.235197,6596.840718,5196.678681,6167.640606],"1.18":[4565.124472,4068.303402,3921.282865,4644.738012,4946.789839,4956.542046,5148.842172,4493.986842,4764.510003,4696.864799],"1.19beta1":[4821.790035,4970.567974,4865.579993,4311.775614,4980.170197,4974.658975,5186.448171,5030.858439,4803.700223,4783.65772]}},"alloc_1.5k":{"name":"alloc_1.5k","build_times":{"1.17":[163.701259,160.629856,156.207752,144.53614,149.860146,155.296251,153.333849,179.796275,164.77586,167.127962],"1.18":[152.537053,149.008949,149.44825,155.607357,158.475259,147.186547,142.239543,139.35054,135.562636,144.682545],"1.19beta1":[301.418409,293.354196,318.814121,316.984919,306.468209,298.121901,327.38573,338.10834,324.765628,300.189502]},"run_times":{"1.17":[4016.866083,4181.736483,3913.956521,4159.453968,4202.797244,4267.171367,4037.470898,3860.343573,3679.315776,3936.924951],"1.18":[2471.830899,2436.216583,2491.536739,2493.204051,2547.704737,2490.882779,2466.278853,2543.151007,2609.483075,2450.158712],"1.19beta1":[2422.801441,2535.183355,2585.657776,2468.28435,2436.64912,2421.122649,2415.080063,2354.920904,2391.959178,2487.203438]}},"regexp_Compile":{"name":"regexp_Compile","build_times":{"1.17":[271.931866,200.663697,240.992436,199.143595,200.266396,210.292306,196.515993,179.786476,173.037869,197.013893],"1.18":[216.850912,201.970098,181.849478,207.012302,203.7909,192.772388,199.351496,200.523696,195.777892,193.643089],"1.19beta1":[420.400011,376.905669,370.708863,326.93342,324.191317,313.344807,338.219731,331.153624,326.209119,327.624721]},"run_times":{"1.17":[1322.481296,1251.015925,1196.528372,1305.910479,1374.585146,1445.501616,1335.162707,1292.606266,1379.858551,1262.243735],"1.18":[1332.499705,1325.200397,1338.61491,1196.884371,1222.342897,1186.543561,1168.089643,1173.684049,1189.017864,1200.549375],"1.19beta1":[1195.78697,1184.204959,1179.270154,1185.64336,1210.865885,1251.216024,1281.028154,1335.815407,1308.81518,1253.998227]}},"regexp_FindAllString":{"name":"regexp_FindAllString","build_times":{"1.17":[198.102294,206.174402,201.938798,198.651194,193.481189,181.212977,192.020388,208.961505,194.73119,182.467379],"1.18":[219.375316,220.463017,214.975512,201.461099,203.7432,220.915718,223.10122,222.959719,203.654401,205.421402],"1.19beta1":[347.609244,346.245642,337.758934,369.834066,357.502353,338.533135,343.91054,354.05215,346.794743,366.996763]},"run_times":{"1.17":[2751.892992,2799.027147,2813.8756,2709.406396,2948.397128,2782.705555,2897.451468,3086.677248,2813.329174,2886.533746],"1.18":[2742.222601,2611.327972,2736.562894,2675.793533,2865.85712,2544.9194,2724.042973,2762.806411,2615.21548,2624.602096],"1.19beta1":[2480.859335,2584.230336,2476.80953,2548.49228,2489.396118,2549.474976,2521.837953,2776.337904,2453.79449,2573.99821]}},"switch_case":{"name":"switch_case","build_times":{"1.17":[309.656319,219.428197,225.201805,216.563393,216.672593,218.623596,199.53817,219.868597,217.827895,217.429494],"1.18":[230.39423,201.3411,214.353014,215.257514,205.590705,195.530295,200.2204,202.308601,194.118794,213.842053],"1.19beta1":[339.126758,359.66678,380.479401,415.286239,465.830191,398.06152,393.998216,402.363125,372.327293,377.024798]},"run_times":{"1.17":[5886.93269,5688.457482,5819.946965,5558.141595,5534.185324,5538.550303,5514.097131,5532.923371,5513.870862,5530.10801],"1.18":[5784.84401,5516.054373,5531.79356,5492.55072,5499.235346,5522.114266,5700.92637,5846.407752,5985.789016,6060.419634],"1.19beta1":[3399.543087,3985.585003,3480.234371,3711.992916,3403.55259,3198.081674,3276.116056,3250.501728,3615.908911,3459.501646]}}}