{"Fibonacci":{"name":"Fibonacci","build_times":{"1.17":[141.01722,141.043519,136.526503,148.287946,137.928707,141.891522,148.162545,141.259221,139.182312,144.01243],"1.18":[135.366196,150.24555,141.724419,145.911034,155.045068,138.694208,141.515118,135.657593,150.131045,137.435598],"1.19beta1":[295.013525,306.679966,304.83086,302.17235,308.272071,302.879053,299.21064,308.007471,310.118878,296.662131]},"run_times":{"1.17":[4272.265198,4311.177924,4269.971753,4293.43624,4287.849177,4284.066371,4290.104722,4332.955012,4344.873927,4273.116445],"1.18":[4314.533435,4295.491867,4340.922548,4293.867023,4279.509488,4278.562844,4291.206747,4298.900427,4286.214225,4385.348013],"1.19beta1":[4305.839013,4284.248597,4276.01396,4318.519794,4337.618618,4348.722788,4301.477243,4292.613221,4294.52337,4280.737406]}},"MergeSort":{"name":"MergeSort","build_times":{"1.17":[140.014293,146.510415,144.352109,145.678413,143.524305,162.944774,164.92828,149.802828,142.177801,141.622698],"1.18":[146.478706,144.6097,161.246156,162.252061,161.440358,144.195599,140.280286,152.71873,140.788188,152.700429],"1.19beta1":[334.847573,333.312667,334.903473,327.959651,325.406142,337.746282,317.299217,322.554733,312.305302,330.040663]},"run_times":{"1.17":[13647.016523,13193.85002,13533.87113,13127.340993,13115.36037,13203.23612,12949.992189,13681.696193,12917.976212,13171.445282],"1.18":[12672.575843,12638.505797,12368.766087,12439.891454,12335.204061,12316.881916,12392.3519,12466.371376,12315.174135,12605.021229],"1.19beta1":[15504.324708,15669.081564,15622.208788,15707.162473,15783.194482,15968.562014,16488.33092,15735.119884,15930.826621,15599.562668]}},"Sort":{"name":"Sort","build_times":{"1.17":[155.595403,162.831127,147.536877,149.417084,162.280425,152.080292,145.058469,150.495687,146.536474,145.19767],"1.18":[150.519924,150.583624,155.121833,174.327775,150.342223,151.050825,153.732531,150.590324,147.739318,150.300523],"1.19beta1":[328.26537,308.850806,313.393922,310.626212,305.928497,321.997749,306.6894,305.347995,317.121233,308.710106]},"run_times":{"1.17":[4143.479618,4089.684035,4151.236669,4094.152869,4098.69474,4141.035621,4108.450015,4134.49215,4139.265984,4194.113743],"1.18":[4067.528151,4088.298868,4139.576831,4075.793386,4126.452977,4133.126891,4034.468325,4064.010197,4063.487916,4073.971018],"1.19beta1":[408.03713,410.364338,395.93989,426.753116,406.4999,401.022282,397.575369,403.63809,413.295224,399.181775]}},"alloc_1.5k":{"name":"alloc_1.5k","build_times":{"1.17":[127.94867,135.5561,135.260998,133.309391,129.357374,133.294581,143.814919,141.35021,130.05617,149.813741],"1.18":[141.57446,156.49482,136.10044,138.151147,138.237447,149.075491,141.39436,139.685253,145.094975,141.777862],"1.19beta1":[335.029063,302.42928,299.130971,333.416459,307.629993,299.286933,297.106614,326.798926,302.826237,300.196227]},"run_times":{"1.17":[3303.873124,3432.212887,3358.230598,3353.881475,3373.986882,3414.593949,3478.802281,3402.909303,3307.665228,3346.573936],"1.18":[2608.360632,2611.163781,2560.697398,2569.717034,2587.078219,2592.821273,2557.58546,2572.057983,2597.977695,2502.89525],"1.19beta1":[2572.018454,2556.826897,2551.70888,2570.401862,2662.093906,2615.306306,2628.117495,2566.545469,2599.585391,2604.54889]}},"switch-case":{"name":"switch-case","build_times":{"1.17":[213.597436,217.73985,216.902347,210.023524,225.565377,210.598425,221.963865,225.455776,228.188786,225.397176],"1.18":[212.724534,221.970154,220.48065,218.996347,207.052523,219.644049,206.310621,215.968442,238.145386,220.637151],"1.19beta1":[384.230895,370.968539,375.73766,380.677679,409.4542,380.347878,370.778739,371.976544,376.290962,365.283716]},"run_times":{"1.17":[6299.807567,6207.612373,6216.808694,6232.729182,6201.670753,6166.631945,6216.829878,6222.485798,6233.063694,6293.021774],"1.18":[6287.318581,6401.419486,6249.023394,6243.047468,6271.701088,6261.418586,6176.655222,6230.967265,6210.119912,6253.182695],"1.19beta1":[3599.730055,3629.509022,3581.196591,3618.538671,3589.630022,3606.203354,3586.494262,3608.792749,3620.512995,3643.659688]}}}