{"CGO_CALL_C_FUNC":{"name":"CGO_CALL_C_FUNC","build_times":{"1.17":[502.396418,465.714377,456.960664,460.20018,456.566966,464.479997,475.268238,476.391343,467.068207,465.704601],"1.18":[501.031524,484.039981,477.135055,470.721331,457.151478,473.489742,477.192956,476.001251,462.80411,460.642875],"1.19":[537.885186,521.116617,517.931705,511.965281,515.655996,519.581011,522.080109,511.248256,515.252573,534.157048],"gotip":[538.426794,528.919052,530.553859,524.55664,520.370381,521.630187,524.184798,525.014502,522.958493,529.275221]},"run_times":{"1.17":[4018.161643,4029.645855,4020.341561,4019.361157,4020.109451,4023.127366,4023.692491,4019.920099,4022.84918,4020.218975],"1.18":[3617.239665,3616.078258,3617.1634,3615.308572,3614.38127,3619.161954,3620.535674,3613.563485,3613.857524,3615.491893],"1.19":[3609.498317,3611.532758,3614.411082,3611.98157,3613.333561,3612.271555,3610.063004,3610.379276,3613.242062,3608.629545],"gotip":[3597.134758,3595.326476,3596.836097,3594.933184,3597.041159,3597.031146,3596.193414,3595.528712,3595.349973,3596.95717]}},"Fibonacci":{"name":"Fibonacci","build_times":{"1.17":[125.62663,131.684655,157.303864,125.936731,127.229336,128.319242,127.586807,129.780499,123.038473,123.827875],"1.18":[125.500199,127.287807,124.554996,126.515404,123.390091,129.201515,128.15791,127.563508,127.361507,124.497196],"1.19":[141.779257,140.984454,138.787646,135.490232,138.903346,138.957346,136.672338,138.983446,135.678833,137.908942],"gotip":[138.338837,139.705442,137.109533,142.065551,139.597542,164.619539,139.482041,142.442453,139.559142,141.350349]},"run_times":{"1.17":[4794.291019,4790.945747,4793.248605,4791.992989,4790.630759,4793.017082,4790.884702,4790.547839,4791.189416,4790.664176],"1.18":[4797.142302,4795.245951,4794.738106,4795.374184,4795.046752,4795.257155,4795.393424,4795.688917,4796.048018,4796.555027],"1.19":[4792.205536,4791.091626,4790.778586,4796.981598,4793.947433,4790.696403,4791.977859,4793.737179,4791.446301,4790.69311],"gotip":[4795.524631,4800.847016,4795.211557,4795.738614,4795.029025,4794.93966,4795.65043,4795.909016,4794.885922,4794.968587]}},"Garbage_Collection":{"name":"Garbage_Collection","build_times":{"1.17":[132.718329,126.814206,130.44772,125.905302,137.080546,126.873406,126.891806,125.716201,128.125411,125.928302],"1.18":[132.881919,134.282825,134.786927,129.667207,134.657727,134.830527,133.402421,136.064632,135.661131,134.531226],"1.19":[135.246931,135.420531,133.848526,144.224166,139.311647,133.460723,136.938738,132.706621,133.640624,136.515436],"gotip":[140.969649,142.676855,144.474863,140.558247,140.286447,138.380139,144.107361,140.493047,173.527476,150.247785]},"run_times":{"1.17":[5243.712562,5106.023377,5213.472072,5269.786194,5222.115312,5206.595126,5229.923811,5243.77886,5111.918044,5243.006542],"1.18":[5240.730989,5205.710715,5199.086382,5144.854962,5175.644296,5178.611833,5168.917436,5180.286841,5195.27369,5159.279752],"1.19":[5225.75788,5218.804327,5160.518266,5189.713971,5180.957532,5204.078355,5179.285246,5177.654688,5177.224045,5159.994391],"gotip":[6571.919533,6589.405269,6585.986303,6549.098652,6538.319587,6577.931345,6544.394151,6586.116221,6562.418307,6578.886564]}},"Goroutine_Creation":{"name":"Goroutine_Creation","build_times":{"1.17":[133.041967,135.890078,132.293064,129.957653,144.337114,127.960845,132.905866,131.42646,130.455356,127.223547],"1.18":[150.619142,142.051806,139.212994,137.533086,133.071868,138.838392,141.211102,138.770892,137.249285,137.808888],"1.19":[138.53708,138.121379,141.037991,138.978482,139.889986,135.89937,138.088878,138.801382,139.519784,137.637477],"gotip":[143.452884,139.328067,141.399875,155.339632,144.367887,140.552572,146.731597,145.856293,142.251579,141.714476]},"run_times":{"1.17":[9751.122997,9655.471154,9663.501236,9716.853816,9729.328154,9669.384954,9636.883223,9653.107913,9665.699211,9669.398781],"1.18":[5558.972106,5572.081839,5536.225198,5566.562319,5576.035426,5537.895794,5652.626594,5599.420629,5547.406772,5576.725253],"1.19":[9703.639862,9669.851603,9692.316261,9697.874411,9728.842033,9667.422814,9667.14081,9684.362759,9702.45695,9880.242144],"gotip":[5930.539564,5899.801676,5687.36231,5721.342964,5700.569575,5741.022002,5709.737964,5703.198116,5708.645706,5701.963422]}},"MergeSort":{"name":"MergeSort","build_times":{"1.17":[129.185913,124.622494,122.985888,127.674107,119.890575,127.443506,121.654188,126.00551,125.198407,125.323807],"1.18":[132.724631,126.898808,125.222802,133.947036,128.412415,138.460554,133.741336,129.334418,131.094425,129.732219],"1.19":[147.874073,138.533637,149.62618,148.788077,137.923935,140.557745,138.047035,142.235551,137.761334,140.994147],"gotip":[148.600878,144.024061,150.021683,142.349355,143.105556,146.731771,145.727867,148.536878,144.618363,144.987264]},"run_times":{"1.17":[5805.920997,5820.876505,5836.704405,5813.70722,5815.793614,5788.317137,5869.167731,5934.104111,5771.197025,5879.754726],"1.18":[5545.849721,5566.747134,5543.561964,5535.590827,5527.252069,5554.658562,5553.991286,5485.98926,5494.059836,5530.759077],"1.19":[7101.873281,6998.084709,7102.95185,7060.292402,7070.789091,7036.230523,6996.44313,7095.95619,7067.222085,7026.633542],"gotip":[7927.234371,7833.753835,7956.034217,7897.535335,7754.673965,7890.301762,7891.555412,7847.84168,8121.325731,7874.206269]}},"Sort_Random":{"name":"Sort_Random","build_times":{"1.17":[144.390362,140.793847,140.569747,139.88345,141.399364,140.293659,142.625768,141.668065,149.191895,138.369451],"1.18":[145.506457,147.010764,142.464343,157.753413,145.948659,149.192374,143.407147,141.329338,143.95135,143.167146],"1.19":[148.908519,160.406166,149.031918,146.89421,153.345537,142.650392,146.89401,141.604388,148.587017,145.349803],"gotip":[156.851814,146.815074,153.249799,153.5886,147.026974,151.914793,147.319976,150.465588,150.900389,147.036774]},"run_times":{"1.17":[6096.933801,6093.072319,6097.003958,6097.718741,6096.338833,6101.030909,6091.141944,6096.38091,6091.723603,6093.039572],"1.18":[5980.28381,5980.797799,5981.39092,5990.487097,5976.023771,5972.191378,5972.102905,5972.729125,5971.96407,5972.165554],"1.19":[5925.22846,5923.623973,5924.272405,5920.307148,5924.703968,5920.341006,5923.072534,5920.67744,5922.235625,5928.874081],"gotip":[5942.636114,5924.978529,5910.752771,5928.385813,5921.097545,5932.495434,5920.268272,5949.194431,5941.017551,5930.093724]}},"Sort_Reversed":{"name":"Sort_Reversed","build_times":{"1.17":[128.908303,133.051319,128.121101,128.299301,129.089304,129.300905,124.711986,127.533598,132.052716,129.148504],"1.18":[140.280651,135.813924,136.60273,135.612923,134.301516,140.369152,136.164227,135.282421,139.287346,131.279897],"1.19":[139.272137,139.678139,153.925094,145.20836,143.0051,139.956178,140.685782,140.58548,140.732482,137.37847],"gotip":[143.827892,145.578598,144.651195,148.329807,151.236118,141.333083,139.085376,141.418083,144.062193,142.462388]},"run_times":{"1.17":[3709.772923,3706.278572,3694.728518,3714.032465,3700.89773,3704.872701,3704.269499,3700.520903,3698.079121,3702.96483],"1.18":[3541.314072,3543.699326,3539.935929,3539.891991,3539.849603,3542.168168,3539.484711,3540.328963,3541.598383,3540.094354],"1.19":[360.625733,360.956334,360.279633,360.197032,360.439133,360.442633,361.635137,361.670137,360.070731,360.273332],"gotip":[401.903374,404.004896,402.706314,398.923699,397.172693,397.564124,399.463031,401.910633,401.797833,397.60683]}},"TimeAfterFunc":{"name":"TimeAfterFunc","build_times":{"1.17":[158.602045,141.571675,146.085794,145.711092,148.263603,146.708496,145.04909,143.255382,147.921701,161.516657],"1.18":[351.442857,157.274153,169.776704,173.000918,156.534249,150.610625,151.582328,153.986439,151.412028,151.315228],"1.19":[421.726296,165.987067,150.891407,150.383205,154.716822,160.262844,154.04162,151.449309,160.254144,151.261308],"gotip":[319.919645,159.742921,168.001664,163.918943,159.842922,161.840932,164.756048,165.32515,178.95272,230.415685]},