{"CGO_CALL_C_FUNC":{"name":"CGO_CALL_C_FUNC","build_times":{"1.17":[501.062905,473.002293,471.92037,478.509213,467.967184,481.423777,473.90599,474.631235,467.922429,463.353458],"1.18":[483.826808,481.257267,489.438894,484.223414,478.099119,478.476924,477.778114,476.9393,480.715656,470.6846],"1.19":[570.324226,548.647383,534.263756,533.212439,531.615314,535.897381,538.92423,533.989763,543.377288,528.55326],"1.20rc2":[4183.969552,3992.094313,4090.852415,4056.685709,4082.519106,4105.020889,4011.987311,4031.820693,3966.542052,3987.264946],"gotip":[3961.797678,4061.892906,4009.556869,3966.249062,3948.748936,3938.104437,3937.714659,3937.125737,4035.173093,3958.087885]},"run_times":{"1.17":[3868.721329,3875.306422,3871.177153,3871.138763,3908.090764,3882.31299,3870.857202,3867.630638,3868.407632,3871.87378],"1.18":[3518.206168,3523.826264,3519.824491,3516.863244,3519.239262,3516.653194,3522.980763,3517.399008,3516.250361,3522.413849],"1.19":[3540.796765,3540.930508,3540.871432,3541.450464,3541.492863,3541.557762,3541.635519,3541.928382,3541.805246,3542.048485],"1.20rc2":[3553.831004,3553.513306,3556.064186,3553.447222,3553.36632,3554.324836,3553.732166,3552.922572,3554.834389,3551.604559],"gotip":[3549.957176,3543.880163,3544.163114,3553.005965,3545.980678,3545.299254,3546.716234,3545.239882,3546.032706,3544.213998]}},"Fibonacci":{"name":"Fibonacci","build_times":{"1.17":[144.041115,129.194957,136.30848,132.281611,126.155403,125.514792,130.463578,126.866216,134.00504,127.604229],"1.18":[136.150527,126.54095,137.409651,143.841571,130.814828,131.287638,132.000951,129.029695,130.183217,125.749535],"1.19":[148.125614,155.433753,152.493297,148.894328,142.820614,145.533965,143.377824,148.214015,143.031618,139.861657],"1.20rc2":[2848.087514,2821.509521,2786.450456,2792.441179,2766.286956,2817.348617,2738.214905,2740.711406,2788.913822,2840.442339],"gotip":[2804.77398,2744.006414,2715.965457,2718.329188,2754.965336,2746.965671,2676.193822,2720.521133,2762.118486,2766.406535]},"run_times":{"1.17":[3900.758364,3901.270152,3902.407635,3900.674303,3902.050348,3901.525644,3901.252868,3931.315501,3902.369282,3902.355752],"1.18":[4012.721563,4030.404899,4012.366923,4013.703835,4012.661734,4113.998955,4012.764205,4011.196127,4020.379175,4012.145422],"1.19":[3900.848321,3904.816554,3907.67004,3903.493957,3902.052902,3901.202506,3905.209735,3901.890497,3901.011247,3900.739079],"1.20rc2":[3901.809817,3919.818064,3901.791904,3901.150641,3924.930979,3926.94719,3914.572498,3901.960592,3901.697346,3902.001151],"gotip":[4028.42674,4011.189947,4013.725571,4014.016237,4048.88779,4012.010332,4011.153461,4010.837449,4011.99445,4012.291056]}},"Garbage_Collection":{"name":"Garbage_Collection","build_times":{"1.17":[136.862629,138.916663,139.002464,137.724544,143.419036,131.597844,132.402056,134.830297,135.0833,128.838599],"1.18":[142.066972,140.623548,140.064939,138.956421,145.991438,135.655165,137.794301,137.89987,139.18881,136.799874],"1.19":[147.195729,147.927841,155.225757,145.608404,150.171377,148.905756,144.777691,144.451786,148.338348,147.25053],"1.20rc2":[2808.570577,2827.701306,2848.136489,2875.370199,2820.404952,2799.455215,2811.986829,2791.126644,2826.515278,2846.601115],"gotip":[2775.596822,2738.244864,2752.223098,2789.766116,2759.209826,2711.15227,2774.680091,2717.580281,2811.457076,2800.346702]},"run_times":{"1.17":[5681.285585,5714.602617,5748.85409,5670.003831,5661.474918,5685.290692,5758.23044,5706.254181,5699.970704,5561.621275],"1.18":[5692.027393,5731.396201,5677.307529,5691.101593,5668.80308,5697.867261,5720.443473,5689.64963,5700.69432,5702.492943],"1.19":[5508.502906,5616.104478,5533.384552,5537.763669,5516.018989,5548.409023,5572.606039,5532.453291,5532.819658,5579.068597],"1.20rc2":[6202.700741,6217.430491,6195.319198,6199.268851,6180.551825,6171.557066,6171.376304,6160.372836,6183.796194,6162.49054],"gotip":[6209.345173,6234.889962,6271.135029,6221.877085,6241.178583,6234.71947,6211.649965,6253.413705,6235.39011,6219.546613]}},"Goroutine_Creation":{"name":"Goroutine_Creation","build_times":{"1.17":[145.980808,146.957922,138.473089,141.565238,142.169147,139.85181,144.357882,137.160268,137.014165,145.587301],"1.18":[136.647075,146.056817,150.502385,147.423139,143.842284,148.022847,144.651813,142.527392,142.106886,143.051],"1.19":[157.610124,145.911044,154.906082,141.873082,147.502269,143.0715,148.007477,153.512061,147.168063,143.595708],"1.20rc2":[2911.352571,2856.442957,2926.152887,2929.449436,2952.527231,2939.426482,2913.765729,2900.708547,2936.026825,2938.192147],"gotip":[2870.564863,2838.216988,2890.652451,2875.671647,2912.04632,2828.744491,2879.076106,2913.642102,2875.866004,2839.335194]},"run_times":{"1.17":[8840.258396,8732.05289,8760.824718,8807.998845,8725.922796,8777.641983,8774.531484,8726.212361,8729.324799,8822.427184],"1.18":[5129.879594,5114.808083,5001.656623,5080.733604,5137.637634,5043.173528,5066.903432,5025.043181,4976.065373,5042.16215],"1.19":[8808.543944,8744.932759,8801.666164,8849.129549,8810.84169,8770.114753,8633.860515,8762.132372,8732.78951,8647.837713],"1.20rc2":[8882.686728,8886.465192,8889.888219,8727.048615,8833.730827,8825.007872,8729.773643,8854.955144,8788.102232,8736.492774],"gotip":[5334.264408,5438.722768,5350.708565,5446.32432,5433.09295,5234.653164,5268.524042,5254.894191,5283.29135,5256.143192]}},"MergeSort":{"name":"MergeSort","build_times":{"1.17":[132.280307,133.486028,127.188514,145.322744,141.712578,131.396891,128.056629,133.745033,137.680005,128.920946],"1.18":[132.165693,136.157462,137.211681,130.644366,137.563987,128.370227,138.90921,127.292608,136.679771,139.229151],"1.19":[148.729537,151.649091,147.248711,186.761637,184.114089,152.991716,146.495596,143.049833,149.340048,150.252765],"1.20rc2":[2822.484204,2816.802237,2846.167616,2801.705704,2770.919654,2777.231598,2765.711251,2775.184765,2770.650184,2815.248234],"gotip":[2808.898697,2833.358053,2719.850349,2767.61824,2750.556558,2788.10829,2720.176573,2747.586654,2758.591537,2749.679929]},"run_times":{"1.17":[6763.226008,6567.549528,6584.624847,6719.62698,6624.539487,6627.636154,6498.986214,6739.385351,6558.872427,6624.430525],"1.18":[5698.297446,5721.180329,5703.886471,5719.062002,5734.518903,5706.998164,5781.416993,5758.065106,5735.475715,5715.286641],"1.19":[7442.578636,7426.994839,7396.251897,7430.885145,7312.272219,7377.626432,7368.08552,7408.204294,7344.494369,7408.170415],"1.20rc2":[8431.954549,8475.676939,8507.516353,8579.827214,8623.481911,8468.197271,8453.741959,8498.658483,8422.695396,8499.107683],"gotip":[8615.968537,8614.807057,8678.92494,8686.682236,8781.494984,8738.127478,8662.759155,8722.826616,8629.343708,8665.296189]}},"Sort_Random":{"name":"Sort_Random","build_times":{"1.17":[170.721244,214.262519,152.456062,150.049025,147.538685,152.144857,149.426815,156.428323,147.695888,146.671972],"1.18":[152.501614,157.028183,160.906742,153.838735,154.923952,146.718626,150.788289,152.178709,156.16147,158.599408],"1.19":[158.216963,159.041475,154.910114,151.234359,166.361584,157.279249,150.980754,158.558869,166.263183,155.101116],"1.20rc2":[3291.106585,3249.591969,3267.932092,3229.923014,3200.37393,3230.480811,3239.202049,3263.585728,3266.838744,3298.297114],"gotip":[3194.42216,3215.786897,3273.34854,3209.401394,3212.796479,3192.110571,3147.883767,3162.309969,3205.335251,3236.459812]},"run_times":{"1.17":[5011.695254,5015.165554,5015.019261,5011.550401,5010.228594,5013.01207,5013.983335,5015.557894,5011.898708,5013.684092],"1.18":[5028.884827,5030.29285,5027.182015,5032.04529,5028.25794,5026.788795,5031.889052,5028.665741,5027.223022,5028.099504],"1.19":[5090.515606,5097.423596,5089.74493,5084.345116,5082.078724,5079.167051,5091.192929,5083.389275,5091.185827,5081.99969],"1.20rc2":[5079.645051,5081.071645,5078.987177,5079.481944,5078.73187,5080.657265,5078.559979,5079.864962,5079.557541,5079.989519],"gotip":[5124.459302,5125.95951,5125.948669,5124.568676,5129.787975,5125.100715,5126.993657,5124.843795,5129.224903,5123.631855]}},