{"CGO_CALL_C_FUNC":{"name":"CGO_CALL_C_FUNC","build_times":{"1.17":[826.488012,640.334471,682.399993,631.162345,633.33585,612.898191,611.772188,622.753319,624.553425,611.510187],"1.18":[680.373898,635.288666,656.419228,631.821356,622.681529,623.140432,619.080922,653.417023,619.056422,632.456761],"1.19":[725.413345,646.01801,649.634711,669.28434,676.119859,644.500268,659.312411,656.509502,646.495574,641.330559],"1.20rc2":[5200.238594,5280.507425,5392.645749,5335.290721,5404.052524,5504.947974,5394.625506,5472.415619,5536.210357,5461.852918],"gotip":[5431.062962,5308.388102,5408.295293,5477.1105,5464.890661,5638.346936,5606.434345,5459.193873,5434.71736,5560.957612]},"run_times":{"1.17":[4747.132976,4759.596716,4713.780704,4634.866779,4678.577725,4598.147789,4650.357242,4640.829813,4678.796424,4662.446893],"1.18":[4306.940674,4245.869737,4260.242566,4361.869474,4345.07133,4276.880273,4578.685766,4392.500533,4263.477777,4245.729355],"1.19":[4160.717108,4176.024825,4192.702463,4132.028428,4087.546626,4066.495927,4065.574063,4078.810699,4143.23639,4194.372221],"1.20rc2":[4472.215218,4416.237276,4425.578493,4385.04323,4373.343595,4426.337402,4377.29316,4416.726705,4405.42332,4405.630615],"gotip":[4655.787911,4480.484049,4456.150148,4409.632685,4389.656149,4454.337634,4340.571144,4437.01143,4326.865244,4421.000813]}},"Fibonacci":{"name":"Fibonacci","build_times":{"1.17":[192.804879,221.833211,227.648437,183.824838,177.491109,168.94337,178.786015,168.607169,172.571186,178.761915],"1.18":[178.246388,174.340975,195.087244,166.585849,193.059437,192.400534,198.983957,171.761566,186.672216,178.478788],"1.19":[199.444331,202.12624,212.521672,212.466773,214.012877,206.114152,205.38865,205.853352,199.599331,217.180387],"1.20rc2":[3827.806491,3784.384649,3811.206181,4122.112669,3963.845851,3875.110351,3868.229367,4088.88214,3934.194342,3861.159731],"gotip":[3979.02682,3949.456085,3892.761259,3810.751602,3916.003966,3886.885402,3800.961489,3810.991972,3721.450212,3874.308807]},"run_times":{"1.17":[4799.596952,4726.466795,4692.123663,4762.446753,4649.964892,4620.936939,4720.090478,4690.086063,4779.984424,4723.767854],"1.18":[4654.944367,4714.015724,4630.486681,4609.587996,4759.964772,4750.236751,4644.994362,4705.336252,4654.991922,4632.945174],"1.19":[4729.968726,4649.476808,4644.456452,4694.804288,4790.278642,4759.928365,4647.144213,4645.274906,4612.906011,4626.032715],"1.20rc2":[4746.3847,4718.871482,4703.377533,4725.796614,4795.045286,4754.383564,4734.451815,4829.940959,4789.956589,4769.932448],"gotip":[4700.933515,4718.888564,4769.261469,4739.505538,4748.931744,4596.078017,4636.853003,4576.511503,4596.74749,4654.68096]}},"Garbage_Collection":{"name":"Garbage_Collection","build_times":{"1.17":[184.215403,256.323739,222.462429,178.559184,178.523785,173.675169,181.141593,187.007812,171.387761,184.217004],"1.18":[229.889076,204.097388,187.715633,176.300595,189.442839,186.67053,194.366355,186.65533,190.820044,189.82124],"1.19":[214.658387,214.954087,201.618645,186.178596,196.519529,193.81302,199.499838,217.548996,192.942262,199.643373],"1.20rc2":[3869.090537,3810.150876,3935.067105,3896.267039,3768.987284,3857.933793,3892.751786,3858.774646,3922.998284,3761.619079],"gotip":[3903.420344,3721.117542,3848.093034,3808.153845,3842.699216,3812.511617,3654.58106,3829.694259,3633.519493,3685.254056]},"run_times":{"1.17":[7248.14405,7331.138232,7260.173902,7299.890368,7298.699249,7140.389742,7298.580725,7095.399468,7292.812552,7368.591749],"1.18":[7434.307464,7309.962243,7234.925429,7265.584465,7311.920562,7303.549558,7179.168595,7073.582345,7265.647697,7275.010798],"1.19":[7157.804844,7086.103654,7004.649698,7151.447002,7227.39569,7211.191811,7269.77705,7192.338796,7172.009674,7079.245282],"1.20rc2":[7890.531195,7845.081547,7991.389772,7948.813165,7987.526557,7966.049991,7976.307835,7914.715882,7994.660015,8097.819795],"gotip":[7802.487186,7842.744102,7864.321287,7884.40865,7635.867445,7791.205312,7903.954196,8015.840207,7988.264462,7909.550714]}},"Goroutine_Creation":{"name":"Goroutine_Creation","build_times":{"1.17":[187.400668,201.746712,195.207592,182.797654,181.786151,195.971094,213.239247,207.593429,198.536002,202.439614],"1.18":[188.586785,195.341706,174.09414,178.108952,182.045965,173.932639,176.485647,170.92253,177.432751,179.787557],"1.19":[184.922459,189.880773,193.040084,201.537408,187.701868,185.726361,198.150598,187.282666,204.955619,191.99208],"1.20rc2":[4243.774234,4063.735963,3979.086268,4127.093069,4049.177222,4031.656821,4163.212228,4090.619916,4200.965331,4077.131069],"gotip":[4007.771754,3915.126579,4070.944358,3995.648368,3996.945271,3909.915136,4016.839233,4019.83153,3988.628413,3992.236814]},"run_times":{"1.17":[6675.79689,6840.824672,6578.82791,6445.862616,6404.178365,6593.360115,6490.367828,6421.321934,6381.39974,6365.730529],"1.18":[6233.923023,6419.338988,6195.309411,6092.225899,6538.731147,6753.093293,6751.155488,6715.083179,6655.394001,6265.893026],"1.19":[6527.211519,6370.177452,6371.929868,6476.997574,6547.787549,6479.598831,6662.365827,6626.719329,6798.055781,6861.74834],"1.20rc2":[7346.067861,7417.532367,7483.822175,7319.888052,7436.397469,7391.30444,7283.007939,7119.93887,6703.861334,6630.916746],"gotip":[6923.741492,6857.650748,6801.193534,6963.393197,6927.084446,6754.889892,6973.772124,7200.069961,7149.47251,6934.070331]}},"MergeSort":{"name":"MergeSort","build_times":{"1.17":[183.384749,191.077775,188.101866,192.501881,176.423824,178.825032,175.401221,187.480463,175.057219,178.709232],"1.18":[170.528943,170.848645,227.473778,189.200026,305.590533,181.803094,193.701945,178.72488,172.068151,182.025094],"1.19":[215.233382,219.794496,207.097156,216.491186,199.436532,228.784024,214.180179,193.367812,198.94373,204.728249],"1.20rc2":[3864.375634,3891.537623,3895.366985,3889.900327,3899.40126,3888.215123,3915.738938,3866.471404,3842.950127,3877.380902],"gotip":[4259.733451,3938.145021,3840.735652,3845.048456,3942.473649,3909.544534,3836.738548,3824.490754,3834.841528,3846.080691]},"run_times":{"1.17":[9120.121838,9161.45064,9064.328033,8748.381897,9158.440628,9684.492602,9741.391118,9505.863043,9404.681745,9023.322079],"1.18":[7765.586506,7600.680315,7597.317722,8094.821949,7774.65038,8138.729669,8358.962302,8135.08406,8226.059009,8055.346218],"1.19":[10919.755289,11000.381362,10777.698368,11010.677262,10867.196371,10758.076646,10891.63449,10631.964181,10127.339948,10402.176713],"1.20rc2":[11454.66236,11542.683528,12001.195478,11543.740339,11568.320319,11182.05173,11350.598217,11811.092472,11873.462381,12026.600635],"gotip":[12089.671506,12147.003413,11838.83466,11504.620425,11337.188362,11195.117578,11141.217481,11264.423468,11162.363577,11247.708825]}},"Sort_Random":{"name":"Sort_Random","build_times":{"1.17":[208.217667,203.588252,210.089174,223.045214,201.707546,221.45901,212.542981,213.618784,210.433075,195.814627],"1.18":[202.657723,203.54131,294.240483,215.552346,197.697993,211.298434,204.968015,211.101533,196.292189,207.00932],"1.19":[213.077625,210.914419,213.497626,218.20564,201.17419,196.440876,211.611121,208.00351,207.307908,224.736761],"1.20rc2":[4458.934056,4520.431103,4529.946296,4500.460176,4646.166821,4533.64637,4606.87179,4397.663596,4509.216713,4788.974994],"gotip":[4460.962809,4365.857703,4393.75079,4421.478778,4391.430079,4352.761654,4246.449211,4350.638544,4273.247693,4299.917296]},"run_times":{"1.17":[5795.818689,5974.869244,6082.663662,6106.02785,6054.980771,5958.230164,5988.206629,6094.142246,6056.53401,5963.120423],"1.18":[6010.638027,6004.140419,5895.636968,6046.602132,5992.830133,6041.446354,6040.493402,5928.86345,6097.462769,5963.661295],"1.19":[6117.29682,5956.750721,5878.584755,5900.83362,5835.632455,6030.220348,5954.570835,6024.590287,5875.018422,5980.655666],"1.20rc2":[6280.818057,6191.631036,6206.556061,6107.438226,6186.318772,6299.409026,6412.051383,6250.472661,6089.575641,6126.851056],