{"Fibonacci":{"name":"Fibonacci","build_times":{"1.17":[164.533406,157.325384,151.260345,149.703933,155.908882,164.351193,148.908475,148.648356,145.399021,153.304393],"1.18":[162.467888,165.358007,162.948325,157.619022,165.833043,155.757481,155.306947,157.081381,153.559815,153.172685],"1.19beta1":[332.245931,329.909024,322.991976,341.490072,339.879751,342.179424,340.902428,331.368708,339.279706,336.524097],"1.19rc1":[193.139007,193.751453,231.444585,190.457105,197.260616,197.902865,192.593567,187.837709,195.076752,201.336522],"gotip":[176.418767,194.015391,175.438694,181.915381,174.481921,182.482823,172.034938,185.358139,186.625435,178.145797]},"run_times":{"1.17":[4875.154469,5113.40541,5088.241706,4879.04819,4873.198829,4873.49833,5051.238287,4875.257944,4873.618762,4873.344211],"1.18":[5017.333627,5246.204224,5234.741764,5022.732315,5016.472041,5012.115659,5230.387645,5032.862709,5283.726077,5051.068058],"1.19beta1":[5020.906326,5257.285953,5232.254172,5255.185982,5248.63844,5015.297689,5276.693245,5014.928827,5225.915904,5014.48015],"1.19rc1":[5046.802766,5107.281317,4876.078059,4875.504713,4884.922331,5063.778007,5076.92921,4896.494465,5165.367381,4877.554266],"gotip":[4880.388384,4881.415665,5069.778366,4882.158729,4882.512203,5289.755672,4899.453818,5162.852593,5179.981869,4881.171891]}},"MergeSort":{"name":"MergeSort","build_times":{"1.17":[162.791673,173.274263,173.163555,171.204307,163.363916,173.716197,168.976539,161.676889,174.390047,160.22638],"1.18":[168.265876,172.922727,167.284202,171.990757,166.838869,161.887195,165.466765,166.550947,170.773665,164.588899],"1.19beta1":[349.021014,346.004286,347.749918,342.316208,371.116179,355.74472,360.620388,361.666267,342.931255,335.44759],"1.19rc1":[188.498698,193.30436,200.904032,201.645788,204.711019,200.611911,203.954662,193.17655,190.065916,204.429198],"gotip":[178.42774,207.760349,219.115549,186.734214,184.95388,196.814971,187.190248,181.807244,182.561201,185.855148]},"run_times":{"1.17":[7592.571304,7553.547618,7352.490026,7312.447944,7323.119818,7402.131956,7282.696425,7325.758132,7295.195583,7255.008495],"1.18":[7272.224093,7056.50949,7234.135737,7095.870473,7126.748044,7181.072762,7093.894522,7042.737421,6862.283198,6988.657254],"1.19beta1":[8766.156431,8666.560792,8858.068379,8844.13132,8811.031368,8781.275585,8760.386322,8788.477591,8660.259092,8821.28747],"1.19rc1":[9153.774948,9110.443009,8767.836285,8729.396149,8713.231124,8888.180514,8863.161155,8893.598937,8863.241818,8759.077049],"gotip":[9386.623269,9169.206487,9197.399824,9249.217377,9407.18281,9224.402454,9088.910924,9154.578428,9156.604709,9158.295629]}},"Sort_Random":{"name":"Sort_Random","build_times":{"1.17":[187.389155,180.539241,189.426407,182.685502,179.71578,183.267407,178.526026,184.148127,176.652793,173.832392],"1.18":[188.225006,190.451876,192.367923,183.508645,186.172549,184.516322,181.117262,188.54113,185.01326,184.259802],"1.19beta1":[361.668377,377.721584,374.919373,358.466037,365.811688,355.004776,354.78196,391.227498,361.435659,371.759735],"1.19rc1":[207.86718,202.391767,214.710996,212.791252,213.378396,204.848053,200.929956,208.570534,200.067291,211.641865],"gotip":[186.430166,200.913059,200.40682,197.012565,182.78869,195.896279,192.443219,183.319131,189.899828,204.036494]},"run_times":{"1.17":[6501.096146,6275.620867,6262.611373,6525.935323,6266.080309,6588.710764,6533.4135,6314.460606,6265.224291,6275.802722],"1.18":[6301.974834,6283.452178,6287.720448,6357.317979,6283.846281,6287.23706,6331.699535,6317.237705,6618.190225,6283.474445],"1.19beta1":[6284.302307,6722.031462,6290.339893,6285.970792,6662.370205,6558.463958,6623.359144,6284.345931,6514.376191,6306.921071],"1.19rc1":[6661.900671,6383.034579,6374.843535,6375.5505,6371.318422,6368.221399,6382.243962,6392.603573,6626.37051,6654.095662],"gotip":[6330.304695,6330.366317,6337.934173,6338.031104,6349.103544,6332.660703,6660.469875,6333.197687,6664.337206,6731.299817]}},"Sort_Reversed":{"name":"Sort_Reversed","build_times":{"1.17":[171.112233,163.466254,163.899487,176.622249,165.538711,166.043049,156.333815,162.447377,160.130803,161.662418],"1.18":[176.047666,185.565283,181.925508,207.802858,178.789472,169.20275,186.421947,181.858103,180.606709,179.183702],"1.19beta1":[381.100801,356.688762,369.175303,371.985314,349.454418,357.495923,372.299238,356.670661,345.288604,357.435818],"1.19rc1":[194.453233,195.673224,197.236242,203.088883,187.740727,192.583891,193.796383,191.806333,191.574416,191.3739],"gotip":[180.963408,181.536151,177.639258,178.658034,179.176974,177.678161,181.335336,176.754591,186.420818,187.977735]},"run_times":{"1.17":[4819.317926,4649.153052,4898.532738,4644.512214,4883.713367,4641.935257,4638.47126,4643.520301,4660.436766,4818.135281],"1.18":[4468.047291,4621.502626,4468.3484,4468.239897,4467.749647,4467.688767,4467.052352,4718.798842,4472.406109,4470.021386],"1.19beta1":[475.770431,463.210384,475.219989,465.899887,494.792636,465.637939,510.582621,482.789829,461.897657,461.895657],"1.19rc1":[473.61774,474.711321,472.998993,466.918336,483.304869,516.923898,465.029188,486.200361,513.05458,462.813902],"gotip":[490.395176,463.762273,481.489906,462.101149,488.302219,462.719794,476.305117,499.802284,463.023518,462.395086]}},"TimeAfterFunc":{"name":"TimeAfterFunc","build_times":{"1.17":[216.956987,176.76947,186.081869,175.634785,179.368365,184.135223,180.261232,184.88858,183.227155,194.4876],"1.18":[682.843318,198.015452,205.568819,187.925596,187.340851,209.846439,200.939472,192.620448,201.441809,200.663251],"1.19beta1":[1812.341443,390.138345,366.817896,391.424441,388.553625,362.478171,365.501497,355.379738,357.041064,365.585904],"1.19rc1":[715.451004,225.905894,212.670705,206.422937,210.105513,213.942799,220.457287,212.656703,212.87962,211.877045],"gotip":[208.52399,205.227858,199.728271,201.193374,195.634182,194.862727,192.333649,194.548606,205.957329,207.494333]},"run_times":{"1.17":[8833.421745,7426.274704,6859.156271,7293.383193,6327.704324,8266.547645,6500.065317,6752.281744,6935.61417,6373.502],"1.18":[4970.795031,4957.514037,3957.114969,3973.294967,6558.733286,4315.95333,5896.574547,4961.411799,5305.999185,3941.223478],"1.19beta1":[4595.653989,6797.838287,4811.118264,5848.084686,4889.817538,6966.93337,5713.900558,4424.348379,4784.468202,6445.946728],"1.19rc1":[4924.516196,7632.485922,4514.232329,6220.026941,7163.108345,6339.994797,4733.904836,4750.679653,4290.094211,5436.881822],"gotip":[6182.453842,7952.442151,5784.794256,6183.714081,6303.099249,6395.982599,4738.100468,6628.563812,4978.395032,6522.634611]}},"alloc_1.5k":{"name":"alloc_1.5k","build_times":{"1.17":[178.071457,166.154723,157.887744,154.326896,156.451145,156.895875,156.218228,161.593704,151.10447,154.660019],"1.18":[161.718811,161.859629,164.251399,159.372257,163.69996,162.97331,161.260489,171.309993,168.770915,164.527018],"1.19beta1":[351.121837,364.589086,368.340351,380.047576,352.683448,358.802979,378.655078,366.753939,374.943316,359.80205],"1.19rc1":[193.816106,186.354062,193.057621,183.807474,190.834569,181.097669,187.232362,188.078057,194.714908,187.83153],"gotip":[178.766791,214.462078,166.783746,179.481913,176.293568,178.487042,175.922505,180.141625,184.712205,184.603686]},"run_times":{"1.17":[4026.50239,4064.41252,4011.685918,4029.172231,3967.927763,3979.293273,4009.36965,4033.597439,4064.593944,3977.764024],"1.18":[5436.872416,5440.986227,5670.625242,5665.170045,5626.123459,5441.055422,5435.594768,5651.287229,5610.842027,5443.081762],"1.19beta1":[5449.49487,5905.311945,5793.621978,5622.984443,5439.113284,5624.42946,5626.878157,5677.730767,5440.461754,5702.193283],"1.19rc1":[2739.545557,2738.883135,2744.625001,2738.456276,2918.358063,2740.859281,2912.875113,2862.572172,2741.521974,2738.219835],"gotip":[2784.76237,2737.826703,2747.29474,2834.910226,2786.811145,2740.628654,2739.098766,2835.290185,2738.650931,2868.402706]}},"regexp_Compile":{"name":"regexp_Compile",