{"Fibonacci":{"name":"Fibonacci","build_times":{"1.17":[131.925456,124.584658,119.253888,134.286587,127.219293,124.085252,120.794207,125.129166,123.95805,123.007637],"1.18":[129.863329,139.033651,128.831314,136.219713,128.607612,128.790914,134.276088,129.503824,128.433509,128.143706],"1.19beta1":[270.645174,276.827858,277.228863,273.952819,270.517072,268.799449,268.575245,293.866989,268.362243,274.659928]},"run_times":{"1.17":[3901.157505,3900.525306,3902.060129,3901.735217,3903.614406,3907.141559,3901.920093,3900.000662,3901.421281,3901.471941],"1.18":[4014.971374,4011.502196,4014.42494,4016.101469,4012.685157,4010.563145,4020.097949,4011.829969,4014.168567,4009.700829],"1.19beta1":[4015.2139,4012.339367,4013.4878,4013.948498,4012.711744,4012.130029,4010.821018,4012.777748,4011.307,4010.848101]}},"MergeSort":{"name":"MergeSort","build_times":{"1.17":[134.279304,130.902559,126.223395,147.410381,134.76481,124.495273,152.780052,129.746343,129.896446,131.216962],"1.18":[137.060164,137.125264,139.952503,151.308058,130.837079,132.061396,132.219598,138.867088,141.074919,136.674558],"1.19beta1":[274.889818,277.021146,277.450553,277.992758,277.008009,275.553489,276.532902,277.651918,283.198492,276.026395]},"run_times":{"1.17":[6187.519926,5894.403783,5863.898114,5955.490988,5927.567326,5909.295578,5941.14887,5930.065986,5837.451416,5933.52913],"1.18":[5745.355646,5724.085311,5703.961424,5697.498064,5683.355779,5663.273633,5671.31443,5690.553772,5664.46422,5641.519897],"1.19beta1":[7130.240561,7052.912489,7190.811306,7087.900364,7039.636388,7123.987453,7035.451023,7031.079571,7056.024679,7077.84461]}},"Sort_Random":{"name":"Sort_Random","build_times":{"1.17":[146.170768,140.133575,140.541882,142.876117,145.405357,144.709646,141.564597,142.908718,143.483027,140.169875],"1.18":[164.603391,157.571496,153.814046,152.586531,146.180845,149.113684,151.540217,150.196898,149.400488,147.361961],"1.19beta1":[283.663576,288.021733,301.062907,288.796344,287.324424,279.285817,284.167282,281.410245,287.995334,288.734243]},"run_times":{"1.17":[5009.177827,5011.618524,5012.436936,5011.728436,5011.383915,5012.914135,5011.322858,5015.589765,5013.111756,5012.198155],"1.18":[5026.717888,5028.610501,5026.496054,5031.75277,5027.680811,5029.412024,5027.53191,5026.808071,5027.40531,5028.187923],"1.19beta1":[5022.905076,5019.284756,5020.284027,5019.82868,5030.116877,5020.418956,5023.854571,5023.017587,5021.98044,5022.628907]}},"Sort_Reversed":{"name":"Sort_Reversed","build_times":{"1.17":[128.513998,133.629269,134.734985,138.981445,131.462539,132.868559,137.99333,129.869917,135.488096,138.587239],"1.18":[140.514192,151.363739,139.407378,140.722995,147.165782,135.501983,135.736225,139.005671,137.039443,142.208017],"1.19beta1":[279.524552,271.369542,274.598086,273.432069,274.593886,268.99221,273.371269,269.205413,267.530391,273.889976]},"run_times":{"1.17":[3713.558654,3712.497734,3714.196218,3717.101354,3713.591489,3712.972572,3712.024042,3714.503477,3718.912559,3713.568116],"1.18":[3573.56537,3578.152434,3574.096203,3575.104946,3573.881404,3573.921136,3574.057463,3573.84077,3575.549713,3574.459474],"1.19beta1":[369.265456,370.167668,369.557,369.247804,369.676419,370.413945,370.062533,370.107235,369.016696,369.173002]}},"alloc_1.5k":{"name":"alloc_1.5k","build_times":{"1.17":[122.804616,122.104826,125.213678,120.319724,119.491915,128.610315,128.557915,131.177743,122.558649,118.854107],"1.18":[132.934931,132.85403,134.884258,141.987856,131.865416,138.223505,128.614071,127.430656,132.774229,136.47098],"1.19beta1":[277.888019,282.435078,269.555311,266.233368,269.935815,269.009404,268.515697,267.235281,264.038539,268.333544]},"run_times":{"1.17":[3166.011737,3146.899753,3151.722102,3168.214038,3185.917025,3179.760476,3148.828293,3187.991483,3210.633304,3169.152682],"1.18":[4347.137989,4347.696267,4355.064805,4348.333212,4348.647017,4349.001417,4347.758923,4346.618032,4346.747177,4348.155832],"1.19beta1":[4345.768745,4373.011138,4372.928352,4358.378395,4345.892136,4345.805093,4347.822205,4347.239433,4349.299186,4346.558128]}},"regexp_Compile":{"name":"regexp_Compile","build_times":{"1.17":[160.473663,157.447922,163.655007,157.781927,169.83859,158.925542,161.034371,159.356248,160.785168,162.253087],"1.18":[163.074485,165.085812,167.967651,171.132193,162.131872,167.711547,166.618732,160.974657,164.132699,164.071299],"1.19beta1":[303.316633,301.478609,303.320134,296.948348,298.907775,305.495462,306.86518,301.57141,306.941282,306.694378]},"run_times":{"1.17":[1088.09977,1086.666351,1087.529962,1087.275858,1104.865896,1091.146564,1092.652041,1095.708882,1089.779202,1084.967038],"1.18":[1139.628471,1156.909668,1143.662512,1145.131031,1148.401875,1147.019656,1140.803373,1153.118939,1165.105239,1149.726288],"1.19beta1":[1162.868563,1139.36985,1150.6452,1146.268557,1170.077878,1146.584161,1144.329731,1157.159904,1159.515536,1146.314001]}},"regexp_FindAllString":{"name":"regexp_FindAllString","build_times":{"1.17":[161.794793,162.814508,162.801007,161.389088,161.943096,167.990178,168.774988,159.895268,161.713592,168.372183],"1.18":[178.372428,172.152107,172.79832,175.319368,175.348669,176.654795,169.840363,191.568781,171.208389,169.235552],"1.19beta1":[312.253792,301.796747,310.072362,310.052061,302.659259,307.369524,301.140039,302.878562,305.928304,307.338524]},"run_times":{"1.17":[2338.301803,2355.375735,2373.309491,2350.156133,2336.590645,2351.577037,2343.14862,2353.692733,2342.760424,2344.034368],"1.18":[2376.521562,2343.397494,2346.472457,2353.47635,2355.963287,2339.100009,2375.434839,2348.779683,2366.323078,2358.809316],"1.19beta1":[2236.403686,2243.313009,2245.815518,2318.774834,2270.963026,2255.739051,2252.942865,2232.211236,2239.092451,2250.124323]}},"switch_case":{"name":"switch_case","build_times":{"1.17":[191.240583,192.85554,188.772197,199.416169,189.108109,194.157186,192.652133,194.413494,190.041541,193.333457],"1.18":[197.538057,198.120566,209.958962,196.354337,192.544375,190.208436,192.757978,194.566808,199.410988,197.308853],"1.19beta1":[366.092802,329.095127,330.692947,331.151453,335.193505,341.210883,330.247141,331.506958,335.57771,331.588759]},"run_times":{"1.17":[5205.340014,5209.300475,5206.936637,5205.949509,5201.111019,5209.738975,5202.681618,5202.699309,5199.865764,5202.517818],"1.18":[5723.513583,5724.13051,5723.995939,5723.766912,5724.019219,5725.149098,5721.27546,5726.752796,5724.424296,5724.949199],"1.19beta1":[3272.508724,3272.031687,3271.320758,3271.08189,3276.787968,3269.741406,3271.961792,3272.777071,3272.56547,3272.189865]}}}