{"Fibonacci":{"name":"Fibonacci","build_times":{"1.17":[162.663756,167.076207,181.229068,169.603836,164.287675,185.125713,173.126475,174.993197,174.004186,180.811763],"1.18":[180.954164,179.374346,181.882174,171.485356,183.678395,182.536481,178.754639,184.388503,183.905895,184.263697],"1.19beta1":[406.433892,419.028935,386.734469,382.35822,386.175763,386.771971,385.710558,360.372372,351.731374,363.460207],"1.19rc1":[186.60299,182.682942,206.796338,203.276695,195.136595,184.799768,183.704154,190.789942,197.753427,186.022584],"gotip":[179.82617,197.331971,196.574162,198.11338,194.225636,188.327967,194.165035,200.159803,195.019045,193.539227]},"run_times":{"1.17":[4837.372176,4836.363805,4875.059672,4894.44552,4868.259839,4799.62062,4848.020319,4784.000029,4729.027108,4834.090457],"1.18":[4815.720199,4788.900242,4848.381263,4855.001842,4730.64535,4869.662866,4798.233016,4839.293997,4866.042357,4800.7032],"1.19beta1":[4794.818035,4735.20491,4875.063215,4724.521736,4824.485733,4692.676578,4850.530887,4784.767135,4671.137646,4678.331318],"1.19rc1":[4646.122524,4593.572236,4462.891193,4694.23285,4455.011795,4474.062387,4449.734748,4745.667134,4641.577501,4620.967308],"gotip":[4828.832317,4832.503941,4624.453694,4599.648732,4664.430616,4645.077685,4753.528906,4734.765296,4635.642409,4643.592508]}},"MergeSort":{"name":"MergeSort","build_times":{"1.17":[165.925386,175.973199,170.146234,183.455484,171.322347,167.020198,178.045123,168.380513,169.302824,168.205811],"1.18":[168.433557,159.706656,183.629333,179.352584,164.42591,177.235159,163.240897,166.715237,165.658824,161.476177],"1.19beta1":[350.305329,354.648178,355.887992,350.342229,351.778745,379.124459,379.204461,347.058791,335.404757,335.014052],"1.19rc1":[191.870457,181.274393,200.089206,200.222907,193.229765,212.080679,208.748658,188.749238,194.313672,203.525927],"gotip":[270.815232,207.279825,211.04475,206.619821,207.88343,207.104524,195.598151,183.624574,180.300353,199.467576]},"run_times":{"1.17":[8375.237197,8263.174102,8144.164474,8279.601619,8550.628755,8490.684058,8456.549292,8005.149607,8010.387795,7853.245664],"1.18":[7513.885998,7405.709447,7328.350042,7353.42288,7298.812111,7266.05369,7560.405146,7556.858602,7683.762366,7268.238123],"1.19beta1":[9389.755097,9344.701007,9272.593664,9782.384055,9436.884995,9408.576102,9385.474677,9160.74095,9126.730744,9447.072503],"1.19rc1":[9685.304186,10048.944096,9587.754566,9746.139279,9344.041036,9655.7662,9514.204624,9710.504709,10231.145433,10377.61117],"gotip":[10789.02436,11008.75655,10769.660978,10040.401803,10976.860596,9899.824252,10077.236351,9720.826534,9906.446026,10294.067394]}},"Sort_Random":{"name":"Sort_Random","build_times":{"1.17":[209.891135,204.688675,206.544196,200.03152,194.577457,204.354371,221.478469,224.065299,201.384837,203.44986],"1.18":[208.297912,210.660842,208.487815,212.698369,216.517919,210.354139,214.668895,201.99853,208.005008,202.191933],"1.19beta1":[407.411486,418.496817,415.603883,407.880691,400.830709,405.360462,404.613554,409.740614,436.67193,412.381345],"1.19rc1":[217.864163,229.936205,242.160548,229.663202,227.614477,226.742867,222.018312,224.835045,222.330015,232.384533],"gotip":[212.708241,216.371183,223.574266,212.884044,217.8303,211.972833,203.766539,204.846151,202.774927,206.188367]},"run_times":{"1.17":[6150.341096,6129.202626,6057.500549,6109.488956,6082.471818,6136.135751,6114.633329,6110.025279,6067.339486,6076.562375],"1.18":[6042.466419,6019.531067,6137.823573,6142.442576,6193.828917,6066.218448,6111.987001,6052.736211,6169.702527,6075.525921],"1.19beta1":[6153.09139,6219.899222,6104.505875,6172.814234,6057.555311,6163.627529,6314.386263,6077.545131,6306.085411,6221.313918],"1.19rc1":[6158.684494,6140.554979,6137.838327,6171.467971,6141.619208,6256.576909,6197.206798,6202.543945,6174.641862,6191.020029],"gotip":[6152.691391,6205.284735,6183.002414,6196.256075,6187.626694,6149.870028,6139.017986,6176.784125,6235.002099,6233.8871]}},"Sort_Reversed":{"name":"Sort_Reversed","build_times":{"1.17":[191.068716,221.60687,183.142424,183.276126,170.449377,180.002888,179.452382,184.820143,192.372131,180.931498],"1.18":[179.98648,186.261453,176.960645,180.656588,168.78365,187.483367,176.461439,187.77317,182.371308,182.847313],"1.19beta1":[362.628704,366.290047,361.578192,348.359038,349.717155,347.69923,362.724705,356.794336,353.402597,345.207202],"1.19rc1":[196.401383,192.880843,195.060168,186.204366,196.178281,188.184388,191.049421,184.330443,180.936004,196.341183],"gotip":[182.484627,181.07041,174.370732,193.13745,177.145765,170.041681,175.493145,175.437244,185.32206,183.114734]},"run_times":{"1.17":[4756.413812,4782.091326,4754.438286,4765.317614,4763.5104,4838.194845,4562.287609,4611.876203,4583.840044,4739.621412],"1.18":[4739.181665,4806.007334,4522.395647,4575.730467,4500.791625,4501.798297,4482.598677,4642.186662,4711.203687,4578.72419],"1.19beta1":[461.594554,451.320647,467.289633,466.656727,471.925387,465.389212,442.531546,451.445349,449.109322,456.285006],"1.19rc1":[461.258263,464.837505,453.381671,456.357206,462.198384,460.127261,463.635703,455.330506,470.22838,448.537926],"gotip":[467.527747,463.168497,444.225276,452.816477,446.513103,442.586858,443.912573,436.344585,450.059446,454.385896]}},"TimeAfterFunc":{"name":"TimeAfterFunc","build_times":{"1.17":[253.061106,199.600187,190.031731,210.861054,216.006985,194.622158,208.45464,191.952142,205.402422,190.774335],"1.18":[586.287019,184.926758,198.60215,203.653685,194.442422,217.326278,199.040953,212.776047,200.669365,191.801504],"1.19beta1":[2301.479931,387.939846,409.721251,386.452832,382.070391,382.230028,394.782517,419.825559,429.281951,376.087536],"1.19rc1":[689.656047,235.05234,219.941071,230.932894,242.082419,238.025474,230.378788,219.503166,205.316306,211.706878],"gotip":[210.206426,190.800302,194.635146,193.883238,191.870314,191.207107,189.053281,203.347548,201.740931,194.935552]},"run_times":{"1.17":[6509.694197,6311.916008,6925.260743,6428.350425,7148.967046,7831.48912,6235.720152,6232.801283,6088.061288,6950.152736],"1.18":[4671.312164,4706.173599,7008.405899,4579.949803,7724.563224,4997.81458,7136.050678,4524.742023,7892.635785,4546.706272],"1.19beta1":[5517.257844,4924.939904,6029.70008,6686.137165,4418.847059,4642.697433,4998.902181,4763.959914,6774.987681,5898.803821],"1.19rc1":[5271.17349,6776.604776,5261.251,6322.359957,4871.738838,6960.878252,5657.219714,4923.367406,6789.546564,6657.641326],"gotip":[5341.337819,6948.914831,5907.210511,6984.937289,6461.24064,7020.454784,4997.198782,4558.405802,6426.810244,6806.770061]}},"alloc_1.5k":{"name":"alloc_1.5k","build_times":{"1.17":[181.36549,165.109502,154.683283,163.333082,152.431856,155.789795,165.966513,157.746317,149.458722,161.593162],"1.18":[157.447645,167.926737,160.918372,161.073974,152.296188,154.906513,164.676409,170.492166,164.365206,204.564598],"1.19beta1":[340.477251,353.7646,357.213239,381.035909,374.92814,376.654359,392.465647,381.763162,398.346751,374.271676],"1.19rc1":[196.124749,194.143626,191.457695,195.38874,213.491948,187.407348,184.102411,194.662334,204.987961,195.141148],"gotip":[197.736549,206.163245,200.744383,182.838479,196.894039,199.084364,187.875437,205.389736,197.01764,195.054018]},"run_times":{"1.17":[4204.617289,4090.88153,3984.528991,4103.301407,4088.650597,4133.357419,4120.298535,3914.618676,3807.327595,3797.748489],"1.18":[2829.015238,2738.597855,2819.324387,2875.162756,2787.965065,2792.169845,2827.907839,2841.778294,2814.084001,2868.947942],"1.19beta1":[3020.162804,2953.008637,2985.433802,2913.248774,2978.503417,2895.141995,2918.560861,2934.885502,2845.08292,2839.08485],"1.19rc1":[2720.397737,2771.966931,2769.805565,2630.999305,2764.620395,2788.245818,2806.126529,2877.500824,2955.714255,2887.243634],"gotip":[2936.66801,3065.131334,2978.956946,2917.467299,3184.247037,2882.597948,3050.24739,2998.318602,3059.404038,3073.840281]}},"regexp_Compile":{"name":"regexp_Compile",