{"CGO_CALL_C_FUNC":{"name":"CGO_CALL_C_FUNC","build_times":{"1.17":[764.084713,606.996356,582.8801,612.312424,556.422759,580.039818,591.23665,604.017874,595.531925,591.223444],"1.18":[627.959228,574.498924,604.24166,617.017589,594.613512,591.098611,633.275413,596.036101,612.765116,592.059421],"1.19":[758.433265,670.017012,659.871564,673.649794,644.265342,680.20126,676.435979,648.332321,635.399887,652.6315],"1.20rc2":[5185.924253,5062.603216,5121.226284,5162.018411,5114.514172,5108.338302,5128.082342,5047.127208,5117.662156,5058.832944],"gotip":[5137.152608,5120.90222,5171.699314,5080.012397,5161.33224,5203.490945,5133.990558,5317.36912,5144.367025,5029.134277]},"run_times":{"1.17":[4554.233773,4563.981855,4403.772884,4363.142185,4569.058264,4449.041666,4410.201434,4405.462594,4497.258422,4396.675293],"1.18":[4209.393417,4199.855113,4125.852434,4252.107557,4176.347774,4105.373025,4148.784306,4216.621817,4444.405854,4215.035088],"1.19":[4250.132407,4134.931725,4146.918881,4162.073551,4270.157296,4376.584627,4221.012091,4220.613042,4125.566806,4250.971145],"1.20rc2":[4168.465883,4161.986737,4212.163136,4238.983781,4165.133352,4202.226268,4203.269357,4185.655144,4222.203538,4209.742868],"gotip":[4206.5959,4158.862432,4141.405769,4251.26185,4478.327699,4348.613243,4323.696718,4372.634254,4262.990053,4315.40746]}},"Fibonacci":{"name":"Fibonacci","build_times":{"1.17":[185.265479,159.173279,165.990426,160.281771,153.026826,168.419708,165.670429,183.77849,162.570153,161.370362],"1.18":[166.316646,172.4618,177.546362,164.814258,159.042702,164.896957,174.111088,174.047089,178.063158,178.421555],"1.19":[200.987198,190.709065,190.45386,251.652773,220.487712,196.710893,202.42235,188.06566,191.99693,185.856977],"1.20rc2":[3740.883687,3705.090658,3716.29004,3721.633596,3659.247438,3733.893301,3736.340277,3898.85195,3747.592386,3705.932311],"gotip":[3884.07638,3775.370547,3710.529759,3592.779632,3675.686601,3651.367423,3666.830803,3683.869882,3637.017661,3687.593496]},"run_times":{"1.17":[4447.590183,4447.758811,4538.507926,4594.528649,4619.877467,4600.143351,4588.758367,4596.919431,4565.308171,4526.537398],"1.18":[4661.062475,4590.537225,4558.90618,4649.760289,4602.75346,4517.651859,4568.658815,4554.421716,4644.843511,4543.168276],"1.19":[4495.960475,4500.666986,4563.367116,4599.944337,4395.836326,4474.817388,4697.653261,4709.992878,4570.338366,4629.201164],"1.20rc2":[4470.692105,4481.332564,4466.99264,4506.809502,4573.440093,4488.697733,4506.517047,4574.927657,4505.865598,4530.002673],"gotip":[4471.704498,4477.560722,4509.420107,4441.86604,4397.527553,4518.528833,4519.67779,4491.530951,4440.143899,4495.465117]}},"Garbage_Collection":{"name":"Garbage_Collection","build_times":{"1.17":[191.444242,194.388226,188.416559,184.054483,172.00985,191.180144,176.182027,174.436436,178.816212,170.11696],"1.18":[198.208709,208.188954,186.091376,203.636279,202.251387,180.613106,180.561306,180.532306,186.754273,174.29374],"1.19":[188.489492,258.856954,190.482883,184.201713,203.901918,198.162946,186.7696,188.203194,187.552497,180.266932],"1.20rc2":[3888.147212,3887.825492,3800.090254,3736.903323,3701.490222,3768.717303,3678.677414,3790.413558,3882.575909,3692.350926],"gotip":[3724.472349,3750.227878,3744.078333,3773.645673,3750.428362,3686.659275,3807.616012,3758.544958,3661.956147,3731.77062]},"run_times":{"1.17":[7358.676711,7033.832481,7126.495855,7079.356755,7015.817441,7089.245718,7038.129936,6899.433012,6868.066754,7036.6543],"1.18":[7040.486602,7054.285337,7008.512735,6968.785427,7204.390419,7070.742752,7074.214135,6942.043674,7036.839565,7046.189006],"1.19":[7012.398631,7023.117689,6998.766499,6825.103321,6899.294531,6825.447652,7239.810124,6986.188595,7118.095178,7224.582217],"1.20rc2":[7651.503633,7598.933662,7642.956251,7650.841371,7645.791144,7558.33573,7739.892332,8087.321945,7901.717928,8004.016369],"gotip":[7823.044217,7961.204245,7884.517462,7977.377232,7859.433333,7793.434375,7735.447986,7726.770506,7795.059068,7679.04804]}},"Goroutine_Creation":{"name":"Goroutine_Creation","build_times":{"1.17":[232.990819,288.639836,225.172158,183.983967,183.44847,172.540825,176.473205,205.983655,204.497564,170.348437],"1.18":[188.304503,200.679638,179.260451,195.915463,187.227909,181.518239,192.56458,187.673606,185.23142,186.819311],"1.19":[177.023973,191.228643,192.627331,190.900446,178.129964,195.227706,202.391241,189.496159,184.220008,186.371787],"1.20rc2":[4028.170221,3735.578115,3691.985483,3753.561466,3802.06244,3827.961892,3793.851152,3830.670554,3760.530655,3784.900826],"gotip":[3966.518516,4065.618456,3831.49044,3869.808126,3864.836092,3941.01903,3864.973122,3917.653997,4010.092558,4017.15962]},"run_times":{"1.17":[6283.139642,6288.854838,6473.1445,6413.748676,6283.186678,6383.382307,6277.108028,6424.459719,6260.726948,6271.03439],"1.18":[6246.117133,6364.47464,6180.492583,6132.570553,6044.340796,6147.818837,6062.028738,6415.043443,6364.029667,6102.428095],"1.19":[6274.080274,6248.724991,6225.366859,6478.765945,6349.725065,6259.069894,6314.989781,6364.820713,6389.957618,6385.827591],"1.20rc2":[6552.126877,6383.893784,6377.583873,6476.699535,6410.828048,6327.442916,6514.404862,6407.434738,6550.374455,6584.828475],"gotip":[6669.462823,6561.401149,6517.826118,6519.13078,6486.278101,6509.518639,6439.194831,6295.35783,6447.152155,6587.910664]}},"MergeSort":{"name":"MergeSort","build_times":{"1.17":[199.538138,229.551132,216.75242,226.93755,167.428657,165.38537,170.443936,166.481864,167.603155,169.691941],"1.18":[203.798757,187.54684,184.311957,179.299982,168.722037,173.91781,181.460171,172.256319,169.622232,171.202523],"1.19":[197.153666,206.734911,183.651943,200.472347,189.027913,194.70888,193.681786,195.893174,184.383439,194.85768],"1.20rc2":[3606.517525,3593.275597,3669.541791,3656.66026,3625.946207,3637.30659,3640.083355,3791.790821,3782.413997,3666.586863],"gotip":[3957.266793,3769.096553,3797.970371,3799.460404,3674.701282,3643.288345,3695.83491,3706.472243,3972.772743,3752.05109]},"run_times":{"1.17":[8831.956306,8854.95585,9000.860189,9119.081,8923.015477,9598.260035,9054.929663,9230.284404,9162.704083,9282.88481],"1.18":[8029.992336,8042.529659,8082.254113,7920.141213,7990.405814,7897.184813,7692.45889,7881.982319,7889.038436,7744.970249],"1.19":[10041.685768,10371.137262,10334.940219,10125.883317,10050.124512,9969.920243,10198.636798,10114.208571,9847.942404,10302.772582],"1.20rc2":[11314.691869,11153.705643,10909.582633,11013.905391,11084.905209,11139.406392,10901.003002,11031.673781,10908.042461,10986.001513],"gotip":[11235.276049,11405.159456,11575.657801,11216.905266,11315.478793,11378.621948,11213.383781,11245.825596,11211.960759,11494.004525]}},"Sort_Random":{"name":"Sort_Random","build_times":{"1.17":[209.306942,217.849183,204.724773,201.918793,201.096899,210.282734,220.108566,210.884431,207.135357,219.54537],"1.18":[218.416315,197.523257,188.890215,226.849258,240.297966,205.499303,199.314944,203.805815,183.78095,192.882188],"1.19":[218.994339,200.849662,200.278958,206.727006,198.675471,197.826878,199.697763,214.666041,195.680695,206.21271],"1.20rc2":[4394.270067,4290.05863,4237.93422,4245.829975,4266.733916,4308.362171,4309.940644,4280.761502,4401.014681,4505.053923],"gotip":[4346.724097,4351.762383,4340.641998,4348.194899,4272.786182,4283.394868,4301.302156,4211.973718,4335.601038,4420.919067]},"run_times":{"1.17":[5753.469808,5731.870194,5756.577334,5771.050851,5779.856638,5931.904083,6065.965209,5807.650741,5898.510062,5768.004827],"1.18":[5765.2936,5794.972203,5752.674612,5847.891353,5694.128407,5739.618959,5842.829931,5768.465893,5787.75718,5724.367865],"1.19":[5844.771505,5859.19271,5840.238938,5881.123247,5952.473296,5812.180929,5888.369172,5823.17761,5874.798894,5840.838722],"1.20rc2":[5926.059116,5890.743216,5880.106002,6042.325592,6202.552908,6089.708527,6139.301211,6075.227972,5932.643874,6087.66351],"gotip":[5980.886709,5847.345417,5982.827166,5900.123697,6224.445325,5984.884617,5950.167001,6138.967378,5859.526992,5966.796709]}},