{"CGO_CALL_C_FUNC":{"name":"CGO_CALL_C_FUNC","build_times":{"1.18":[457.033918,442.746243,445.143622,446.366612,443.04084,438.853678,447.346391,442.905842,442.003056,444.896911],"1.19":[472.66586,461.822445,463.266941,462.871944,453.698219,461.933952,458.778178,457.803586,459.393872,460.088267],"1.20":[398.713957,399.660134,394.3955,397.556402,393.092644,397.98575,395.447162,398.107257,396.406732,396.991687],"gotip":[428.497421,427.554534,430.500278,433.502385,438.833173,428.772928,432.352349,432.191401,431.325394,430.370702]},"run_times":{"1.18":[3616.565566,3613.224345,3615.796006,3618.180372,3617.809047,3614.668142,3614.288663,3612.304978,3616.463263,3615.874885],"1.19":[3614.35722,3616.26796,3610.029935,3613.104953,3685.797522,3615.515046,3614.146858,3611.268765,3613.322455,3615.94011],"1.20":[3641.511892,3639.661738,3642.644231,3640.925145,3646.173878,3645.042041,3645.861745,3639.294304,3639.057018,3638.431942],"gotip":[3611.93906,3598.66011,3598.901421,3600.014578,3598.280361,3598.705835,3602.742347,3600.021968,3599.137491,3601.694207]}},"Fibonacci":{"name":"Fibonacci","build_times":{"1.18":[113.139168,138.525382,115.246343,114.34485,110.808677,110.684777,112.776961,113.04046,113.09416,113.742055],"1.19":[113.961751,106.07091,100.603851,104.014626,107.893997,103.718528,102.02434,100.567751,98.156069,103.822828],"1.20":[109.64659,104.565027,107.682697,109.055392,112.24107,101.650448,108.744495,106.733884,106.475667,107.218466],"gotip":[110.347687,105.266776,108.516564,108.728763,109.891102,108.371729,105.873122,110.775122,110.269,109.411443]},"run_times":{"1.18":[4801.46211,4794.641497,4795.366188,4794.772585,4796.13728,4795.506687,4798.139352,4795.205974,4794.846478,4794.844593],"1.19":[4791.054854,4791.571672,4792.42574,4791.257045,4790.729478,4791.495117,4793.694119,4791.315015,4794.209307,4791.010846],"1.20":[4794.145295,4791.154664,4790.941776,4790.434996,4793.290094,4790.477035,4790.278654,4790.987536,4790.429107,4790.209752],"gotip":[5208.931076,5205.163248,5204.183655,5203.322745,5204.980545,5204.852121,5203.792419,5204.331646,5203.952237,5204.21419]}},"Garbage_Collection":{"name":"Garbage_Collection","build_times":{"1.18":[118.752682,122.674451,119.584575,118.287585,123.668044,118.111786,115.292608,123.161747,119.832773,123.267647],"1.19":[99.904325,132.157175,104.49179,106.910571,99.694427,101.477113,101.999008,106.451974,110.482643,103.273599],"1.20":[111.662235,105.653392,109.459861,104.541814,108.704788,111.50946,107.50619,104.186617,111.957472,108.339289],"gotip":[112.859461,108.894195,114.561056,109.568499,108.479001,107.343404,110.908381,108.515196,114.167958,105.726916]},"run_times":{"1.18":[5179.432389,5177.745395,5172.083506,5147.655025,5172.663489,5154.49359,5155.420031,5143.427374,5158.57433,5171.94312],"1.19":[5224.584596,5222.767228,5949.292654,5192.033254,5777.781394,5177.378892,5189.992335,5189.332779,5186.374157,5190.085341],"1.20":[6173.640997,6120.817949,6106.413299,6128.244551,6086.865209,6088.120151,6102.25104,6123.401,6085.936199,6124.606339],"gotip":[6260.738073,6288.717702,6261.005399,6263.654988,6291.748437,6232.020197,6280.847884,6248.926435,6278.036875,6243.64764]}},"Goroutine_Creation":{"name":"Goroutine_Creation","build_times":{"1.18":[124.929757,124.879458,124.497962,120.132605,125.472752,124.336363,124.70626,132.596281,121.421493,123.213374],"1.19":[141.954148,113.135023,108.823164,106.916674,103.036112,105.301489,110.106044,104.508297,107.031373,110.890136],"1.20":[108.71694,111.359931,105.745984,112.227164,110.223785,109.324122,115.239445,109.999936,112.151224,114.464819],"gotip":[111.834246,109.16986,110.761241,111.684076,116.327995,114.242831,116.343014,110.75586,114.456232,111.914855]},"run_times":{"1.18":[5533.084559,5588.279365,5537.901418,5528.694753,5532.745605,5511.582981,5526.876938,5536.671215,5520.164326,5496.465563],"1.19":[9697.485989,9645.822906,9698.284947,9644.288247,9654.759427,9672.407368,9645.581546,9671.302792,9674.167315,9638.185541],"1.20":[9745.863579,9733.190382,9740.588644,9742.982889,9712.361255,9713.347231,9719.047999,9687.379937,9725.304336,9730.487323],"gotip":[5695.449825,5692.567936,5673.703551,5665.024109,5691.261062,5712.483661,5683.809538,5666.030679,5714.545281,5666.822344]}},"MergeSort":{"name":"MergeSort","build_times":{"1.18":[116.558688,113.390609,114.814699,115.189097,116.314788,117.669818,115.545834,118.733111,114.220045,114.604442],"1.19":[145.980621,102.372343,103.460534,106.64871,102.821938,122.467493,109.655088,103.97563,101.998345,104.602226],"1.20":[113.615561,110.755877,113.002257,112.388466,113.466758,110.63238,110.611763,110.699773,113.658682,113.871753],"gotip":[110.538525,116.615375,108.522683,109.102384,112.318461,114.307796,118.392752,110.768155,121.561121,115.684616]},"run_times":{"1.18":[5617.810292,5523.402023,5552.976122,5568.077508,5532.657649,5555.306396,5524.253272,5574.848082,5572.74176,5557.088645],"1.19":[7199.185885,7098.215981,7091.110621,7089.02328,7025.697401,7051.857287,7037.59883,7096.474872,7047.155643,7100.623493],"1.20":[7625.239891,7706.538227,7658.548821,7655.362076,7609.820771,7654.028039,7629.232889,7594.369188,7703.191785,7676.786807],"gotip":[7822.142845,7791.757781,7805.288694,7791.602287,7707.742691,7837.302732,7722.036288,7747.189501,7819.924753,7725.682636]}},"Sort_Random":{"name":"Sort_Random","build_times":{"1.18":[129.857881,136.839827,132.004765,132.49396,135.74963,134.668138,133.812045,126.952893,129.347276,139.660602],"1.19":[114.886587,108.292238,111.916309,110.468621,109.109832,115.057686,106.009657,110.886818,110.990817,109.561829],"1.20":[119.277123,120.193252,116.615324,117.843379,118.799708,125.683649,122.09238,120.534091,120.914491,119.248106],"gotip":[121.969906,122.136692,123.765498,120.142119,116.135755,120.563516,119.521614,120.697315,126.295264,124.818775]},"run_times":{"1.18":[5973.173647,5973.60356,5973.407559,5971.832531,5976.127434,5984.252137,5969.963796,5988.480368,5974.809575,5974.824769],"1.19":[5929.531871,5927.468471,5925.793769,5924.234392,5927.669395,5927.45946,5925.364831,5925.377861,5922.566552,5923.482105],"1.20":[6005.815663,6023.365981,6013.979933,6002.736604,6006.959558,6009.903826,5998.094048,6030.163179,6007.271008,5998.0601],"gotip":[5997.130757,5998.643836,5997.251805,5999.811912,5997.769059,5995.829004,5996.310888,5996.770989,5997.536056,5997.979166]}},"Sort_Reversed":{"name":"Sort_Reversed","build_times":{"1.18":[177.102018,120.452556,122.555936,125.765106,126.793796,126.017003,120.780952,121.795543,123.697925,126.840205],"1.19":[104.049345,114.651948,111.091681,101.788866,101.935064,105.487632,99.420887,104.860038,103.691848,108.474004],"1.20":[115.950809,107.011061,116.666904,112.410615,108.551673,112.672662,109.217887,112.0597,119.723015,108.499131],"gotip":[122.038538,110.965907,111.773006,110.715226,112.610208,118.240388,110.701536,107.679292,114.686817,112.631352]},"run_times":{"1.18":[3548.975156,3541.643926,3542.166657,3548.807783,3542.853511,3542.266036,3540.925772,3540.837473,3542.365543,3541.063608],"1.19":[360.031679,360.808368,366.495316,365.341427,360.334973,367.279109,367.019311,360.915267,364.457435,360.249374],"1.20":[361.500004,360.260614,361.862402,361.160507,361.749171,361.856762,362.449658,360.840571,362.020161,360.503874],"gotip":[363.255464,364.145858,363.571263,362.666269,362.57767,363.771461,362.803068,363.174665,363.635262,362.739458]}},"TimeAfterFunc":{"name":"TimeAfterFunc","build_times":{"1.18":[132.470544,140.415081,134.352829,134.608827,132.025948,137.010308,136.74031,132.676942,134.653027,136.026315],"1.19":[166.852993,125.290168,117.580238,117.807236,115.857253,122.711192,114.246468,121.8074,112.095587,116.045752],"1.20":[136.977678,120.122465,124.539006,122.355732,117.699188,118.109908,120.218393,119.503103,124.068408,121.405107],"gotip":[123.712417,120.622193,123.094234,121.847659,122.208154,131.005324,125.276736,115.55649,124.60485,129.859188]},