{"Fibonacci":{"name":"Fibonacci","build_times":{"1.17":[127.09932,128.205633,125.959806,139.071763,123.832881,131.29517,168.247812,121.731156,125.890905,122.528865],"1.18":[128.411951,136.962654,154.164261,127.900244,134.212221,130.625777,126.121723,125.952421,125.613617,133.211208],"1.19beta1":[275.428385,268.3333,265.347666,271.514338,267.476191,269.576116,272.879155,269.399113,266.031074,266.61068]},"run_times":{"1.17":[3902.233762,3904.887998,3901.687623,3909.727042,3900.709238,3900.455958,3902.298677,3905.935499,3900.932077,3901.237509],"1.18":[4010.850142,4011.554216,4011.688913,4011.412306,4012.032198,4010.184336,4010.502858,4012.912255,4010.811453,4011.589253],"1.19beta1":[4011.730774,4016.867908,4012.637336,4013.954794,4011.87987,4013.497133,4012.873069,4013.106428,4011.606678,4011.486393]}},"MergeSort":{"name":"MergeSort","build_times":{"1.17":[133.956069,128.640707,129.80052,137.906016,128.198302,137.709814,133.626477,130.131536,131.796156,129.473929],"1.18":[131.461796,128.901768,133.344717,138.867581,144.274442,138.760179,131.625698,130.529485,130.698188,132.538208],"1.19beta1":[266.944828,276.409353,275.42094,271.389094,285.069554,285.53726,276.356351,273.297516,271.9681,269.205568]},"run_times":{"1.17":[6070.365461,6047.850461,6026.017906,6059.710582,6129.127772,6117.58925,5943.0088,5972.090853,6011.872516,5923.616742],"1.18":[5828.742046,5774.924443,5804.773033,5725.847697,5722.780094,5838.013183,5893.518904,5817.934545,5764.883262,5753.62291],"1.19beta1":[7754.667741,7160.546542,7223.818194,7300.128761,7092.073687,7207.955962,7169.428441,7241.87051,7303.062236,7315.762121]}},"Sort_Random":{"name":"Sort_Random","build_times":{"1.17":[142.187048,150.571345,144.068474,145.423294,142.518759,139.447424,147.818521,145.704197,139.853828,140.558137],"1.18":[148.251017,151.738957,148.013314,145.730387,148.300518,149.38113,153.466477,149.237728,149.460731,151.424453],"1.19beta1":[292.99201,294.953334,280.763568,279.562555,287.008576,284.275644,286.673273,280.751302,279.66759,279.848993]},"run_times":{"1.17":[5011.112357,5012.607401,5011.932197,5011.584621,5010.966822,5010.969473,5016.003724,5013.493309,5012.141023,5011.240797],"1.18":[5026.649552,5032.126493,5032.518996,5028.847167,5023.854404,5030.034322,5029.416415,5028.478724,5029.13613,5030.694164],"1.19beta1":[5026.557431,5021.282224,5020.969304,5021.192783,5022.311881,5027.384752,5019.958594,5024.45665,5021.754638,5020.774603]}},"Sort_Reversed":{"name":"Sort_Reversed","build_times":{"1.17":[133.060521,129.751581,161.978174,136.428962,140.124308,140.117507,140.689714,134.478539,132.604616,131.470302],"1.18":[141.204273,136.780714,139.717353,137.393622,136.48771,154.381948,142.783894,142.046584,142.536791,137.820128],"1.19beta1":[271.194421,272.404835,275.101204,267.780328,274.324707,272.88599,269.62945,280.876786,279.50117,270.814465]},"run_times":{"1.17":[3709.256599,3709.490851,3708.452857,3708.074434,3711.824274,3711.008487,3709.768169,3708.398827,3711.879363,3707.938746],"1.18":[3573.15229,3574.247376,3574.512801,3574.709809,3576.699439,3574.196354,3575.143942,3575.551891,3574.815066,3573.674952],"1.19beta1":[369.11075,369.195851,369.96706,369.480454,369.013648,368.974549,369.310052,369.562255,370.78747,369.95096]}},"TimeAfterFunc":{"name":"TimeAfterFunc","build_times":{"1.17":[141.201709,145.012555,145.266358,146.180269,144.656051,144.373747,146.096368,146.081668,145.770565,146.998379],"1.18":[168.750277,153.6175,164.555128,156.055428,177.763683,154.958716,152.276684,149.229748,151.09297,157.405544],"1.19beta1":[315.341186,293.24626,285.885818,290.881147,287.98083,295.189971,297.132883,296.148491,284.193212,288.595564]},"run_times":{"1.17":[4430.265319,5240.544751,5023.815601,5063.473903,4377.220806,4393.864344,4718.805494,4667.235892,4560.22036,4528.13187],"1.18":[4666.776946,5344.171158,4087.923767,4637.677423,3905.080413,5224.913869,3802.3514,4537.437857,5408.218187,4688.971236],"1.19beta1":[5273.9159,5103.441105,4358.873606,4709.570243,5173.322257,4976.08555,4985.964057,5161.09985,5092.137996,5165.59567]}},"alloc_1.5k":{"name":"alloc_1.5k","build_times":{"1.17":[137.944464,123.48969,125.472314,127.030933,122.125674,124.548303,120.853458,122.347076,123.313788,120.19765],"1.18":[137.633637,130.646259,131.209265,138.201749,131.910273,130.139652,132.272278,140.145572,135.382015,130.014351],"1.19beta1":[271.404995,275.818446,281.611415,278.515678,264.638215,265.853929,273.473319,271.414294,271.680198,268.219657]},"run_times":{"1.17":[3176.134173,3201.288225,3183.511816,3211.321847,3208.211219,3198.684091,3177.306831,3203.693177,3174.354465,3196.470128],"1.18":[4347.702164,4347.942416,4347.690729,4348.575464,4345.907093,4346.206348,4347.065641,4348.030938,4346.387407,4347.782373],"1.19beta1":[4347.361431,4351.281072,4348.186275,4351.539363,4348.841084,4350.395194,4348.555112,4348.555128,4348.591274,4349.852423]}},"regexp_Compile":{"name":"regexp_Compile","build_times":{"1.17":[198.687897,163.787593,166.186221,155.904002,161.524467,157.50452,162.482578,155.362696,157.040815,168.476148],"1.18":[200.088711,165.016105,166.062318,166.23962,169.524857,159.371441,167.365032,168.070641,162.265774,167.464234],"1.19beta1":[306.732276,314.74607,299.777796,299.486392,298.965886,298.078676,295.548346,295.585347,295.289143,298.644474]},"run_times":{"1.17":[1099.231306,1091.82482,1094.579085,1093.160978,1097.136326,1090.697049,1090.238843,1096.457317,1093.643783,1092.191944],"1.18":[1166.831474,1146.096435,1146.216836,1144.310715,1144.83992,1142.07745,1148.840495,1145.081552,1142.806026,1137.111259],"1.19beta1":[1163.571781,1156.255596,1144.438259,1150.706732,1143.918653,1143.211745,1154.294481,1161.228211,1152.208706,1169.355005]}},"regexp_FindAllString":{"name":"regexp_FindAllString","build_times":{"1.17":[165.01582,166.274135,162.359089,160.505767,168.322259,162.230787,165.758329,171.08629,167.093645,168.917965],"1.18":[168.735183,168.686983,168.870685,169.493592,165.207242,165.473545,175.26016,165.86095,170.074399,164.377232],"1.19beta1":[304.809837,302.649612,311.659116,307.308166,305.163641,304.876637,304.485734,306.586958,306.615158,305.799149]},"run_times":{"1.17":[2343.279364,2364.265921,2376.402558,2345.177186,2357.300401,2390.982497,2351.890244,2344.779887,2344.022651,2334.573941],"1.18":[2360.768721,2374.187857,2352.305402,2355.078934,2362.185281,2364.842513,2371.700592,2380.630152,2370.557305,2362.127508],"1.19beta1":[2237.303064,2253.731655,2249.79381,2252.733507,2242.243784,2236.138513,2232.786175,2265.695859,2243.722104,2268.752495]}},"switch_case":{"name":"switch_case","build_times":{"1.17":[233.479215,191.103403,192.995627,191.58631,192.086415,191.983915,185.879141,188.220069,188.024266,198.943999],"1.18":[244.5077,192.362782,192.591484,201.847395,203.260811,217.132075,194.72221,193.803099,194.425106,194.415306],"1.19beta1":[332.736427,339.352905,345.664979,334.174532,331.523198,333.175217,326.749942,341.619216,338.103975,326.911344]},"run_times":{"1.17":[5207.440376,5202.130702,5210.771221,5199.786737,5201.589787,5202.955959,5206.414956,5198.225888,5205.772277,5209.949707],"1.18":[5722.590954,5722.434638,5725.082156,5723.074929,5721.604219,5723.193813,5723.857014,5721.919818,5722.677391,5723.288548],"1.19beta1":[3271.05086,3270.386556,3271.984799,3270.578582,3271.964176,3271.300488,3271.240795,3272.125719,3273.647437,3271.63995]}}}