{"Fibonacci":{"name":"Fibonacci","build_times":{"1.17":[141.716445,153.950544,144.783545,145.696006,143.997894,136.443901,136.72622,142.513998,141.963462,145.458489],"1.18":[159.506815,157.124348,149.560746,157.759686,155.891563,173.711736,152.216121,151.990006,157.515169,149.61865],"1.19beta1":[320.800104,326.254064,324.390542,339.573844,344.708084,305.16237,313.717036,305.91532,327.40234,318.128827]},"run_times":{"1.17":[4762.234684,4635.930203,4606.07836,4614.732789,4620.130015,4587.331369,4651.139141,4572.331182,4588.731485,4607.037715],"1.18":[4749.151054,4716.481689,4738.827591,4764.884335,4707.103073,4663.680893,4759.679545,4726.01055,4711.710235,4735.028169],"1.19beta1":[4697.982402,4771.854525,4727.217893,4750.085591,4752.978872,4781.329683,4753.973645,4791.784031,4737.424682,4747.782899]}},"MergeSort":{"name":"MergeSort","build_times":{"1.17":[149.940385,167.601238,154.221365,148.749507,201.043221,163.272755,150.705336,149.991988,146.593467,146.664272],"1.18":[163.587099,152.590974,158.942892,158.968094,155.546668,154.280485,154.156577,153.818554,154.249283,147.099911],"1.19beta1":[331.570652,321.045558,338.268893,319.490156,327.60239,330.948011,330.800101,328.20533,330.277767,331.904874]},"run_times":{"1.17":[7074.655821,7148.77563,7037.328868,7076.342376,7209.139559,7128.23162,7040.539192,7197.94474,7022.736079,7101.99523],"1.18":[6771.824041,6791.410542,6807.147846,6949.73879,6790.623463,6859.365672,6969.407398,6832.264129,6808.331472,6837.551176],"1.19beta1":[8669.794438,8700.933403,8542.271531,8563.911805,8389.853933,8554.382876,8571.435918,8524.649786,8702.924698,8530.51587]}},"Sort (Random)":{"name":"Sort (Random)","build_times":{"1.17":[168.729652,162.818765,168.747453,167.01154,166.764223,164.400969,180.927051,174.131106,164.161953,170.311456],"1.18":[176.18321,185.583624,173.291521,186.212565,184.478952,192.151654,172.477167,177.022564,176.626439,185.409813],"1.19beta1":[340.999039,353.784276,330.760669,342.033907,348.936159,338.597582,333.705761,346.353679,331.29069,322.820136]},"run_times":{"1.17":[5931.698003,5908.075591,6081.480709,5923.615743,5889.505539,5903.834582,5917.473408,5966.58971,5910.494638,5963.439509],"1.18":[5965.309756,5989.055062,5949.329108,5950.543353,5931.271831,5883.352511,5939.932822,5880.323532,5887.595062,6115.612799],"1.19beta1":[5933.525385,5962.241912,5982.716238,5967.937679,6020.002955,6012.423363,6141.71823,5964.19361,6020.504929,5987.724543]}},"Sort (Reversed)":{"name":"Sort (Reversed)","build_times":{"1.17":[166.221659,160.069857,155.21724,172.322357,157.711803,156.108098,154.305481,156.190203,153.638937,157.232672],"1.18":[174.705882,170.559209,169.232622,161.59142,160.952778,165.567581,163.559949,166.60685,165.610484,167.867732],"1.19beta1":[330.274342,341.895199,333.028313,329.219462,341.560375,335.152153,334.281596,331.92724,328.595822,342.112511]},"run_times":{"1.17":[4397.637824,4585.565667,4402.553307,4626.928754,4549.742724,4424.425894,4475.072712,4425.757816,4423.552373,4577.717142],"1.18":[4273.849285,4247.013684,4224.293588,4224.583003,4275.823368,4286.031038,4231.432337,4238.956397,4231.638182,4446.437416],"1.19beta1":[441.537553,441.559155,445.408508,443.044052,470.014427,465.407423,454.805026,448.902738,447.27003,438.369044]}},"alloc_1.5k":{"name":"alloc_1.5k","build_times":{"1.17":[145.989747,143.756818,141.497088,144.183243,144.538663,150.049982,140.966057,144.13514,146.357168,143.768519],"1.18":[156.598077,152.585901,161.182292,159.575482,179.293939,154.795153,147.002917,159.153452,147.552654,144.959876],"1.19beta1":[350.925589,338.252465,331.057698,348.472129,344.894597,330.405856,333.85968,321.914204,315.487287,315.980619]},"run_times":{"1.17":[3902.27244,3817.527242,3884.841158,3887.989574,3807.215266,3838.731021,3953.618575,3857.658814,3893.492753,3852.262809],"1.18":[5163.927538,5170.792483,5255.842733,5124.783293,5102.08983,5109.749711,5330.880818,5146.582179,5161.449981,5200.931691],"1.19beta1":[5135.866325,5343.735252,5180.715882,5129.931412,5173.840974,5112.627825,5074.522443,5142.246462,5212.735378,5144.989698]}},"regexp (Compile)":{"name":"regexp (Compile)","build_times":{"1.17":[199.310128,189.520683,192.219361,199.540743,180.125765,191.151791,205.843358,191.569118,190.489147,190.133624],"1.18":[207.84088,201.664474,190.65525,187.18032,191.203286,185.935339,195.868592,193.972168,186.681788,193.103611],"1.19beta1":[354.272999,346.422682,352.116357,351.885342,353.491047,360.410803,358.343367,360.948038,363.979737,350.017319]},"run_times":{"1.17":[1324.093615,1327.755756,1341.802601,1314.961658,1322.76607,1316.119735,1321.483386,1310.385959,1305.695372,1313.344047],"1.18":[1397.188666,1416.409831,1422.219513,1387.482533,1384.989669,1417.583815,1384.293924,1371.875606,1413.399626,1455.399916],"1.19beta1":[1433.939304,1415.999721,1402.713395,1417.834688,1384.912424,1419.326086,1379.347559,1444.357418,1481.505642,1375.272083]}},"switch-case":{"name":"switch-case","build_times":{"1.17":[224.9236,229.804421,261.979873,230.009304,234.394694,238.639274,231.492401,228.671616,225.4101,238.109539],"1.18":[236.644691,260.755266,234.715353,233.47147,227.010645,232.133783,231.595147,227.272962,254.512456,226.547315],"1.19beta1":[400.836044,408.683965,399.16217,397.74018,396.575803,403.980697,402.309885,380.205409,403.176444,393.40029]},"run_times":{"1.17":[6378.357979,6234.554791,6189.274848,6247.570995,6203.468252,6193.671282,6205.088725,6183.61409,6248.036805,6211.835835],"1.18":[7029.765563,6833.175633,6831.170434,6820.814255,6845.355132,6809.008901,7025.963055,6799.785825,6753.360122,6933.365341],"1.19beta1":[3874.093901,3894.101426,3897.53403,3906.613533,3956.709287,3858.08566,3903.039405,3885.924661,3872.405738,3893.614283]}}}