{"CGO_CALL_C_FUNC":{"name":"CGO_CALL_C_FUNC","build_times":{"1.17":[521.794045,477.13565,474.409496,487.57566,482.39319,481.117665,481.629175,483.735311,481.116266,484.856031],"1.18":[529.941079,510.606233,492.988817,500.028044,499.357932,494.873251,500.629254,498.69872,495.606265,497.145092],"1.19":[548.996591,543.148286,531.583181,538.869611,532.587498,536.700972,533.23201,528.544526,531.778285,532.6681],"1.20rc1":[4131.272977,4036.647535,4090.891852,4047.313597,4042.658235,4039.477595,3980.256149,3957.017209,3933.387446,3929.910066],"gotip":[4025.629086,3985.764864,3979.919797,4020.197661,4027.394539,4061.682211,3973.291838,3981.452019,3966.927089,3968.79744]},"run_times":{"1.17":[3891.484472,3871.688375,3873.064056,3870.19646,3871.052149,3869.120864,3876.253661,3870.066466,3873.229769,3871.87205],"1.18":[3527.544113,3513.565007,3517.968538,3519.123876,3517.047236,3517.024069,3515.128435,3520.26215,3519.04474,3514.897372],"1.19":[3542.120303,3543.185109,3542.900688,3541.691248,3542.367058,3542.87645,3543.577062,3546.086446,3541.558154,3542.374107],"1.20rc1":[3552.416101,3553.610679,3553.531542,3555.157949,3554.674351,3556.956693,3554.572096,3555.857389,3556.544103,3555.639913],"gotip":[3554.68252,3557.59701,3554.427574,3557.940967,3559.768899,3553.756691,3557.881649,3555.318149,3557.230594,3556.00922]}},"Fibonacci":{"name":"Fibonacci","build_times":{"1.17":[134.683403,144.639781,128.061185,129.083404,131.138039,125.344937,129.265906,128.812399,125.152933,132.496564],"1.18":[138.881988,132.745178,144.58929,143.624173,132.505974,137.27746,131.77776,133.973501,133.463691,132.470473],"1.19":[151.261992,148.307334,154.282849,151.7131,152.146208,144.91397,149.606859,147.625122,146.651903,147.491119],"1.20rc1":[2806.550361,2816.219509,2819.433311,2829.577902,2871.735004,2761.266553,2831.296976,2803.26974,2823.368656,2837.695836],"gotip":[2794.1113,2802.89571,2835.32513,2741.220181,2831.578532,2752.104999,2780.988668,2859.283981,2817.825586,2797.087514]},"run_times":{"1.17":[3903.026241,3902.168562,3901.884621,3902.42937,3900.187811,3900.393374,3902.777323,3904.378429,3902.533224,3902.971816],"1.18":[4011.229461,4015.518788,4013.020855,4012.816591,4018.561403,4012.475324,4015.956041,4013.499043,4011.919391,4012.489055],"1.19":[3901.097158,3902.044489,3904.417166,3902.965498,3904.123093,3901.579586,3901.695699,3902.808463,3905.084507,3902.910926],"1.20rc1":[3902.097244,3905.540839,3918.902969,3904.258328,3903.991921,3903.724906,3906.841347,3900.926794,3918.141469,3911.940005],"gotip":[3914.171926,3901.361786,3901.322757,3908.243131,3901.794727,3900.722049,3902.228269,3900.961031,3916.269013,3910.352623]}},"Garbage_Collection":{"name":"Garbage_Collection","build_times":{"1.17":[196.911964,171.264973,165.357161,140.546787,143.672546,130.038886,132.924541,136.57181,136.216304,140.277182],"1.18":[141.240045,142.010259,147.542463,141.530751,151.156831,147.574764,135.917945,137.357872,139.773818,142.207763],"1.19":[147.291032,141.704928,147.229831,142.452942,140.871113,144.313976,140.68541,141.795424,151.863907,147.083019],"1.20rc1":[2830.652837,2848.804263,2794.517466,2826.588378,2796.945031,2811.307835,2876.303712,2818.717652,2805.982817,2891.066479],"gotip":[2819.360378,2870.995324,2873.164134,2844.58661,2968.966257,2917.065613,2866.433488,2845.686951,2785.281791,2830.251614]},"run_times":{"1.17":[5681.099812,5724.967817,5663.894606,5633.743214,5726.15637,5586.07717,5715.879487,5590.49709,5681.956061,5684.201477],"1.18":[5697.076997,5722.460852,5700.913799,5694.484124,5765.744166,6155.717769,5713.581616,5677.383882,5688.754244,5689.752326],"1.19":[5605.139226,5543.392774,5600.779611,5589.935523,5587.400555,5545.939156,5570.032167,5548.100908,5577.053384,5566.518573],"1.20rc1":[6227.420268,6216.814436,6189.164952,6192.569643,6228.497459,6213.782607,6217.682756,6188.499892,6208.574763,6253.017914],"gotip":[6227.176597,6242.720708,6218.976815,6241.143293,6223.682354,6219.468899,6202.670099,6175.144757,6193.471399,6222.256563]}},"Goroutine_Creation":{"name":"Goroutine_Creation","build_times":{"1.17":[197.099401,148.544838,140.748999,137.583944,146.742606,144.120059,141.862619,145.673187,142.633433,143.226744],"1.18":[143.472894,146.143242,148.155279,145.625433,143.312891,146.588651,145.763136,150.839628,152.167751,154.131687],"1.19":[156.948287,142.982339,152.970116,156.431477,145.440482,148.857843,142.346928,152.225802,153.495626,145.743687],"1.20rc1":[2957.394549,2955.504689,2965.906778,2956.117484,2911.398598,2873.118494,2956.90338,2924.222406,2910.608759,2908.719666],"gotip":[3005.488944,2886.593481,2921.536995,2917.597624,2927.380566,2901.227063,2913.453184,2913.521906,2865.646345,2928.856781]},"run_times":{"1.17":[8847.850431,8840.520135,8967.845991,8978.784051,8911.499833,8933.153057,8908.295309,8791.505406,8843.352571,8794.914633],"1.18":[5201.704963,5122.520505,5138.038882,5170.557938,5152.059462,5197.370139,5220.080804,5096.834598,5163.886345,5162.685697],"1.19":[8815.089571,8781.527301,8783.102608,8786.935806,8778.197096,8753.577524,8768.265981,8767.188672,8770.330101,8778.082597],"1.20rc1":[8849.132628,8802.520528,8810.309141,8807.641486,8821.161233,8794.034702,8820.961104,8835.173023,8807.989871,8854.555127],"gotip":[8846.156543,8808.985268,8811.051854,8840.941041,8865.035709,8808.083943,8897.717133,8877.892318,8844.697584,8817.142256]}},"MergeSort":{"name":"MergeSort","build_times":{"1.17":[138.264203,142.676482,138.544707,148.157182,132.684301,131.618582,138.755711,139.027916,141.027252,130.784067],"1.18":[140.378938,137.435481,144.05651,145.536539,140.617343,142.477079,138.154295,148.717501,138.593403,141.168954],"1.19":[148.771672,143.087863,160.796312,150.76008,151.631697,147.637923,151.957603,149.562458,145.432082,145.475783],"1.20rc1":[2908.831488,2842.404408,2846.978596,2782.417781,2869.778625,2784.704343,2868.162206,2859.506087,2798.007791,2817.594654],"gotip":[2784.066437,2829.454485,2800.289042,2806.869809,2819.292314,2806.157673,2777.548662,2781.035439,2854.412542,2788.503292]},"run_times":{"1.17":[6750.70778,6626.153343,6481.567636,6641.271088,6627.17071,6805.03848,6632.943213,6544.37705,6590.629069,6745.731033],"1.18":[5752.807265,5809.542254,5887.090183,5811.6158,5764.455553,5836.009342,5799.909428,5833.299228,5819.205666,5784.759086],"1.19":[7467.48924,7483.927038,7502.24661,7446.119704,7434.032296,7407.859614,7426.395601,7507.207334,7489.121236,7525.133255],"1.20rc1":[8668.661232,8575.2415,8587.340765,8569.412325,8491.228757,8691.951611,8518.625204,8688.342249,8584.28435,8660.516207],"gotip":[8674.999529,8856.352299,8842.869622,8814.839382,8894.676334,8737.442446,8879.859535,8685.718705,9018.015156,8733.808418]}},"Sort_Random":{"name":"Sort_Random","build_times":{"1.17":[158.43716,149.359497,150.777222,146.133741,159.625184,155.819416,151.029029,151.175231,148.793089,157.681749],"1.18":[163.567756,157.270341,154.236987,195.448331,156.524928,150.320515,161.354516,154.46509,161.338315,152.432054],"1.19":[154.064482,163.644554,150.565318,163.912559,155.388205,154.308285,149.450396,155.938612,155.2684,154.521986],"1.20rc1":[3252.157192,3273.643732,3274.617746,3253.770381,3289.737765,3259.368116,3235.586727,3300.120558,3279.92915,3252.907623],"gotip":[3290.15614,3334.80877,3324.479082,3267.53035,3315.352814,3264.827406,3270.84134,3310.533814,3242.782017,3241.812099]},"run_times":{"1.17":[5018.367379,5016.305647,5012.595985,5017.536405,5013.267609,5013.205879,5014.711867,5016.505793,5012.431527,5011.789972],"1.18":[5047.693085,5048.388978,5043.616898,5045.566573,5044.038012,5045.264901,5047.092142,5041.870557,5043.926719,5049.224952],"1.19":[5091.861036,5090.645453,5079.420003,5079.692543,5084.5199,5083.38081,5084.209832,5082.864488,5093.341467,5091.067479],"1.20rc1":[5080.243887,5078.947115,5078.260316,5080.642074,5079.503475,5088.17064,5077.355153,5081.917765,5078.706269,5079.261743],"gotip":[5081.09923,5077.447507,5083.66678,5079.722968,5077.558469,5078.068728,5083.967726,5078.258626,5080.05702,5078.592096]}},