{"Fibonacci":{"name":"Fibonacci","build_times":{"1.17":[143.664845,160.146603,157.927068,150.661255,149.910743,151.782372,164.907577,147.843411,159.252289,144.60456],"1.18":[151.109406,150.344995,150.659499,153.731342,157.896601,152.210521,153.811043,153.986246,153.248935,163.729682],"1.19beta1":[328.907577,330.260898,304.338505,326.463741,330.200696,328.624273,318.671822,329.866491,322.337878,331.10121]},"run_times":{"1.17":[4679.546433,4683.264544,4687.277167,4683.743265,4690.682902,4683.936521,4695.341506,4678.946915,4676.140422,4682.353333],"1.18":[4813.798835,4820.764772,4814.862487,4806.378643,4823.193922,4804.834697,4808.583528,4829.422831,4802.864579,4824.529578],"1.19beta1":[4815.211842,4805.279289,4805.247406,4844.917622,4821.907667,4809.870049,4814.066548,4828.688143,4807.780899,4796.662102]}},"MergeSort":{"name":"MergeSort","build_times":{"1.17":[151.346479,150.251261,167.744325,190.66047,155.41444,162.11524,156.381847,155.764537,141.841627,152.984295],"1.18":[160.8305,149.619832,161.776713,165.079462,154.256502,153.840895,157.865255,156.770238,153.184286,152.445074],"1.19beta1":[340.321606,339.658596,338.54528,346.894699,335.769541,337.914172,336.271249,324.740986,317.546484,320.508526]},"run_times":{"1.17":[7217.994567,7268.758685,7331.540591,7314.949503,7155.899784,7235.555369,7257.892623,7329.07425,7297.581644,7170.740129],"1.18":[7548.905783,7580.872083,7496.172648,7374.022177,7111.562313,6780.753586,6951.620272,7289.05948,7463.394895,7174.899824],"1.19beta1":[8360.416168,8415.248042,8347.215526,9015.766009,8935.870089,8858.633322,8932.566492,8558.112871,8370.727386,8511.816206]}},"Sort_Random":{"name":"Sort_Random","build_times":{"1.17":[178.739893,173.393725,170.834092,174.308836,172.419112,175.116147,176.523864,180.891321,169.395173,170.286685],"1.18":[173.240084,189.795064,173.854891,178.109037,174.6086,177.873634,185.220215,180.906267,177.142127,176.825123],"1.19beta1":[342.11672,360.422767,349.644321,349.252216,342.510225,349.099614,365.072229,350.944739,346.715781,349.588321]},"run_times":{"1.17":[6006.582404,6020.001949,6012.771265,6016.96249,6014.753246,6012.102405,5997.358462,6004.009188,6028.61894,6011.877819],"1.18":[6013.503481,6023.761496,6090.905483,6014.781603,6014.954145,6015.922599,6023.571949,6034.561294,6036.454508,6023.7093],"1.19beta1":[6069.455811,6063.161719,6035.925241,6055.522673,6053.323913,6021.780424,6029.933537,6067.357487,6028.94987,6036.296791]}},"Sort_Reversed":{"name":"Sort_Reversed","build_times":{"1.17":[154.905678,168.932866,160.847158,162.52188,156.593801,155.902192,155.75789,161.477966,155.974693,156.349098],"1.18":[175.374314,164.732873,162.633546,172.766279,168.079417,174.869807,168.425321,168.959429,166.02299,170.252246],"1.19beta1":[332.663069,378.469967,360.859698,357.616349,338.750262,336.01712,335.188207,331.312948,339.25347,344.527549]},"run_times":{"1.17":[4447.347469,4460.598416,4450.772006,4457.708086,4449.873994,4456.066858,4457.230092,4451.933105,4444.415954,4452.663145],"1.18":[4295.389462,4294.189231,4323.426156,4286.177743,4277.729813,4214.293231,4299.577066,4295.837979,4295.370959,4297.093175],"1.19beta1":[443.399138,444.629232,444.364929,455.750601,445.669248,455.750701,454.983089,443.569316,460.251369,450.587423]}},"alloc_1.5k":{"name":"alloc_1.5k","build_times":{"1.17":[138.06757,144.343414,144.963419,148.886946,146.5791,142.620538,147.79442,146.140194,145.434182,174.405938],"1.18":[157.424923,161.144585,167.008682,155.46999,155.341988,162.63611,157.296821,150.736912,153.693261,153.017649],"1.19beta1":[352.929436,340.486525,323.234772,321.485357,336.117786,327.532752,336.735161,338.832895,342.117846,345.267197]},"run_times":{"1.17":[3944.517652,3947.173742,3933.141531,3869.980772,3914.686435,3905.26,4068.380409,3867.259691,3867.514602,3892.877564],"1.18":[5224.926386,5221.663333,5224.632309,5222.044309,5228.953062,5221.439045,5234.126806,5216.949507,5264.802183,5218.04537],"1.19beta1":[5220.088164,5230.76755,5229.730054,5236.547621,5228.297004,5226.689941,5219.374492,5220.439136,5212.742558,5238.46054]}},"regexp_Compile":{"name":"regexp_Compile","build_times":{"1.17":[201.416763,202.516479,203.212389,203.028986,207.316645,192.628243,193.004848,192.692144,192.211238,191.365626],"1.18":[204.161239,203.821735,199.90168,198.455161,196.702035,195.070014,207.743789,202.639218,198.805066,198.568561],"1.19beta1":[365.926788,366.574898,366.679298,362.004834,364.889474,379.206673,354.853835,371.619067,366.917502,367.809915]},"run_times":{"1.17":[1327.022178,1325.00624,1309.769734,1313.050679,1322.251803,1323.998027,1333.426187,1325.130431,1327.139159,1338.728819],"1.18":[1457.575073,1429.581681,1404.037725,1418.73323,1397.470834,1403.207314,1388.991016,1409.266596,1435.676464,1410.21601],"1.19beta1":[1431.038402,1414.52969,1403.360897,1397.928388,1382.858881,1416.97794,1439.330865,1446.885063,1426.308998,1435.249813]}},"switch_case":{"name":"switch_case","build_times":{"1.17":[242.931678,234.506851,241.677059,240.266638,239.087321,239.257822,231.969513,231.354903,234.751754,244.454002],"1.18":[244.004548,235.402698,236.190211,234.991791,231.589731,229.777099,229.080488,240.991995,229.447394,234.572583],"1.19beta1":[425.594584,397.006207,391.10671,404.821338,385.539517,401.709286,393.850855,379.942424,394.820971,384.732704]},"run_times":{"1.17":[6223.176683,6078.29753,6056.294284,6162.544689,6195.132181,6207.345681,6190.881641,6058.282371,6174.299898,6171.715272],"1.18":[6792.211405,6803.720543,6816.118803,6775.176536,6810.937477,6799.005898,6781.449089,6801.341186,6800.650656,6811.281226],"1.19beta1":[3908.204738,3910.277551,3892.405687,3890.060887,3872.489337,3894.108419,3874.25937,3888.53334,3897.431384,3880.69509]}}}