{"Fibonacci":{"name":"Fibonacci","build_times":{"1.17":[118.933849,122.124421,123.45901,120.543435,121.004531,136.661793,136.125597,117.407363,116.911067,116.867567],"1.18":[121.900685,125.250662,125.328261,128.693239,123.146176,132.731112,127.480647,125.44606,126.486554,126.361755],"1.19beta1":[264.89608,269.701827,271.660323,268.622542,259.7559,266.150258,262.063885,266.559356,266.670955,264.139671]},"run_times":{"1.17":[4792.072694,4792.595606,4793.158096,4792.190788,4792.911986,4791.163393,4790.924409,4791.51063,4790.974574,4790.970644],"1.18":[4803.570538,4800.131254,4797.218674,4796.996975,4808.981464,4796.922171,4796.697836,4799.193394,4796.463938,4795.891105],"1.19beta1":[4801.38818,4796.546859,4796.004257,4795.511375,4796.508864,4795.891815,4800.858685,4795.692058,4796.440338,4798.202682]}},"MergeSort":{"name":"MergeSort","build_times":{"1.17":[127.991617,135.139079,127.298521,123.309442,125.191432,125.58133,121.518351,125.181932,130.227506,122.725645],"1.18":[132.235347,134.992733,131.746849,129.49526,138.170917,132.273247,128.104367,132.663044,132.163647,131.52765],"1.19beta1":[266.44895,270.351933,269.938235,270.490052,270.656252,266.45007,271.15105,267.945664,269.016059,272.811242]},"run_times":{"1.17":[5921.198955,5923.557233,5795.813705,5911.7861,5823.159768,5930.98859,5836.528808,5813.447913,5776.433439,5898.627754],"1.18":[5598.129856,5568.468002,5569.238805,5581.103271,5571.739405,5551.42396,5612.765028,5567.288284,5608.427605,5624.98252],"1.19beta1":[6840.799935,6968.025377,6883.529804,6946.569231,6887.939765,6971.416064,6924.154518,6876.935051,6985.742083,6889.824926]}},"Sort_Random":{"name":"Sort_Random","build_times":{"1.17":[155.304465,141.422475,142.10737,141.037178,143.034763,136.630713,146.161437,144.64245,142.248269,141.767972],"1.18":[146.26367,144.837393,144.677895,151.866065,144.875703,148.312947,145.916786,149.529627,146.403778,148.909836],"1.19beta1":[305.131312,283.72797,276.081396,287.987999,284.059063,288.397792,286.252727,282.899883,286.10383,298.528522]},"run_times":{"1.17":[6134.723345,6091.91823,6100.980584,6091.306093,6087.977665,6091.763578,6088.766152,6096.183973,6093.627515,6093.060443],"1.18":[5991.958279,5977.28928,5991.320231,5991.497631,5976.432769,6039.959327,6025.051507,5977.527975,5989.11192,5986.755698],"1.19beta1":[5933.37559,5943.295124,5956.311661,5924.006146,5930.046023,5926.965859,5944.94839,5959.092239,5915.420991,5921.031393]}},"Sort_Reversed":{"name":"Sort_Reversed","build_times":{"1.17":[130.912471,129.94828,143.430363,130.322877,128.357393,150.8068,146.893634,131.00527,130.372376,133.308451],"1.18":[150.223211,132.824196,136.383257,139.547625,135.377768,138.382237,137.456346,137.11925,139.350227,139.533624],"1.19beta1":[274.169191,273.651699,302.712016,276.341063,275.519174,272.505313,273.478901,271.040133,270.45404,273.348501]},"run_times":{"1.17":[3659.655065,3639.950585,3640.509564,3648.363151,3641.612643,3637.60913,3646.659722,3650.383499,3638.262155,3639.641644],"1.18":[3540.613787,3547.122983,3548.279718,3540.928583,3545.040119,3546.458669,3544.771286,3542.921085,3543.025549,3545.71795],"1.19beta1":[395.083891,396.24338,396.22558,392.329917,397.611167,396.135181,397.873264,397.057872,394.284298,394.900393]}},"TimeAfterFunc":{"name":"TimeAfterFunc","build_times":{"1.17":[178.33079,254.750443,355.772291,389.992784,139.939171,143.80643,142.108047,141.595554,143.514032,146.602899],"1.18":[343.78189,162.718139,160.899458,160.572061,153.79003,153.246735,151.140457,154.197026,155.663311,157.473593],"1.19beta1":[893.732471,280.248712,283.761474,282.160092,279.48522,285.019161,287.143438,278.476731,282.058892,281.3865]},"run_times":{"1.17":[4353.235451,3984.464744,5113.090832,4747.241175,4734.708736,4898.16945,4221.398382,4495.154571,4248.640216,3799.697212],"1.18":[2948.489815,2802.720807,4439.932842,3944.07126,4504.152337,3549.282554,4315.433739,5740.062681,5120.137107,4021.992752],"1.19beta1":[4974.686355,4746.442661,4182.153614,4614.219663,4191.647306,5338.270419,5569.767639,4500.112855,4874.547353,4116.218907]}},"alloc_1.5k":{"name":"alloc_1.5k","build_times":{"1.17":[124.902044,116.064547,123.898556,118.104323,118.238121,114.894761,121.643781,120.699193,123.51846,117.680428],"1.18":[129.552148,124.429195,131.58383,130.673639,131.595031,121.144223,123.488003,125.911981,133.151217,128.358059],"1.19beta1":[265.970642,281.33,283.254682,266.300939,262.746071,265.491851,267.424135,270.277908,269.465216,267.97853]},"run_times":{"1.17":[3695.621288,3681.186982,3677.898821,3669.103694,3671.401589,3678.481042,3680.257044,3683.543306,3689.474076,3680.42402],"1.18":[5215.428155,5217.141371,5222.533787,5218.312712,5217.949569,5217.866615,5218.031615,5217.119173,5219.07301,5218.883865],"1.19beta1":[5219.729984,5218.148633,5221.581859,5220.76,5220.373188,5217.443981,5218.242896,5217.352344,5218.044073,5217.054521]}},"regexp_Compile":{"name":"regexp_Compile","build_times":{"1.17":[202.054274,152.9127,158.383874,153.030999,161.496559,159.223671,152.257575,151.88657,161.135803,157.558409],"1.18":[186.056831,161.768648,164.274126,162.027747,162.751939,163.943029,161.522151,158.542978,166.239508,162.74764],"1.19beta1":[304.542393,297.562249,297.559248,292.560692,292.416594,297.884146,296.660456,294.786773,288.736727,291.112505]},"run_times":{"1.17":[1067.883558,1060.767052,1067.375814,1067.451815,1068.25441,1064.182132,1064.867077,1062.504372,1088.357736,1064.555648],"1.18":[1104.770488,1109.416146,1109.861886,1106.403168,1106.721365,1107.710456,1101.482009,1104.960679,1100.553717,1104.779481],"1.19beta1":[1125.007674,1130.99442,1144.033605,1140.289637,1108.505844,1122.881939,1123.555332,1130.925767,1121.220153,1126.349208]}},"regexp_FindAllString":{"name":"regexp_FindAllString","build_times":{"1.17":[161.518167,162.981755,155.913816,158.832591,162.584758,158.705092,161.113571,159.174888,161.216369,158.008999],"1.18":[197.993843,171.805962,164.317425,170.069676,163.033936,163.413674,166.991271,166.716572,166.509473,174.899617],"1.19beta1":[298.36796,292.836303,299.285054,302.906227,299.273353,302.152233,297.673065,297.456068,302.047533,301.740235]},"run_times":{"1.17":[2327.447973,2319.840048,2326.1018,2328.810891,2324.714822,2349.45248,2328.327272,2344.283631,2330.537822,2338.74986],"1.18":[2310.954865,2323.862146,2411.172175,2315.302998,2376.652737,2313.163787,2343.558816,2345.441344,2332.297476,2346.89482],"1.19beta1":[2184.702602,2180.468835,2176.003462,2213.627279,2210.629001,2179.192122,2246.92781,2194.781504,2218.495825,2177.385903]}},"switch_case":{"name":"switch_case","build_times":{"1.17":[252.071969,189.706571,198.429139,198.656987,197.794399,193.67025,194.099745,199.28428,193.158157,196.629613],"1.18":[235.015485,200.02637,206.654116,195.330709,200.469066,196.293901,206.17872,201.421059,193.100326,199.096278],"1.19beta1":[342.100644,329.220275,335.190014,324.986856,320.59389,321.635166,334.849178,326.798154,323.754521,321.720165]},"run_times":{"1.17":[5933.710292,5923.047867,5909.245065,5948.505365,5979.591817,6020.842362,6021.946406,5854.978789,5865.723853,5886.552516],"1.18":[5882.003093,5874.087621,5989.046783,5971.520814,5940.726902,5932.087795,5916.553813,5905.457936,5938.16312,5873.210741],"1.19beta1":[3409.899067,3410.724541,3409.073479,3412.04034,3418.527587,3408.121685,3409.36734,3419.269271,3409.345563,3409.957286]}}}