{"CGO_CALL_C_FUNC":{"name":"CGO_CALL_C_FUNC","build_times":{"1.17":[700.916915,565.28972,576.403229,574.600163,571.603553,581.061701,562.096702,573.707631,569.294811,583.845944],"1.18":[589.200807,551.369052,550.543122,542.320827,544.162525,566.003552,547.091716,547.341325,578.75685,546.063875],"1.19":[666.507493,586.933404,638.046159,599.910975,604.621847,616.84959,586.239479,607.430448,606.310507,607.574432],"1.20rc1":[4883.948822,4770.936946,4737.346311,4882.39578,4807.308434,4825.200973,4847.962071,4879.833027,4640.835554,4864.78933],"gotip":[5013.902412,4983.107786,4977.452551,4886.935895,4931.484803,4829.024686,5083.756033,4913.769936,4830.59745,4760.131409]},"run_times":{"1.17":[4507.240675,4520.043748,4526.454948,4506.85213,4556.581568,4521.750122,4469.156466,4292.650175,4293.43203,4215.950328],"1.18":[3982.054947,3997.580589,3888.97331,3913.332768,3891.279599,3888.803733,3899.237238,3964.035486,3920.459021,3921.536854],"1.19":[4015.044166,4003.704322,4055.605126,4126.48989,4033.94439,4090.049927,3992.61931,3913.185051,3894.842078,3953.884711],"1.20rc1":[3989.889161,3959.79427,3938.500766,3975.252282,4007.408587,4234.873165,3998.996495,4150.516161,4032.084791,4109.521878],"gotip":[3968.292739,3974.881376,4052.274443,3935.711587,4009.92813,3948.414979,3993.250314,3939.32653,3903.939467,3998.82009]}},"Fibonacci":{"name":"Fibonacci","build_times":{"1.17":[165.330931,155.812889,148.84314,148.02811,166.70758,153.328901,155.391574,154.612147,149.43456,164.169789],"1.18":[166.174844,155.678969,156.540899,164.045268,153.935907,170.918414,158.112156,147.423673,149.863261,151.676226],"1.19":[186.926368,167.558977,164.061052,234.809275,179.306596,186.120238,198.849393,177.708639,174.199613,186.617757],"1.20rc1":[3506.021222,3620.038594,3642.497871,3634.799952,3538.385632,3556.839601,3502.302131,3430.920723,3436.000505,3440.025117],"gotip":[3487.190929,3532.113934,3480.61398,3413.313375,3393.538366,3524.288436,3493.169123,3432.769863,3448.92874,3429.910365]},"run_times":{"1.17":[4512.014962,4618.797871,4613.306765,4731.233599,4681.602194,4640.116342,4612.177326,4681.797443,4483.792056,4561.947226],"1.18":[4543.504424,4496.884017,4687.34478,4540.073527,4558.053068,4479.787198,4518.050008,4574.50343,4537.790079,4616.404769],"1.19":[4532.703875,4573.451168,4609.77018,4563.461825,4628.963826,4543.084101,4672.483005,4574.773695,4591.980007,4525.937148],"1.20rc1":[4581.85488,4510.185545,4624.697344,4663.631822,4548.233222,4564.118927,4647.111565,4643.999214,4612.049374,4612.400675],"gotip":[4596.883667,4543.023659,4596.967399,4668.767493,4663.956405,4656.039011,4696.810753,4569.665231,4586.177975,4618.533731]}},"Garbage_Collection":{"name":"Garbage_Collection","build_times":{"1.17":[176.422116,178.096975,172.108961,164.452887,157.220928,167.123883,150.646593,158.211563,159.942326,157.316731],"1.18":[171.419555,174.482578,174.408175,181.79927,168.614644,179.922295,168.03202,163.127824,172.900514,168.222728],"1.19":[187.384529,255.604135,187.470033,172.25053,186.289186,166.20299,182.306828,173.496079,174.847733,185.828068],"1.20rc1":[3410.763371,3524.461576,3482.929214,3713.299145,3771.834681,3663.022581,3558.768824,3464.036608,3538.958835,3442.847721],"gotip":[3442.093939,3632.232247,3638.733189,3675.65028,3658.222182,3658.317331,3702.420228,3452.492198,3494.977982,3448.233822]},"run_times":{"1.17":[6525.413068,6751.714653,6733.112277,6693.425646,6755.74732,6688.174781,6696.172428,6583.970983,6526.004844,6756.414393],"1.18":[6694.127226,6849.557266,6874.510793,6855.861325,6838.970103,6668.539751,6635.328048,6678.599668,6737.825981,6681.136438],"1.19":[6635.942768,6804.827755,6635.92891,6579.439735,6557.721295,6561.01376,6725.721555,6670.225409,6533.533,6566.134198],"1.20rc1":[7537.50335,7430.913687,7394.910633,7520.94639,7462.212343,7371.459839,7311.753691,7323.70922,7442.939408,7420.489063],"gotip":[7486.291543,7414.109546,7407.269433,7393.37173,7378.983977,7463.26255,7420.81043,7378.189264,7320.885505,7442.685391]}},"Goroutine_Creation":{"name":"Goroutine_Creation","build_times":{"1.17":[175.976356,175.003721,178.54215,172.26542,161.871539,165.006953,166.197198,170.189044,172.884242,166.979826],"1.18":[164.206085,163.39703,187.625015,194.821668,197.760872,169.04606,183.406166,186.174664,168.849252,167.287697],"1.19":[186.829461,188.574424,208.178233,181.955584,186.985467,188.419218,196.746119,195.419072,199.408415,191.392626],"1.20rc1":[3536.49583,3499.270815,3536.060046,3568.535217,3549.069266,3643.344794,3613.966078,3541.912107,3541.63307,3572.082345],"gotip":[3544.490898,3514.407526,3527.716964,3520.329154,3574.738791,3594.550885,3567.741051,3644.646843,3535.525755,3533.680589]},"run_times":{"1.17":[5890.260553,5920.185349,5828.928077,6003.116589,5922.169048,5880.461434,5924.398191,5969.247839,6001.57859,5846.448667],"1.18":[5689.940298,5659.545077,5650.249131,6295.905314,6473.84325,6453.58736,6563.125985,6715.337909,6666.236598,6499.925986],"1.19":[6658.508709,5847.034261,5821.752383,5923.121305,6003.810077,5873.756589,5776.04571,5811.571148,5832.558402,5789.363719],"1.20rc1":[5932.035374,5915.922054,5856.593908,5769.862467,5964.026293,6032.124743,5993.182084,5975.262121,5863.195775,5848.086704],"gotip":[5861.581825,5930.805937,5807.007238,5889.285595,5847.558839,5964.302326,6069.131942,5998.074495,6038.471223,6086.762738]}},"MergeSort":{"name":"MergeSort","build_times":{"1.17":[171.331943,163.100348,202.679166,191.907281,173.808431,166.772479,160.849567,160.10144,167.676612,162.433323],"1.18":[162.958429,162.088998,189.83529,181.102078,158.503369,171.893148,163.008331,158.348164,161.498977,164.626088],"1.19":[172.453681,197.468621,175.578799,183.5796,171.578448,169.450669,174.873672,188.159372,180.235873,175.382391],"1.20rc1":[3631.525466,3747.983111,3603.489396,3610.87934,3533.899849,3410.362064,3379.442272,3472.109008,3385.259395,3416.831054],"gotip":[3537.506382,3463.618035,3454.463758,3393.429608,3380.296452,3440.174067,3468.532603,3440.02216,3442.533962,3382.980097]},"run_times":{"1.17":[8142.613543,8074.540564,7954.994699,7947.066728,8005.460735,7941.379549,7897.491295,7999.248982,7937.233112,7840.70427],"1.18":[7040.611547,6939.200424,6896.320237,6831.458669,6833.300572,6854.319628,6846.938429,6728.28254,6786.231405,6839.333711],"1.19":[8924.39413,8837.315644,8875.576717,9013.180865,8893.314152,8777.930878,8814.068307,8943.494544,8955.175814,9440.921915],"1.20rc1":[9754.309118,9752.559862,9933.944025,9758.87428,10396.885509,9667.720463,9569.507785,9699.341195,9586.542891,9603.037569],"gotip":[9996.606108,9979.991355,9903.146371,9756.944063,9765.352793,9898.481129,9979.189771,9925.752151,9962.371556,9761.067768]}},"Sort_Random":{"name":"Sort_Random","build_times":{"1.17":[190.39915,167.157513,199.742986,182.554068,174.801288,187.34634,173.594345,180.064178,175.024097,182.35296],"1.18":[191.804666,220.975011,236.546069,178.571092,179.163514,176.450117,182.458632,177.790365,187.523214,188.311741],"1.19":[203.076049,196.264806,202.115115,184.33118,182.863328,191.33023,188.606832,177.840542,180.290312,193.068867],"1.20rc1":[4028.215994,3983.986233,4016.688434,3969.808891,4053.12839,4018.708527,4105.03516,4007.241947,3934.544368,4063.648272],"gotip":[4318.342802,4293.205329,4167.092208,4195.700536,3982.720232,4012.196665,3975.563623,4004.287255,4023.694238,4026.095752]},"run_times":{"1.17":[5702.854165,5608.980953,5736.750794,5621.917974,5691.85942,5610.698089,5807.709222,5578.580006,5593.50715,5633.980696],"1.18":[5589.234374,5685.76076,5553.634602,5588.599205,5712.163389,5628.470539,5619.859853,5655.355591,5594.01759,5797.470948],"1.19":[5822.233887,5805.427242,5763.773818,5832.271314,5697.794189,5815.61932,5845.916604,5762.822039,5625.43461,5754.548179],"1.20rc1":[5952.811669,5753.118981,5764.23745,5784.08242,5863.064355,5804.879726,5867.350795,5947.638986,5843.234477,6173.047363],"gotip":[5757.566926,5880.791965,5912.526862,5882.595151,5760.344743,5812.615206,5698.974182,5689.974366,5685.386445,5737.076636]}},