{"Fibonacci":{"name":"Fibonacci","build_times":{"1.17":[132.504094,137.950027,141.937151,141.359747,130.747284,133.332899,136.614019,130.20018,134.811308,129.207274],"1.18":[137.862471,138.297173,151.495237,146.066811,145.152106,138.417574,137.976671,137.320969,142.970995,142.955596],"1.19beta1":[305.40007,299.671136,308.881191,308.394889,301.003243,300.180839,290.603379,287.977064,290.841106,290.079621]},"run_times":{"1.17":[4064.233691,4055.530123,4221.873026,4120.854842,4073.036193,4177.670595,4253.026378,4075.669519,4056.652698,4085.41261],"1.18":[4506.331829,4476.292764,4286.461537,4222.169754,4348.072472,4271.287304,4330.183748,4336.983281,4298.724194,4274.88068],"1.19beta1":[4177.086723,4264.240163,4341.574605,4353.096363,4201.168967,4291.227688,4261.61865,4328.156803,4295.663268,4330.306639]}},"MergeSort":{"name":"MergeSort","build_times":{"1.17":[139.1473,141.750015,137.487491,156.314598,150.205164,136.244383,142.774221,132.693263,129.171243,135.763181],"1.18":[132.824885,155.874621,131.071574,144.499954,137.952915,140.698632,144.718455,142.007339,182.84958,138.82322],"1.19beta1":[292.801092,290.52008,298.400925,290.496879,275.05759,286.791258,312.597605,310.360788,320.477646,304.083351]},"run_times":{"1.17":[6586.640816,6538.702371,6710.348233,6544.38997,6565.153915,6485.456028,6475.459708,6492.763536,6373.355481,6603.76428],"1.18":[6209.61433,6315.892476,6241.208749,6221.875755,6301.421993,6348.703961,6226.575439,6252.156029,6381.370663,6242.91909],"1.19beta1":[7695.326327,7775.467393,8037.356791,7702.60833,7741.675856,7679.279537,7808.582967,7716.457485,7613.416746,7809.397249]}},"Sort_Random":{"name":"Sort_Random","build_times":{"1.17":[153.294272,154.086076,159.001604,151.888264,154.286877,146.713735,155.730585,165.873844,162.588524,160.405012],"1.18":[183.987487,159.711056,164.767483,167.878801,166.512892,168.173302,174.044033,168.048301,173.838432,167.671399],"1.19beta1":[315.148089,322.072729,323.360437,303.661924,306.031138,306.716942,313.130078,318.145707,296.669884,314.989489]},"run_times":{"1.17":[5214.581491,5332.120465,5302.266245,5405.949475,5284.55207,5202.676324,5223.416956,5216.869019,5248.873362,5351.274113],"1.18":[5410.420053,5305.617406,5275.444316,5246.539343,5297.658524,5278.906928,5212.872654,5381.807673,5299.225802,5271.373748],"1.19beta1":[5394.670436,5317.609198,5353.534572,5245.350384,5245.048691,5280.955755,5320.488785,5307.585394,5288.703575,5230.258447]}},"Sort_Reversed":{"name":"Sort_Reversed","build_times":{"1.17":[136.840451,141.749077,144.075191,136.80685,152.98224,135.731944,136.56295,142.744083,145.713999,149.072318],"1.18":[163.972691,152.945892,153.968991,147.558292,150.237792,149.366592,151.993991,146.918092,152.844792,154.063591],"1.19beta1":[282.345114,304.473308,300.799893,288.381739,299.025585,304.284808,288.675641,285.979129,293.897063,292.548857]},"run_times":{"1.17":[3923.208224,4043.520363,4126.557903,4010.824332,3871.717182,3874.046979,3871.79589,4012.503066,4032.030403,4077.68037],"1.18":[3894.108472,4025.214622,3782.347609,3791.742831,3845.586541,3732.552862,3810.254761,3806.185528,3769.343317,3716.936638],"1.19beta1":[388.59067,390.89628,390.251977,401.497126,408.471057,409.203763,401.575965,397.845717,401.536964,376.785646]}},"alloc_1.5k":{"name":"alloc_1.5k","build_times":{"1.17":[132.873502,134.340412,144.22777,136.628425,131.652895,150.919212,131.265692,138.147134,135.876321,135.098315],"1.18":[139.226625,138.29482,135.164201,133.749593,141.381138,133.304691,129.94207,140.11143,137.833118,135.766604],"1.19beta1":[295.996109,303.676243,291.696591,289.30838,289.094279,298.886522,287.749773,289.227498,287.537851,289.94231]},"run_times":{"1.17":[3532.336328,3416.428771,3428.618657,3440.360988,3425.631056,3415.192019,3510.728674,3628.203412,3478.212696,3424.423981],"1.18":[4541.841648,4619.247624,4770.673803,4796.912704,4604.279418,4638.147205,4543.579487,4591.311357,4527.242781,4518.174788],"1.19beta1":[4583.008947,4605.296137,4544.211152,4525.917008,4537.028171,4537.705206,4678.438997,4566.593054,4598.717985,4551.62521]}},"regexp_Compile":{"name":"regexp_Compile","build_times":{"1.17":[168.200864,172.005786,192.360403,178.422623,192.086701,177.303516,195.37582,181.140138,178.887723,178.307819],"1.18":[173.641393,177.741816,179.789428,177.155913,178.114118,181.441738,172.885988,175.502203,177.471815,168.643064],"1.19beta1":[340.560644,333.641604,347.100281,350.616602,335.337614,336.257819,325.045855,307.228153,311.660279,321.158233]},"run_times":{"1.17":[1299.597828,1192.156514,1219.779072,1219.854672,1218.902266,1176.865927,1212.533431,1186.05058,1192.126416,1199.338957],"1.18":[1229.399428,1223.837002,1269.264365,1241.704808,1227.256225,1248.783748,1277.08571,1245.750628,1261.202999,1258.947586],"1.19beta1":[1278.9207,1252.096895,1254.040929,1292.123943,1225.291168,1276.418154,1212.561097,1236.634532,1253.830662,1223.892406]}},"regexp_FindAllString":{"name":"regexp_FindAllString","build_times":{"1.17":[172.276588,176.138908,179.567525,172.299588,168.557968,170.536479,168.758169,171.943786,173.461694,175.160802],"1.18":[176.994412,192.035297,184.128953,184.575055,176.509009,183.874951,179.612126,170.648876,173.675092,172.442186],"1.19beta1":[316.787504,310.784671,319.796621,322.598938,318.472414,327.218264,323.881445,316.394802,321.23803,335.806513]},"run_times":{"1.17":[2550.911874,2498.791172,2493.530839,2594.034714,2568.269168,2595.628028,2636.285961,2567.430769,2604.075985,2542.649233],"1.18":[2544.456141,2572.5583,2549.059666,2593.692993,2520.574865,2583.893826,2552.578142,2662.277564,2596.730091,2585.145025],"1.19beta1":[2426.20532,2400.506919,2487.30767,2520.82356,2514.365251,2448.400826,2524.167957,2596.409268,2538.744537,2495.631192]}},"switch_case":{"name":"switch_case","build_times":{"1.17":[203.095112,209.9296,201.853696,221.425648,225.701003,221.697252,215.031401,214.829145,217.334455,207.811114],"1.18":[231.768056,254.59169,216.689267,207.531714,216.291865,205.692303,211.308036,233.582566,215.691762,200.587674],"1.19beta1":[348.83851,358.801278,380.68733,346.227591,352.993538,354.312548,349.151411,339.451545,363.877514,343.734274]},"run_times":{"1.17":[5437.247736,5658.342487,5463.330021,5536.458094,5490.959463,5517.486869,5624.744897,5688.690199,5527.620715,5684.547249],"1.18":[6086.533624,6223.898115,6007.963591,6041.278294,5946.330609,5917.987658,6169.723851,6209.617615,5997.97075,6150.89203],"1.19beta1":[3448.572686,3479.795678,3456.520051,3423.427552,3411.966685,3439.181219,3406.64287,3379.257458,3400.435199,3521.443511]}}}