{"Fibonacci":{"name":"Fibonacci","build_times":{"1.17":[156.76026,146.314969,157.767059,155.71506,150.810065,154.684862,155.584761,148.450367,151.125165,147.772667],"1.18":[159.359459,174.344956,164.929858,172.146657,168.698557,168.832057,162.473459,158.45916,162.705759,164.626258],"1.19beta1":[357.122779,360.39958,336.267281,353.56038,367.31118,347.09698,346.63338,346.85615,343.19784,353.250237],"gotip":[191.35307,183.23447,189.98307,188.74467,187.66297,186.39517,187.26727,190.85807,190.195569,191.51867]},"run_times":{"1.17":[4896.438619,4878.799721,4868.157189,4913.083703,4884.911103,4889.595298,4911.223394,4895.226469,4883.216893,4867.247077],"1.18":[4824.910459,4891.377444,4810.174876,4850.054962,4870.041707,4850.981963,4882.637169,4882.35966,4858.153297,4849.145327],"1.19beta1":[4861.253744,4837.910737,4849.452226,4859.361816,4874.67617,4899.449139,4873.775632,4867.276024,4878.286244,4847.574239],"gotip":[4878.528721,4901.665716,4862.891331,4914.555538,4833.93688,4843.050159,4892.408838,4928.106629,4881.371533,4892.202338]}},"MergeSort":{"name":"MergeSort","build_times":{"1.17":[151.901974,165.83057,177.766669,160.292372,161.037371,158.100973,157.646472,155.754472,163.477172,155.304472],"1.18":[181.811368,162.625872,199.705366,169.143178,168.052679,165.661678,163.986079,166.398978,164.251079,167.036178],"1.19beta1":[350.417683,384.338492,369.559589,362.243986,353.277385,353.158384,344.198582,355.935685,350.555384,343.483682],"gotip":[194.024958,210.174954,191.082858,198.640656,200.008256,192.393858,196.758756,199.678256,193.713758,196.310357]},"run_times":{"1.17":[7476.05449,7351.487922,7350.828201,7364.339,7428.521635,7212.416203,7399.912491,7508.44393,7402.216219,7226.759149],"1.18":[7121.491685,7190.909543,7252.083691,7215.965286,7215.937759,7052.032767,7048.210057,7198.441468,7144.121755,7126.407229],"1.19beta1":[8969.282623,8994.287618,8902.927078,8905.570674,8932.094977,8903.150764,8871.353852,8923.208763,9008.160079,8935.833784],"gotip":[8959.818707,8914.5506,8918.142599,8992.43687,9053.526707,9026.97741,8841.121354,8795.336908,8925.953954,8914.443263]}},"Sort_Random":{"name":"Sort_Random","build_times":{"1.17":[190.626092,176.629493,185.526392,186.499593,177.603292,176.988893,179.828193,181.254492,177.600093,178.339292],"1.18":[191.566687,184.391088,195.773487,186.781887,195.728186,184.315488,185.807287,191.510687,187.394987,189.139888],"1.19beta1":[371.806893,373.228292,379.899992,372.258892,361.433293,371.203592,369.070592,369.386993,370.115192,377.043992],"gotip":[199.96088,202.42228,211.061479,217.625279,209.264279,213.029579,211.064279,209.71528,198.61558,200.32938]},"run_times":{"1.17":[6007.945646,6049.691841,6005.244942,6038.25534,5999.151475,6026.4669,6006.208641,5997.510872,6007.584802,5999.205103],"1.18":[5999.99957,5991.168854,6019.501041,5973.715608,6022.556819,5995.062244,6025.919352,5989.676951,6003.337303,5974.997727],"1.19beta1":[6084.296289,6108.723045,6113.318433,6119.459122,6085.856871,6097.556007,6058.285422,6116.538855,6083.31608,6116.583519],"gotip":[6100.737726,6105.575525,6110.64381,6107.438511,6123.837889,6090.28235,6130.371225,6048.053572,6062.027847,6048.110158]}},"Sort_Reversed":{"name":"Sort_Reversed","build_times":{"1.17":[162.145069,163.342168,188.270265,173.239867,162.224869,164.737668,166.807368,172.913567,167.532668,167.392968],"1.18":[174.422685,181.151984,186.217184,173.487285,168.940285,168.935986,172.827285,185.875384,172.502285,175.222285],"1.19beta1":[347.9086,358.371899,365.572699,359.014799,355.568999,359.196099,345.956099,349.836699,347.6167,349.215499],"gotip":[211.969513,182.964011,191.889211,190.117811,186.102111,190.947111,204.044012,190.666611,195.059412,193.485911]},"run_times":{"1.17":[4675.469309,4670.445682,4613.834826,4713.160241,4661.218557,4640.561988,4661.572272,4662.717359,4664.513276,4691.14248],"1.18":[4587.548604,4638.282807,4633.432611,4595.636137,4622.04189,4646.531852,4596.226491,4606.301678,4608.757265,4564.510557],"1.19beta1":[467.802299,456.567599,454.452198,460.622299,464.038599,461.090599,455.672099,466.030999,455.507299,464.460717],"gotip":[462.288228,460.642827,450.707427,455.521927,453.803427,449.748827,457.456127,450.125526,457.103628,450.655726]}},"TimeAfterFunc":{"name":"TimeAfterFunc","build_times":{"1.17":[182.971583,198.75718,189.926982,179.679682,176.315483,186.176782,178.423583,181.469682,197.422081,187.889482],"1.18":[566.358209,197.837303,202.765103,195.387403,200.090403,196.004703,193.930203,198.027204,195.587803,195.826103],"1.19beta1":[2026.314621,376.540604,388.633403,374.724004,360.722003,364.241104,380.095203,367.209504,371.726103,361.705903],"gotip":[215.097803,248.141303,215.373303,211.280802,223.422503,218.060303,202.376902,210.759103,215.209002,217.646903]},"run_times":{"1.17":[6573.008389,7946.188505,6647.129243,5802.346123,5577.320897,6297.582195,7071.97688,6674.361105,6090.320869,5640.495387],"1.18":[4163.831669,4378.716573,5785.445501,4785.396486,4545.90108,4372.739963,4632.307967,3833.957555,6197.086584,4007.112951],"1.19beta1":[4599.608512,4234.02048,4434.905331,4428.227303,4513.610686,4652.566785,4868.59252,4563.396702,4370.499746,4423.789164],"gotip":[4981.871411,4233.252339,4638.900376,6238.092836,7233.484575,4426.703835,4765.488344,4854.665158,4247.863037,4156.894866]}},"alloc_1.5k":{"name":"alloc_1.5k","build_times":{"1.17":[160.050584,152.061084,165.467883,150.887384,151.488884,155.750284,146.418484,150.699585,153.478184,154.166983],"1.18":[166.121563,176.78616,168.486963,173.755661,165.301263,156.024966,167.874562,176.122661,167.667763,185.316659],"1.19beta1":[358.978613,365.477029,354.203702,349.892893,359.772816,348.71999,342.585776,359.063214,354.62491,354.47914],"gotip":[201.413945,193.337847,192.188448,197.988545,197.278746,186.05015,192.502347,191.239848,188.957048,186.389849]},"run_times":{"1.17":[3795.219873,3803.241666,3845.240782,3809.752595,3799.142559,3807.756535,3825.112914,3839.626501,3806.170542,3812.107952],"1.18":[2744.978652,2764.4727,2817.59695,2817.640764,2743.139149,2778.933889,2795.754198,2803.287098,2816.792002,2803.669854],"1.19beta1":[2831.369412,2882.687785,2852.187576,2832.182036,2773.631952,2865.240054,2872.639386,2824.461751,2781.387355,2777.902241],"gotip":[2806.256833,2812.086686,2839.835844,2798.094335,2818.842178,2825.387662,2828.143282,2800.722099,2877.532602,2831.617465]}},"regexp_Compile":{"name":"regexp_Compile","build_times":{"1.17":[237.614787,231.683695,207.725727,195.410443,203.889032,194.788943,204.788731,200.142737,197.68184,200.306736],"1.18":[263.963577,209.845082,218.739681,210.702682,205.860383,204.244182,204.365783,215.042082,205.507782,205.052783],"1.19beta1":[392.880057,392.604058,384.806558,387.133858,400.019657,391.706858,385.060258,379.988459,381.744658,379.938359],"gotip":[241.442598,232.073898,235.726597,227.919698,231.424098,230.241697,240.826398,231.749298,234.968697,223.933098]},"run_times":{"1.17":[1352.594721,1347.919307,1346.956185,1369.722198,1351.239452,1362.224354,1341.45385,1361.597854,1373.174456,1369.45216],"1.18":[1412.582779,1401.77928,1408.08138,1413.614587,1396.285266,1397.704766,1427.955965,1397.752965,1407.035466,1422.648218],"1.19beta1":[1425.421846,1422.790146,1429.175969,1417.083293,1451.588066,1428.242785,1441.079256,1418.59156,1430.615173,1426.518785],"gotip":[1422.095686,1462.846285,1434.664999,1434.310113,1423.845911,1432.974012,1431.124111,1425.361394,1430.058761,1415.978459]}},"regexp_FindAllString":{"name":"regexp_FindAllString","build_times":{"1.17":[207.577523,211.961624,208.643623,204.274723,200.806823,206.150023,197.016322,204.622923,207.469124,196.581222],"1.18":[209.733292,219.879291,226.65249,215.221892,213.025291,222.427991,214.060591,210.263591,210.773991,206.050192],"1.19beta1":[406.235483,388.151684,391.653384,377.671284,407.817783,383.752585,388.203984,405.981283,380.963884,404.304083],"gotip":[243.53629,250.47949,241.69669,241.41569,242.78439,234.58799,241.48449,233.53629,233.797591,239.82599]},