{"Fibonacci":{"name":"Fibonacci","build_times":{"1.17":[121.109861,131.41788,123.063845,122.37955,123.352443,118.916077,121.40214,122.392423,119.876042,118.797751],"1.18":[125.879532,126.184031,123.937347,124.086947,124.94614,131.171692,123.527451,123.480451,126.619927,125.810033],"1.19beta1":[261.633813,269.673751,278.947681,263.800897,266.172778,264.013294,268.867558,267.040072,261.171816,264.966487]},"run_times":{"1.17":[4791.428824,4793.984236,4791.503275,4791.494872,4804.9065,4793.170885,4795.610227,4793.095761,4793.251792,4792.594205],"1.18":[4803.973683,4796.926341,4795.432011,4795.164098,4810.567325,4796.690549,4796.031873,4796.266852,4796.523465,4796.360062],"1.19beta1":[4808.780083,4796.783324,4796.930554,4798.921578,4796.551999,4795.913032,4809.563609,4797.972814,4798.918921,4796.857656]}},"MergeSort":{"name":"MergeSort","build_times":{"1.17":[130.923994,129.920602,129.616304,164.173438,128.628612,133.660673,124.247245,131.030293,126.628128,131.476789],"1.18":[131.803476,131.781176,155.73649,130.655185,131.32288,126.358318,130.494487,131.577977,132.923468,129.710692],"1.19beta1":[272.257104,272.947699,269.408727,280.493841,279.047452,264.470365,271.694109,264.075167,272.249905,273.873393]},"run_times":{"1.17":[6061.296933,6097.924862,6106.331118,6156.250844,6248.883054,6156.225539,5975.821531,6113.76963,6100.050529,6404.824489],"1.18":[5858.416238,5789.119662,5724.475019,5926.101007,5732.251949,5759.853584,5687.768783,5756.928285,5721.110334,5837.791668],"1.19beta1":[7145.013419,7125.649992,7035.050905,7180.884946,7264.115377,7031.611388,7099.325858,7247.798067,7568.381971,7433.122199]}},"Sort_Random":{"name":"Sort_Random","build_times":{"1.17":[139.505023,140.267317,142.233002,144.486085,141.016012,139.96342,141.449808,140.545515,141.821406,146.188871],"1.18":[148.953052,151.961129,143.731093,153.301319,146.363173,153.488917,158.30438,152.263127,147.510264,149.544148],"1.19beta1":[288.632977,297.40121,281.017235,282.023428,285.613,284.658408,281.70023,283.372818,280.190542,297.193911]},"run_times":{"1.17":[6087.491212,6093.764152,6095.577779,6091.208968,6071.793397,6067.071283,6069.749067,6073.781937,6075.563889,6089.442187],"1.18":[5985.798799,6006.474954,5980.498862,5982.020253,5986.429821,5978.280185,6005.918374,5990.952589,5973.427076,6004.684984],"1.19beta1":[5946.753478,5948.090947,5943.441367,5930.455907,5924.665047,5944.7135,5915.909938,5929.150356,5948.769525,5939.848682]}},"Sort_Reversed":{"name":"Sort_Reversed","build_times":{"1.17":[133.313486,133.529885,135.430571,135.854367,133.876682,134.397179,129.666014,160.391681,128.576023,130.614707],"1.18":[136.153413,134.140161,133.730164,138.272533,140.179319,139.389825,139.589423,136.804043,136.810943,137.381939],"1.19beta1":[290.948816,278.044409,269.973367,268.16878,271.141158,274.797033,269.135373,269.672169,269.51817,274.099537]},"run_times":{"1.17":[3663.282354,3654.773572,3667.118157,3693.527643,3667.396787,3681.06008,3659.159272,3652.900221,3668.575108,3668.244128],"1.18":[3545.303695,3539.56032,3547.597046,3544.74692,3549.648844,3545.71512,3544.171891,3547.972469,3542.209886,3541.441041],"1.19beta1":[399.106742,394.312073,398.445041,394.595769,392.209886,393.782475,395.998059,388.324314,391.918788,399.802532]}},"alloc_1.5k":{"name":"alloc_1.5k","build_times":{"1.17":[114.551408,130.864009,130.141013,122.249161,121.307066,124.716947,119.536978,121.336366,127.597329,122.084962],"1.18":[140.17671,129.567478,126.0019,130.370972,127.842489,122.675121,130.217273,128.510484,128.068087,125.642103],"1.19beta1":[274.003592,264.227267,268.372235,265.158959,269.297728,271.713009,270.110722,265.636156,259.9172,266.913646]},"run_times":{"1.17":[3764.281199,3752.124645,3758.92762,3856.885084,3769.016424,3775.116856,3816.365497,3748.376045,3754.821692,3741.518629],"1.18":[5217.715949,5228.85077,5218.684853,5221.44471,5217.625207,5215.925318,5217.154055,5218.443042,5221.257837,5217.964071],"1.19beta1":[5232.532112,5219.688288,5217.434482,5217.843485,5216.712671,5218.189152,5248.742073,5217.021366,5218.002124,5218.230808]}},"regexp_Compile":{"name":"regexp_Compile","build_times":{"1.17":[164.447835,160.360967,168.465605,161.070461,169.223298,160.793663,155.472504,159.022277,157.806186,155.368805],"1.18":[163.526642,161.785156,169.972392,165.435328,165.221729,164.532335,164.425035,170.608588,163.522042,160.446066],"1.19beta1":[302.380463,301.42827,309.146511,301.141872,295.197319,298.88259,298.228895,295.874713,300.986273,299.940082]},"run_times":{"1.17":[1094.63658,1100.205637,1101.470727,1090.174614,1086.87364,1092.200699,1089.410322,1104.552105,1108.313276,1101.679427],"1.18":[1121.898571,1118.01711,1116.537921,1110.037571,1117.132916,1119.394299,1123.08797,1114.609336,1112.214414,1111.817506],"1.19beta1":[1138.250202,1122.601124,1144.814865,1124.826446,1123.801453,1141.338819,1127.480825,1135.539663,1131.843292,1140.438318]}},"switch_case":{"name":"switch_case","build_times":{"1.17":[189.869138,191.846723,197.014587,186.809859,184.549476,196.124293,189.63194,192.591218,187.674354,192.095821],"1.18":[197.963659,196.654469,213.757744,192.505199,201.565533,190.90361,195.951074,196.111572,189.69682,194.455484],"1.19beta1":[341.789432,324.954264,325.543959,362.134374,330.690719,326.002456,331.538712,327.470443,319.401769,324.58202]},"run_times":{"1.17":[5975.560384,5938.697574,5940.278916,5953.726186,5924.77569,5939.280029,5983.22732,5957.177492,5939.510132,5942.351783],"1.18":[5885.402595,5909.0425,5870.053055,5883.868551,5888.95038,5919.729606,5866.16226,5828.643557,5869.269892,5953.511491],"1.19beta1":[3418.582455,3418.496355,3418.368431,3420.262695,3417.697283,3434.475703,3423.727715,3422.583492,3422.437993,3424.097748]}}}