{"CGO_CALL_C_FUNC":{"name":"CGO_CALL_C_FUNC","build_times":{"1.17":[648.660485,587.467871,581.235697,576.918047,615.258695,593.322838,611.183348,585.073242,573.692309,585.73905],"1.18":[665.662286,629.224477,646.069065,618.720558,640.264001,654.496942,661.507778,640.508162,605.2112,637.145628],"1.19":[756.728984,660.928874,673.266204,689.603853,656.669481,667.675296,650.634818,674.464867,674.986473,659.887514],"gotip":[711.473794,706.288503,675.184603,683.663796,679.640952,681.204869,676.76252,693.765705,683.675996,682.769386]},"run_times":{"1.17":[4660.731393,4642.382645,4631.291849,4632.258275,4685.255843,4633.725219,4635.8575,4649.710451,4633.74941,4632.816504],"1.18":[4244.500395,4222.926214,4262.494178,4251.466039,4226.416132,4324.691558,4295.96099,4363.480782,4222.335423,4221.398841],"1.19":[4256.494591,4277.742182,4250.058714,4285.837726,4256.570778,4254.118061,4249.066298,4454.588408,4249.794048,4250.236669],"gotip":[4242.905219,4247.081087,4244.716771,4269.459743,4253.722346,4245.154008,4245.840466,4245.743361,4244.390633,4242.94455]}},"Fibonacci":{"name":"Fibonacci","build_times":{"1.17":[174.504465,154.834155,154.910656,152.488329,172.071039,145.94526,146.520266,144.951949,150.463008,164.360757],"1.18":[166.359275,152.519337,155.87547,154.930761,159.249904,153.78815,159.325205,159.157503,156.348775,158.908201],"1.19":[169.418843,179.677742,198.206621,181.693262,186.504908,188.581328,174.590493,180.466749,187.301916,185.410398],"gotip":[187.975225,192.999574,180.203249,184.606692,184.066087,183.881685,173.311082,172.771978,180.105748,182.985076]},"run_times":{"1.17":[4712.905268,4679.782834,4679.853286,4727.82355,4679.929275,4683.900485,4680.648284,4707.401603,4680.114195,4680.208321],"1.18":[4821.603073,4816.10564,4931.540445,4814.648123,4817.332299,4816.693302,4815.283122,4817.001939,4815.52443,4839.88357],"1.19":[4761.679102,4721.737431,4684.034156,4706.995843,4685.243101,4682.737568,4961.697775,4874.429688,4681.467532,4686.343871],"gotip":[4698.969312,4685.448033,4736.355494,4682.052055,4682.480906,4682.833488,4682.397011,4689.089659,4686.629776,4805.233839]}},"Garbage_Collection":{"name":"Garbage_Collection","build_times":{"1.17":[170.953138,160.074534,164.757779,159.939633,180.272328,163.237964,159.213426,160.800141,175.107979,163.88017],"1.18":[172.573681,182.166864,199.179409,179.39984,207.40298,187.101806,185.113089,195.093175,182.717368,190.222033],"1.19":[189.260125,189.399427,215.573065,196.775893,204.571465,186.019595,184.26748,188.925922,201.200734,187.965613],"gotip":[196.796066,196.962068,188.940495,193.211134,196.016859,185.657266,194.324444,204.625136,197.805975,209.703482]},"run_times":{"1.17":[6906.582223,6866.832919,6718.95681,6680.975981,6672.534441,6829.405416,6705.11372,7113.771237,6780.737854,6987.312421],"1.18":[7081.787928,7103.824084,7056.757674,7093.271803,6853.851075,7034.09639,6966.313708,6836.798331,7223.278912,7230.749409],"1.19":[7108.864736,6943.09749,6752.668437,6828.713166,6875.615624,6654.667826,6688.232104,6777.270893,6889.658408,6896.617775],"gotip":[7827.418614,7722.042545,7644.712313,7679.355483,7712.639402,7636.731681,7732.105541,7703.752494,7835.367013,7836.660657]}},"Goroutine_Creation":{"name":"Goroutine_Creation","build_times":{"1.17":[169.412496,179.696386,186.519847,176.948462,175.001645,174.44304,178.572577,195.94793,181.500902,175.961054],"1.18":[184.851825,197.790739,218.145717,209.134639,199.886557,209.977346,202.746383,186.959843,201.046368,189.101362],"1.19":[183.407713,189.040263,208.997538,176.410751,195.123216,183.722016,184.547723,184.328321,173.321624,172.584218],"gotip":[174.702148,199.263167,189.632781,186.875056,196.056438,178.739684,208.023544,183.210024,181.727111,182.364917]},"run_times":{"1.17":[10742.913887,10697.875296,10705.022034,10773.176855,10667.991917,10758.908131,10821.376343,10800.068189,10775.128585,10958.277379],"1.18":[6997.281872,6864.11914,6600.864165,6498.627659,6279.239213,6333.672603,6330.32918,6381.54143,6325.163413,6337.975887],"1.19":[10678.662878,10623.592447,10554.3732,10630.727316,10666.006102,10730.524262,10663.200992,10661.319034,10605.579322,10593.856308],"gotip":[10820.952358,10753.014761,10824.375905,10750.964842,10811.093148,10726.017618,10726.304212,10731.091641,10794.040711,11384.049153]}},"MergeSort":{"name":"MergeSort","build_times":{"1.17":[167.79324,190.652078,173.701602,162.464586,166.084423,163.452596,154.940807,159.303653,162.678588,162.431185],"1.18":[160.491825,155.194167,170.042027,162.137744,163.667063,185.650801,178.384122,170.665638,168.959621,180.241242],"1.19":[188.696213,175.600173,181.257433,172.967444,185.908783,177.595293,189.922125,186.726991,191.085037,190.901035],"gotip":[192.178736,187.67209,195.400871,182.958336,189.853178,189.435676,175.904991,182.310532,186.646058,186.252556]},"run_times":{"1.17":[7917.950146,7747.229603,7444.789581,7515.871031,7548.192681,7580.14406,7634.085898,7308.559386,7260.759591,7095.631096],"1.18":[7043.10589,7086.415197,7036.718559,7063.674764,7408.015171,7024.560986,7247.911432,7131.641635,6939.091673,6992.046147],"1.19":[9160.845787,9219.441608,9119.813703,9411.639482,9537.635789,9838.875932,9607.179946,9274.810835,9065.197469,9603.243276],"gotip":[10942.702688,10917.364401,11206.326531,11216.985698,10631.995995,10422.287166,10505.915684,10979.814752,10654.281191,10516.603661]}},"Sort_Random":{"name":"Sort_Random","build_times":{"1.17":[192.286422,187.728281,198.063274,183.322141,203.275321,192.560924,185.119257,200.557296,192.048219,196.878062],"1.18":[205.417711,199.097155,204.1484,209.92045,188.631463,192.620098,198.003545,184.081723,190.210976,183.291715],"1.19":[205.396379,188.822835,198.027715,200.492636,194.807587,192.438766,190.979353,186.857919,186.822717,186.288114],"gotip":[205.945895,214.642771,218.625305,230.55301,201.022652,208.707719,214.427169,210.208032,214.822173,237.865373]},"run_times":{"1.17":[6057.260233,6208.55208,6101.371124,6353.795988,6040.496785,6016.038159,6015.835267,6040.97787,6027.300981,6016.024757],"1.18":[6032.009395,6089.984455,6030.503958,6041.865697,6033.850921,6030.768894,6035.227066,6032.335996,6029.196498,6031.2677],"1.19":[6103.807801,6104.2539,6119.444281,6151.750219,6143.01475,6110.970645,6098.978208,6101.69396,6122.892715,6113.254008],"gotip":[6112.549939,6113.923487,6107.049473,6108.414708,6106.397342,6108.186368,6120.662223,6113.283091,6113.44489,6157.134383]}},"Sort_Reversed":{"name":"Sort_Reversed","build_times":{"1.17":[167.404392,168.420601,191.938611,172.633138,172.656139,166.833387,164.500666,172.487037,167.974798,171.644329],"1.18":[204.114286,198.977602,191.536784,190.523166,205.055001,187.198814,184.130363,176.142935,186.192597,177.04295],"1.19":[174.751185,190.731975,182.328174,183.199185,182.197384,181.440192,180.44898,187.302962,176.400631,189.181585],"gotip":[202.322444,196.570775,192.224422,193.443836,204.249868,197.560986,191.20571,185.47284,183.692319,197.84619]},"run_times":{"1.17":[4457.406848,4458.839147,4457.416723,4592.286506,4453.91143,4685.752515,4699.432683,4657.249245,4457.788445,4455.518333],"1.18":[4295.335445,4303.053543,4290.437714,4571.335308,4495.319768,4514.988227,4483.487623,4386.42212,4290.934472,4294.866226],"1.19":[443.329056,443.231754,483.146036,472.120803,463.200895,468.181656,455.573703,468.850564,460.044757,472.502908],"gotip":[462.956389,476.842406,480.842153,471.869048,468.370907,473.006562,473.290366,478.277623,474.642281,462.730441]}},"TimeAfterFunc":{"name":"TimeAfterFunc","build_times":{"1.17":[210.641479,204.498424,191.960412,206.28874,190.793902,188.769784,212.671597,201.343996,186.624165,197.958265],"1.18":[902.029485,211.767575,204.103807,195.958734,237.483603,197.663049,208.060042,205.939434,205.832424,230.231253],"1.19":[297.186786,220.971123,203.271468,195.906104,206.017493,217.670594,217.708695,210.756834,213.886861,213.186555],"gotip":[211.367044,195.606506,220.507224,208.338917,206.3482,198.641533,217.076794,224.830961,201.963062,205.896796]},