{"Fibonacci":{"name":"Fibonacci","build_times":{"1.17":[181.649093,168.634877,180.013527,173.188989,185.01094,183.927002,164.767625,193.932757,169.043876,194.848189],"1.18":[174.386871,185.585312,210.977612,197.787093,182.48249,174.828289,177.007274,175.810827,182.399787,175.300407],"1.19beta1":[428.062872,435.434062,408.607904,414.660943,428.872104,430.940685,406.883836,428.835202,420.41497,420.66588],"1.19rc1":[217.855509,232.101173,241.780764,227.057054,220.964304,224.706858,228.026994,217.316653,212.699063,222.477366],"1.19rc2":[224.686399,222.011645,230.648844,227.580867,220.429153,205.085966,211.415531,198.968212,201.452855,224.359681],"gotip":[196.592927,213.561198,246.626999,235.132477,215.623492,212.110131,200.355698,199.405554,213.837311,193.714896]},"run_times":{"1.17":[4816.525729,4717.10741,4722.076544,4888.51668,4836.711506,4745.868883,4743.930876,4792.615792,4782.864486,4882.348196],"1.18":[4799.727714,4799.087525,4851.85368,4812.751232,4804.188795,4856.635364,4855.418529,4828.802153,4786.200093,4805.36817],"1.19beta1":[4809.548722,4807.390939,4773.092924,4747.085478,4795.310359,4838.432152,4817.420716,4839.222787,4819.213136,4847.355066],"1.19rc1":[4920.182407,5178.91485,5089.669001,4936.095036,5035.834697,4920.835488,4868.318021,4937.039937,4951.921767,4900.37542],"1.19rc2":[4866.114623,4855.038428,4881.575295,4897.459262,4773.566306,4822.226903,4786.406479,4777.548638,4852.333812,4819.115932],"gotip":[4831.499037,4816.176587,4890.918229,4839.251925,4786.283597,4939.512132,4961.901362,4932.435428,4857.974687,4872.554628]}},"MergeSort":{"name":"MergeSort","build_times":{"1.17":[190.341114,176.807916,187.06847,204.379135,181.736734,182.685676,190.388916,199.607924,174.980535,171.9213],"1.18":[183.282873,188.396287,193.068483,177.864947,189.451931,183.579686,181.600303,189.404429,188.733301,183.540884],"1.19beta1":[459.540332,420.434204,421.52145,420.713116,416.00792,429.344475,410.270481,434.48349,439.268688,469.665254],"1.19rc1":[241.831518,237.696948,276.643345,241.367698,241.3903,243.797598,225.678955,240.170849,228.328564,275.248387],"1.19rc2":[209.314886,215.232124,209.276085,209.668179,197.544879,206.018008,210.640787,211.019703,206.430624,205.688695],"gotip":[250.111893,244.424765,228.769839,206.666557,229.420266,220.02089,263.56503,227.739199,224.617474,223.78474]},"run_times":{"1.17":[9566.12595,9747.554344,9264.576327,9730.604985,9694.273943,9218.397699,9698.012892,9309.423352,9266.349531,9281.102886],"1.18":[8493.107347,8734.197129,8566.508282,8444.289469,8680.396543,9228.616459,8919.570424,8772.068854,8511.736139,8436.134489],"1.19beta1":[10804.557542,10952.38339,11077.008133,10827.218469,11206.529083,10870.066363,10892.495573,11278.256742,11852.715714,11832.098347],"1.19rc1":[11430.950791,11990.733882,11630.014289,11229.11794,10788.79499,11262.472907,11218.393721,10940.547997,10659.231784,10320.573818],"1.19rc2":[11139.536015,11039.464391,11270.449881,11425.216592,11507.93647,11208.077337,11747.029674,12075.661256,12052.076381,12281.729035],"gotip":[11741.932869,12198.980568,12168.388512,11952.799983,11534.881524,11390.140776,11610.904309,11716.596165,11556.196265,11311.089792]}},"Sort_Random":{"name":"Sort_Random","build_times":{"1.17":[214.578542,213.938113,216.499729,216.376924,219.696575,208.38076,204.640491,219.15675,219.571569,234.558049],"1.18":[237.132712,226.868952,210.672327,216.432586,201.079798,232.4173,220.11225,218.494578,207.658292,220.761279],"1.19beta1":[437.800112,438.279833,430.229479,435.273601,456.253827,428.434599,439.472987,416.240862,440.146216,428.933621],"1.19rc1":[246.838188,236.635454,264.312061,251.209731,247.959225,257.306031,283.302183,255.614576,245.854656,272.676534],"1.19rc2":[217.057127,217.84056,237.261077,229.383733,219.562306,232.073131,236.58072,218.715971,199.185651,216.31227],"gotip":[223.482176,230.671375,213.802883,214.351231,247.348707,244.752099,237.913713,237.036577,240.865936,232.29268]},"run_times":{"1.17":[5962.539225,6110.980157,6205.47993,6124.311973,6162.565053,6079.895044,6012.034668,6073.704703,6051.380614,6032.111808],"1.18":[5949.630514,5959.892586,5857.557273,6085.611543,5992.905008,6030.843062,5932.412311,6094.018808,6144.262164,6203.652253],"1.19beta1":[5900.100995,6002.425087,5868.165858,5788.283091,5775.328914,5886.576759,5830.225419,5943.742704,5949.33385,5977.279775],"1.19rc1":[6229.491772,6196.118028,6149.878002,5990.039109,6158.627501,6110.195502,6132.025,5922.543735,5826.922735,5882.304942],"1.19rc2":[5957.547797,6313.217038,6286.804762,6207.806893,6418.263228,6099.759907,6132.571954,6173.330059,6280.185266,6183.421002],"gotip":[6343.53091,6125.805931,6102.404902,6492.889959,6179.15444,6167.830999,6113.531713,6160.091239,6024.569843,6145.671364]}},"Sort_Reversed":{"name":"Sort_Reversed","build_times":{"1.17":[211.354903,204.675527,256.617933,188.968957,194.750194,192.342695,190.312911,188.56604,188.017118,182.48769],"1.18":[204.455258,214.90347,211.943453,203.510321,196.902661,213.791726,208.616922,218.280003,207.270669,204.641666],"1.19beta1":[417.001346,416.314717,452.245755,439.184396,428.78335,438.839381,447.569354,435.396134,433.68836,466.775477],"1.19rc1":[233.447498,232.135944,219.623741,254.246434,241.021302,252.799677,239.405737,232.343753,245.126167,224.447835],"1.19rc2":[211.742221,201.223898,206.578913,208.683797,220.534275,218.510493,223.113579,206.477409,203.599093,205.904086],"gotip":[237.723164,228.531594,209.55733,212.02653,212.79446,236.847428,201.58641,210.180155,217.460649,212.983368]},"run_times":{"1.17":[4645.695088,4914.623636,4843.495041,4649.867129,4689.573623,4773.8636,4806.497044,4732.817713,4602.132476,4610.3596],"1.18":[4815.699504,4703.450813,4710.506776,4736.15911,5024.763703,4775.04089,4721.111142,4737.109722,4639.165918,4594.501997],"1.19beta1":[457.501306,456.886671,452.047477,474.518001,460.423433,464.899414,459.147383,459.882412,450.807447,460.028118],"1.19rc1":[449.791006,465.820551,450.722443,463.453655,456.632181,466.267064,454.309982,463.920469,452.595613,461.062054],"1.19rc2":[472.386509,481.192163,497.012301,473.882869,451.955187,459.525692,485.127222,469.216782,471.326561,475.577432],"gotip":[445.69783,442.330395,466.540169,453.518945,460.713434,459.930003,506.197865,484.436389,491.729882,458.637651]}},"TimeAfterFunc":{"name":"TimeAfterFunc","build_times":{"1.17":[385.667794,198.36868,200.145256,193.657682,190.569951,222.811813,210.315386,281.394188,271.551172,213.039001],"1.18":[744.031282,253.171708,207.786225,214.714212,206.72108,215.37834,234.348127,257.532289,228.742194,229.042607],"1.19beta1":[2851.147681,456.676087,444.974914,462.408619,448.954475,445.209023,454.647705,465.720753,437.058993,478.306562],"1.19rc1":[944.234164,300.91439,262.334814,259.79581,258.047439,271.04437,258.583461,264.018182,259.29369,270.510648],"1.19rc2":[895.577733,275.81862,228.756007,246.990947,234.469939,230.523578,236.240911,251.428128,237.44986,249.085333],"gotip":[1006.689619,279.662284,309.409584,246.799959,226.548641,218.377911,218.733826,221.432234,208.867428,215.020375]},"run_times":{"1.17":[6774.468971,6535.190813,6220.976679,7158.47297,6973.77955,5642.017381,7394.203387,7478.705222,7287.19291,6516.735021],"1.18":[5633.104189,4803.75368,4696.976531,4871.606219,4479.54641,5035.009923,4953.613114,5331.786004,4576.441583,4471.541206],"1.19beta1":[4686.173211,4949.859878,5233.15379,8559.712339,5360.844176,5421.181154,4539.496906,4717.463039,5083.55717,4382.47086],"1.19rc1":[4620.275611,7137.928876,4685.493091,5617.930589,6315.193945,5899.94389,4912.395441,5502.073244,5449.312311,4778.583258],"1.19rc2":[6133.634269,6720.194164,7035.153685,4954.192616,5046.365397,5133.643751,6257.675807,6101.636287,4816.803157,5027.42744],"gotip":[6203.724707,4796.841027,4726.666479,4964.280029,4776.698951,4986.624431,6671.359028,4669.118576,5218.173561,5679.863086]}},"alloc_1.5k":{"name":"alloc_1.5k","build_times":{"1.17":[677.000253,185.391129,177.039571,162.082631,179.170363,170.475791,174.702671,184.48769,168.538508,175.332998],