{"Fibonacci":{"name":"Fibonacci","build_times":{"1.17":[136.475924,136.574932,137.73993,145.500486,138.831223,134.462854,139.682194,137.358535,137.170189,135.539581],"1.18":[145.266781,139.460101,141.039105,143.446362,140.683681,139.166282,137.852097,146.538363,135.60655,143.845588],"1.19beta1":[291.346097,284.173039,275.979116,317.250451,309.542258,278.659487,286.322377,282.163418,288.537452,280.484524]},"run_times":{"1.17":[4299.787014,4382.373896,4320.133823,4329.070583,4351.441933,4438.264811,4341.057699,4240.334282,4241.87469,4272.14103],"1.18":[4391.028068,4464.394487,4184.217892,4084.455848,4105.231882,4202.023167,4278.69019,4249.443345,4200.40415,4182.778991],"1.19beta1":[4198.189159,4250.141072,4247.147175,4342.410178,4383.286065,4377.446402,4448.127343,4346.282246,4435.554835,4372.627357]}},"MergeSort":{"name":"MergeSort","build_times":{"1.17":[152.642138,141.474159,141.178739,180.754896,136.040381,138.401045,139.705536,140.734108,142.680243,141.62937],"1.18":[144.996715,146.330003,158.045772,145.252732,149.94004,143.654365,144.23633,145.777428,140.928121,145.754227],"1.19beta1":[308.007593,321.389771,290.452242,305.656024,305.911114,310.378904,308.033752,308.379774,304.887547,304.086195]},"run_times":{"1.17":[6489.062843,6594.866484,6525.270807,6625.892797,6485.146955,6627.457552,6602.525755,6569.524045,6620.918829,6653.41833],"1.18":[6260.780224,6264.133384,6241.465888,6164.472099,6234.60612,6181.073286,6092.74528,6314.112374,6286.975523,6235.578107],"1.19beta1":[8073.296463,7903.167019,8009.139045,7957.156633,7721.307544,7522.637743,7616.803603,7833.973271,7978.848855,7830.470659]}},"Sort_Random":{"name":"Sort_Random","build_times":{"1.17":[155.538295,158.825011,153.761579,159.743271,153.891387,162.605459,158.925017,163.269202,160.720735,161.892712],"1.18":[174.515728,182.864675,172.833318,177.930252,168.032103,160.008978,166.349593,161.503076,165.203418,166.636213],"1.19beta1":[328.811924,340.467186,320.974711,321.871269,321.628553,320.552483,323.238459,331.940428,330.837856,323.201656]},"run_times":{"1.17":[5577.937211,5594.706221,5627.119704,5614.90644,5574.423917,5541.945742,5655.314135,5492.834713,5662.191287,5752.003371],"1.18":[5905.037799,5926.99869,5793.975368,5788.794605,5721.785721,5916.675344,5979.194244,5894.277459,5867.594905,5855.477247],"1.19beta1":[5778.494458,5816.735841,5850.989864,5959.063537,5961.098429,5893.639212,5889.09798,5862.349072,5900.622056,5903.153134]}},"Sort_Reversed":{"name":"Sort_Reversed","build_times":{"1.17":[153.491448,158.140952,148.696633,159.940969,146.80911,150.31714,150.408445,154.162392,152.654792,149.070458],"1.18":[160.876435,162.821662,160.366901,158.077751,155.15766,152.931315,153.747567,155.390976,159.923572,154.014985],"1.19beta1":[327.667455,313.123304,308.935539,310.262425,324.744674,312.130048,318.597471,312.946801,320.513597,314.718917]},"run_times":{"1.17":[4325.415537,4387.910204,4351.126377,4355.516935,4390.207093,4401.491938,4346.715888,4329.282502,4365.152065,4343.00849],"1.18":[4030.797954,3957.748074,3951.722564,3952.196146,4069.201772,4090.739463,4108.555625,4142.233578,4170.453612,4152.560199],"1.19beta1":[433.140375,421.737428,433.441994,434.952193,425.628883,428.340661,426.891666,429.492736,427.207586,427.760523]}},"alloc_1.5k":{"name":"alloc_1.5k","build_times":{"1.17":[135.351965,132.706091,140.980132,141.686279,141.070338,139.520237,129.786999,134.618516,137.777523,136.443336],"1.18":[156.781197,140.0726,139.238545,138.844696,137.509316,141.218269,138.563888,140.337209,142.431253,143.971558],"1.19beta1":[313.25614,387.738443,301.210411,297.120065,302.530991,308.96468,314.262601,314.802833,301.834049,302.172469]},"run_times":{"1.17":[3605.318408,3637.271166,3586.209524,3578.837648,3585.129771,3611.196223,3660.892434,3787.849229,3573.728921,3588.501191],"1.18":[4925.262843,4932.497412,4933.316085,4950.361129,4920.901814,4950.331486,4963.146771,4963.891935,4924.710273,4940.492658],"1.19beta1":[4922.380637,4902.831452,4939.903489,4910.818484,4806.4682,4827.509894,4723.182787,4698.28044,4644.434504,4776.375706]}},"regexp_Compile":{"name":"regexp_Compile","build_times":{"1.17":[179.116036,174.201815,180.016595,171.432833,177.102104,181.101966,171.792456,173.749884,180.897453,170.9215],"1.18":[179.907988,175.332488,173.603675,174.549737,176.653075,183.195304,174.90406,169.164584,180.218509,171.636946],"1.19beta1":[336.251369,333.984821,332.697836,344.999244,340.816869,339.039853,335.762537,327.770813,340.844271,340.38454]},"run_times":{"1.17":[1214.078049,1217.982105,1212.894272,1198.476828,1177.777472,1198.383121,1221.685548,1218.750656,1169.231611,1208.679496],"1.18":[1268.035377,1269.090822,1292.944483,1272.425541,1284.234013,1308.301487,1288.299339,1283.203122,1276.225363,1258.290686],"1.19beta1":[1319.727554,1309.090954,1286.536474,1320.869926,1295.250646,1294.717511,1282.433943,1298.51198,1312.637307,1292.09866]}},"regexp_FindAllString":{"name":"regexp_FindAllString","build_times":{"1.17":[178.227277,185.682967,173.617076,187.234268,178.624404,183.903749,183.969854,178.619904,180.437122,167.029944],"1.18":[183.578607,190.163639,187.848587,188.073701,185.842356,184.046338,179.609948,181.936801,188.196109,186.717913],"1.19beta1":[333.594127,341.979276,336.707638,340.135595,332.201075,336.144533,341.27917,337.297609,337.261806,337.641331]},"run_times":{"1.17":[2667.815928,2610.804616,2607.545202,2616.402944,2567.679195,2632.112811,2638.196621,2720.244377,2661.842995,2702.601453],"1.18":[2826.130053,2878.27067,2810.057231,2796.580649,2810.703536,2811.17247,2800.32486,2835.479789,2726.890021,2820.545849],"1.19beta1":[2621.978363,2598.43402,2672.803651,2577.210281,2568.400103,2584.202077,2611.040218,2591.455636,2543.743199,2599.923521]}},"switch_case":{"name":"switch_case","build_times":{"1.17":[219.163557,216.985214,223.93787,223.237725,223.257125,228.187338,219.550769,216.851894,224.606701,215.701918],"1.18":[224.57452,215.361816,218.439518,232.19342,222.535186,214.027928,214.921188,211.887988,216.694504,210.336187],"1.19beta1":[397.413251,371.322047,375.349011,370.549897,385.180853,363.744553,376.895612,376.359777,374.469953,362.93]},"run_times":{"1.17":[6006.28812,6028.770044,6037.085151,5987.62568,6065.034094,6123.853823,6028.075211,5914.334697,5882.06368,5852.629052],"1.18":[6476.94075,6586.89938,6528.476208,6542.692506,6618.282027,6591.372018,6576.18578,6564.272632,6579.217154,6613.462759],"1.19beta1":[3761.348141,3778.032951,3775.322474,3763.7531,3831.42069,3794.75105,3800.547161,3849.332401,3833.063069,3819.221468]}}}