{"CGO_CALL_C_FUNC":{"name":"CGO_CALL_C_FUNC","build_times":{"1.17":[531.671891,475.172933,482.393317,458.248437,463.366295,475.498838,474.567126,478.184868,462.047288,446.602408],"1.18":[481.086607,482.16122,706.337732,481.325922,470.252095,484.269658,500.489149,493.267863,502.33047,489.587021],"1.19":[538.837169,540.958594,530.593672,525.093803,543.553618,639.796137,553.839138,543.634619,528.357541,575.314088],"gotip":[3818.239016,3784.989378,3959.788141,3693.568394,3715.156251,3809.387868,3896.259277,3774.078052,3657.289594,3749.225403]},"run_times":{"1.17":[3417.640357,3861.14083,4018.993964,3869.556794,3872.783242,3858.555876,3405.374373,3858.835054,3877.430685,3405.698493],"1.18":[3518.085109,3515.786683,3527.991277,3516.138064,3516.692509,3518.087302,3517.064239,3516.920077,3515.10059,3516.44801],"1.19":[3541.156261,3127.495059,3124.780429,3174.075944,3546.805592,3539.70341,3541.583609,3541.334707,3541.786091,3127.608875],"gotip":[3555.207348,3555.613991,3554.268588,3556.777525,3555.042114,3557.639155,3558.4559,3555.326963,3555.477968,3557.85498]}},"Fibonacci":{"name":"Fibonacci","build_times":{"1.17":[129.039825,132.031958,120.626532,176.343247,160.593073,128.195115,128.363875,127.44829,135.778188,125.385566],"1.18":[205.625796,163.233701,132.720446,128.760002,126.652177,138.094912,131.408333,128.733202,130.853426,131.703037],"1.19":[138.652711,139.354518,137.876901,132.202036,133.166046,139.637022,144.113874,144.802582,141.008037,136.92339],"gotip":[2768.691294,2836.531291,2693.483828,2855.100525,2912.868402,2833.730882,2871.36655,2675.575971,2802.56186,2798.897534]},"run_times":{"1.17":[3903.062835,3904.473953,3902.547555,3903.498563,3905.518552,3900.899898,3901.016985,3901.168297,3901.37168,3901.133047],"1.18":[4016.382957,4013.136831,4017.307619,4011.251639,4011.144311,4015.310116,4012.693244,4011.329528,4011.308823,4010.83871],"1.19":[3900.920604,3443.501603,3443.219011,3443.58322,3442.031821,3442.216923,3902.719358,3903.29646,3901.27294,3902.632556],"gotip":[3921.725066,3445.361667,3447.376778,3906.452199,3904.28702,3914.784338,3901.31956,3911.535127,3912.921421,3908.492449]}},"Garbage_Collection":{"name":"Garbage_Collection","build_times":{"1.17":[134.758863,132.885342,129.899908,130.984319,129.159599,123.878738,129.608104,135.076567,132.180434,132.841041],"1.18":[143.80738,135.941431,140.274758,178.363591,205.684159,133.407616,146.538496,140.158358,233.79883,164.344305],"1.19":[145.435628,140.148094,144.973925,142.057206,149.977257,149.786455,144.505322,142.66311,139.376289,137.012374],"gotip":[2752.656597,3129.858009,2821.370556,2869.438563,2744.28506,2793.748565,2798.964299,2792.353087,2736.494496,2705.633301]},"run_times":{"1.17":[5590.096461,5439.598124,5666.25055,5670.404763,5713.588325,5704.019842,5391.790819,5320.137411,5361.939484,5737.961862],"1.18":[5728.833434,5767.903481,5744.350687,5708.576285,5720.138925,5616.717455,5094.548215,5172.38522,5408.610907,5243.016683],"1.19":[5485.864932,5424.821839,5439.81618,5531.988884,5293.453248,5210.872406,5464.756782,5415.113089,5258.340988,5561.076183],"gotip":[6229.958899,6059.461576,6967.728945,6227.023628,6212.378919,5880.526657,6098.349475,6200.517514,5986.228139,5885.469653]}},"Goroutine_Creation":{"name":"Goroutine_Creation","build_times":{"1.17":[139.511295,132.036546,132.028547,130.476737,131.173241,138.623089,129.44403,142.220412,134.544563,147.476645],"1.18":[145.191058,154.885869,145.977568,139.337791,139.780597,156.169187,153.130478,141.390843,138.59401,141.22874],"1.19":[147.528711,145.464987,148.143818,149.350232,143.398163,140.755632,144.076071,140.748333,150.297743,144.91158],"gotip":[2883.927173,3194.76587,2952.306055,2888.506714,2901.689767,2845.564509,2926.803329,2831.22962,2837.456245,2925.509665]},"run_times":{"1.17":[13285.005909,13258.483801,8965.578123,8953.175,8905.848053,8882.720176,8911.914251,8923.983557,8854.187334,8872.860789],"1.18":[4961.568333,4961.569507,5007.773919,4924.893549,5269.850467,5184.500909,5228.719423,5239.346348,5210.536599,5188.993999],"1.19":[8471.318502,8400.470362,8409.920295,8373.569353,8356.132394,8411.600984,8490.104174,8399.414224,8388.546708,8373.4961],"gotip":[8572.354798,8485.512983,8455.117651,8480.760061,8478.811787,8485.755519,8382.155832,8434.222224,8439.741459,8887.044173]}},"MergeSort":{"name":"MergeSort","build_times":{"1.17":[137.982696,137.779795,138.341801,139.796218,128.294784,125.759856,126.972869,132.595935,127.06007,133.121141],"1.18":[136.66248,136.223375,141.164932,137.826393,142.332746,130.969014,133.690845,217.292212,274.346072,149.466627],"1.19":[147.775609,154.931892,145.035977,135.312665,160.624757,153.396575,148.898422,150.976346,149.443929,160.137152],"gotip":[2853.829932,2730.332117,2839.027188,2724.160457,2757.223108,2869.613793,2704.475282,2699.685408,2770.175118,2817.531266]},"run_times":{"1.17":[5749.946035,5985.199547,5902.030174,6080.491002,5977.472355,6044.498595,7014.425044,6693.807991,6007.741982,6239.999263],"1.18":[5787.744126,5724.37414,5816.022793,5894.390302,5842.579806,5771.681388,5899.606349,5932.660233,5923.909241,5974.875307],"1.19":[7559.159224,7298.341683,7496.805957,8047.577526,7625.368701,7656.643818,7603.210747,7472.41716,7870.922996,7578.945474],"gotip":[10025.608987,8963.979942,9171.87001,8729.512209,8514.342981,8909.91358,8801.828025,8874.41868,8762.031574,8902.895725]}},"Sort_Random":{"name":"Sort_Random","build_times":{"1.17":[169.747493,153.621788,156.602108,150.68177,149.592063,153.395788,152.26078,151.880777,152.298081,148.940758],"1.18":[153.241591,158.070622,160.987941,156.20271,159.28983,154.734201,161.704445,146.275546,144.182333,159.33223],"1.19":[148.394234,144.727796,144.381192,152.679178,154.077393,145.816607,177.305333,155.168703,147.596966,157.266486],"gotip":[3215.20182,3220.373751,3138.89968,3989.483991,3185.386695,3299.347119,3271.140893,3282.01786,3299.845255,3239.745929]},"run_times":{"1.17":[5011.842082,5013.055974,5012.219901,5011.474788,5012.94844,4422.845141,4423.78083,4422.684419,5011.4487,5014.923714],"1.18":[5032.163072,5033.294167,5039.305365,5033.915076,5033.217509,5034.914595,5030.306553,4441.651842,4443.731847,4439.448085],"1.19":[5097.475873,5078.184502,5087.260891,5080.763537,5084.929849,5096.905068,5087.458765,5092.071255,4581.370036,5082.91624],"gotip":[5078.74313,5080.419304,5078.910826,5079.088817,5078.781244,5080.309961,5080.599714,5087.559658,5084.161641,15282.188818]}},"Sort_Reversed":{"name":"Sort_Reversed","build_times":{"1.17":[132.844572,122.296748,119.22541,131.369255,132.260165,130.039539,143.398597,137.647528,131.866861,135.465203],"1.18":[154.61558,157.545214,145.368274,146.590888,142.840644,143.214349,142.504341,135.935065,141.182026,134.510149],"1.19":[151.550835,155.020481,142.813117,139.30147,145.19585,149.531607,144.558541,136.583934,149.365205,150.339819],"gotip":[2976.345591,3058.555055,3072.414789,3095.75668,3063.642756,3265.296189,2967.559129,3155.410091,3122.839394,3208.82262]},"run_times":{"1.17":[3278.684198,3713.580555,3714.474984,3278.376268,3296.036845,3275.807827,3274.777064,3274.875352,3274.454729,3711.974585],"1.18":[3155.591619,3577.277742,3578.177419,3577.932715,3585.899685,3576.027323,3577.34201,3577.671786,3576.220165,3576.85852],"1.19":[369.637262,326.473983,326.230579,369.993467,369.600662,369.556462,370.816679,369.545361,327.046991,327.244594],"gotip":[369.314638,369.463739,369.830244,328.092165,325.789838,328.013763,325.666837,325.624436,369.46634,369.328445]}},"TimeAfterFunc":{"name":"TimeAfterFunc","build_times":{"1.17":[402.332397,156.29388,153.989462,153.295456,153.245456,153.526258,155.499374,154.106462,154.166864,152.719351],"1.18":[423.140485,164.113833,166.971467,147.65094,152.743199,161.587104,161.051797,157.703858,144.3219,156.699146],"1.19":[305.310584,164.615033,157.543149,160.657786,168.528879,158.321959,163.008413,165.976149,148.913448,156.832441],"gotip":[3683.705756,3881.597437,3698.563574,3870.956124,3952.064478,3741.865054,3621.495179,3816.224741,3845.717084,4285.329535]},