{"Fibonacci":{"name":"Fibonacci","build_times":{"1.17":[124.095606,123.274403,120.320091,151.212418,120.510391,121.692797,121.290395,122.670901,116.709976,120.463492],"1.18":[124.733882,129.101599,123.249777,145.117361,129.4572,140.234642,127.459193,122.969775,126.240688,129.403401],"1.19beta1":[265.348311,265.070209,267.064917,262.6175,263.560902,266.589105,265.554201,265.540002,263.456993,265.026199]},"run_times":{"1.17":[4791.308916,4793.497884,4792.12646,4791.88855,4791.76497,4792.098853,4793.156135,4793.277575,4791.667724,4791.999224],"1.18":[4795.929508,4796.458642,4827.63882,4797.734544,4796.578077,4797.101555,4796.668013,4796.299794,4796.956883,4796.159754],"1.19beta1":[4796.802786,4798.592755,4795.755982,4796.983561,4796.198522,4796.841425,4795.492101,4795.257197,4796.208509,4796.168266]}},"MergeSort":{"name":"MergeSort","build_times":{"1.17":[126.476871,124.857066,126.415071,127.621375,137.860714,121.341352,126.983573,123.189659,123.167159,129.174181],"1.18":[130.652653,133.841164,132.60816,133.223662,125.695236,128.640646,134.587767,146.269307,136.206172,137.945579],"1.19beta1":[283.628276,277.363154,276.471252,263.271906,273.016739,268.912925,269.150227,268.045822,272.450637,271.851036]},"run_times":{"1.17":[5970.498743,6071.963225,5972.244754,5965.449226,5917.399346,5918.120682,6016.181773,5992.764969,5954.979913,6005.234824],"1.18":[5664.158825,5744.513491,5631.955057,5638.972294,5683.401751,5623.416333,5631.084675,5638.965793,5638.807563,5623.529154],"1.19beta1":[6978.863149,7004.90715,7119.811501,7016.494287,6998.632334,7007.308339,6940.160044,6954.25294,7075.99918,7225.84985]}},"Sort_Random":{"name":"Sort_Random","build_times":{"1.17":[143.88878,140.51427,142.263575,139.409165,142.326976,144.504182,144.550083,143.422179,142.092674,138.583263],"1.18":[157.135323,154.828714,147.20059,149.923398,149.490597,154.096912,143.131476,145.585384,145.879885,149.469697],"1.19beta1":[282.069775,287.487375,283.768929,282.389823,283.534828,283.330128,285.787438,278.972307,279.831711,281.173217]},"run_times":{"1.17":[6096.274679,6090.523577,6083.315363,6109.111321,6073.249413,6071.192138,6069.966683,6073.949926,6087.259898,6083.410015],"1.18":[5978.889079,5992.233101,5975.403549,5975.38584,6013.907808,5976.261488,5973.737916,5982.793297,5974.250976,5974.994883],"1.19beta1":[5926.80618,5923.660436,5938.958323,5931.904036,5922.309224,5945.541045,5924.787555,5937.731367,5929.914653,5923.889807]}},"Sort_Reversed":{"name":"Sort_Reversed","build_times":{"1.17":[126.94423,134.325756,160.539244,128.191035,129.451039,127.438032,135.087758,131.523846,126.399229,127.242331],"1.18":[138.338185,139.196288,168.022488,140.821094,138.372085,139.620889,141.728796,140.561293,140.193691,142.877901],"1.19beta1":[268.548766,278.117092,271.009972,274.231782,271.812775,274.652182,266.873761,273.76758,271.177573,266.77646]},"run_times":{"1.17":[3629.51915,3717.1349,3690.729147,3646.784583,3642.812125,3635.524403,3655.164855,3705.014468,3639.611239,3631.083825],"1.18":[3544.006264,3543.821252,3548.59287,3545.445639,3545.261978,3542.450954,3540.376753,3539.796114,3540.966772,3539.62067],"1.19beta1":[395.174126,390.898414,398.116935,391.558816,394.308423,395.393427,395.402327,395.424827,398.000334,395.289926]}},"TimeAfterFunc":{"name":"TimeAfterFunc","build_times":{"1.17":[143.022644,146.059159,147.919767,143.078245,140.066831,141.706739,143.711048,144.453351,144.18325,147.551965],"1.18":[438.60335,164.749195,158.687169,149.544231,154.733552,151.71274,156.755061,151.172438,155.227455,157.705565],"1.19beta1":[424.34052,289.155041,295.15337,293.625411,284.358866,284.261165,290.159395,279.417842,285.00097,286.163075]},"run_times":{"1.17":[4188.617104,4606.656634,3995.572819,4476.424625,4238.021311,4613.303552,5729.249925,4250.113149,4837.732025,4604.715686],"1.18":[3805.36165,4887.91883,5029.548505,3200.891213,5458.809475,4665.685621,2847.667067,3842.682162,5273.079129,3829.287528],"1.19beta1":[4636.006478,4624.340925,5070.705111,4641.955964,4206.181874,5191.656599,4555.82237,4700.267378,5469.557923,4780.155264]}},"alloc_1.5k":{"name":"alloc_1.5k","build_times":{"1.17":[130.206305,120.995583,125.988796,122.831188,121.278584,134.542615,120.541583,124.358791,122.829388,123.66259],"1.18":[136.6503,128.984866,136.6864,132.760383,130.231172,130.728074,131.218576,129.93087,131.290376,132.617882],"1.19beta1":[270.329355,270.001654,271.379068,271.062839,267.434924,260.324495,268.489628,270.455337,263.957609,265.101831]},"run_times":{"1.17":[3751.738694,3702.516617,3694.913757,3687.794571,3703.987537,3693.718824,3689.629273,3729.326918,3709.185403,3696.512144],"1.18":[5218.550406,5218.76969,5222.417602,5228.533522,5219.274373,5219.304961,5218.277925,5218.970409,5218.217414,5217.380006],"1.19beta1":[5218.122117,5218.498322,5218.945859,5218.810632,5220.278433,5219.644419,5219.036057,5220.59866,5220.579387,5217.656197]}},"regexp_Compile":{"name":"regexp_Compile","build_times":{"1.17":[217.121851,159.961879,157.520672,161.910685,163.54869,159.848879,158.732175,160.883882,158.383475,155.945467],"1.18":[208.002763,171.192869,168.842671,167.907768,169.329172,176.156795,174.330289,171.766881,174.264989,166.029461],"1.19beta1":[315.074566,302.286823,303.542127,300.112815,291.126785,302.077523,296.186302,298.404609,296.425003,297.824908]},"run_times":{"1.17":[1073.960618,1071.938511,1073.524114,1071.108851,1072.132039,1072.420702,1086.678441,1073.249305,1080.069923,1084.793536],"1.18":[1117.23399,1130.889686,1140.099021,1144.211036,1130.447584,1110.211008,1112.888618,1113.95566,1133.854436,1136.328045],"1.19beta1":[1128.449518,1137.562349,1140.861271,1141.077277,1149.103003,1148.391402,1132.468547,1132.658848,1137.608164,1140.702778]}},"regexp_FindAllString":{"name":"regexp_FindAllString","build_times":{"1.17":[161.479849,160.057644,164.782661,159.820843,161.400249,161.572949,159.107241,161.416249,161.970751,166.305065],"1.18":[179.18371,172.285086,170.642581,162.778754,170.59398,171.603185,170.61748,172.696088,173.051189,173.827891],"1.19beta1":[313.23891,314.347213,310.021499,310.916603,316.329319,358.073454,315.810218,312.558008,309.554498,313.221209]},"run_times":{"1.17":[2344.10637,2353.930703,2342.897652,2331.413605,2368.123329,2332.15575,2338.150846,2334.721833,2335.259935,2361.251479],"1.18":[2335.669748,2341.077937,2348.698973,2337.101434,2357.494001,2337.063602,2334.115337,2338.338677,2355.285446,2420.509602],"1.19beta1":[2189.301794,2196.74725,2195.886646,2216.762527,2186.135216,2195.000426,2186.995298,2205.24226,2224.483328,2181.930887]}},"switch_case":{"name":"switch_case","build_times":{"1.17":[229.118853,197.717963,182.26982,192.647349,185.241528,188.51901,192.006331,191.708029,187.636917,190.086024],"1.18":[230.862362,205.84828,196.77835,192.688536,192.045334,201.015664,193.97924,199.290758,193.247938,199.206058],"1.19beta1":[350.487397,326.573774,330.511994,321.77585,320.791344,326.769075,331.388399,323.612958,324.807764,323.935261]},"run_times":{"1.17":[5971.799109,6012.872361,6002.183133,5961.334557,5951.376128,5923.969951,5959.316959,5915.090893,5926.838714,5911.60058],"1.18":[5905.482487,5907.69554,5935.769952,5899.748726,5936.228138,5953.267621,5922.126908,5894.140352,5899.933585,5882.536072],"1.19beta1":[3412.695181,3416.379735,3416.989739,3416.08111,3415.63117,3413.834214,3413.755745,3417.66499,3415.875656,3418.560259]}}}