{"Fibonacci":{"name":"Fibonacci","build_times":{"1.17":[131.339908,130.325088,135.515191,130.177886,127.019022,134.333068,132.166324,131.366809,129.866879,127.617635],"1.18":[138.291398,131.919574,134.434923,141.028251,137.967392,136.537164,138.300398,138.314799,140.182635,139.332118],"1.19":[145.207461,153.006512,158.854827,163.308815,162.03139,156.722985,147.425902,146.732589,147.689807,154.989651],"gotip":[149.823527,150.748144,150.433139,152.069771,144.521423,147.483281,147.094473,150.121633,144.676726,145.327839]},"run_times":{"1.17":[3901.703073,3902.540089,3902.000565,3901.786458,3902.218161,3901.037291,3903.3573,3905.376811,3903.163999,3902.565139],"1.18":[4011.904247,4013.686361,4015.373155,4012.216992,4016.94902,4011.738567,4012.11649,4016.077576,4012.308353,4015.144604],"1.19":[3906.106194,3902.074922,3903.718868,3915.065349,3908.353247,3901.355282,3903.076671,3915.669002,3901.488429,3907.468131],"gotip":[3900.9386,3900.867449,3900.889755,3903.787665,3904.234471,3901.253953,3903.819781,3903.474104,3905.799021,3904.371712]}},"Garbage_Collection":{"name":"Garbage_Collection","build_times":{"1.17":[150.679094,142.40703,146.228105,136.644115,139.018362,139.538872,138.976761,139.978881,138.830158,138.141145],"1.18":[143.00215,143.275856,142.838847,149.764585,147.351937,147.576641,151.169013,144.610882,147.628943,145.067491],"1.19":[149.295673,151.339514,151.60182,152.079429,147.05823,149.529678,149.051069,147.905747,153.476457,148.734962],"gotip":[150.379199,151.655023,143.884768,147.126333,162.939849,156.096213,148.616163,149.783686,148.067553,149.913989]},"run_times":{"1.17":[5684.275831,5713.345777,5549.877054,5705.647471,5727.778844,5685.962884,5696.585426,5613.094979,5627.046886,5674.796579],"1.18":[5676.885311,5736.174631,5754.452662,5694.966272,5698.589549,5763.41883,5713.735164,5682.598759,5656.656349,5735.19974],"1.19":[5643.839399,5546.485646,5522.457251,5531.041245,5543.438703,5528.772339,5539.912409,5536.67474,5532.639566,5559.618953],"gotip":[5560.771363,5555.819037,5560.048733,5575.886112,5557.299195,5554.842169,5579.350307,5511.339042,5537.058984,5592.022248]}},"Goroutine_Creation":{"name":"Goroutine_Creation","build_times":{"1.17":[154.785987,145.043693,147.593545,173.348381,142.462967,144.750412,141.288344,146.014338,143.889295,140.101819],"1.18":[146.22212,148.929874,156.821432,153.116957,153.828972,152.118938,149.653089,155.020996,144.821192,148.816272],"1.19":[151.447821,158.875769,154.184375,158.41886,150.047093,157.485541,154.009772,153.148855,150.336799,148.711466],"gotip":[152.232929,148.464554,149.140568,152.058125,153.126947,157.056825,162.231028,148.73266,153.78946,147.134927]},"run_times":{"1.17":[9199.255832,9289.09674,9479.74681,9162.891457,9153.366732,9150.365744,9186.962362,9157.391653,9169.156955,9195.622427],"1.18":[5487.293663,5453.383476,5433.025263,5535.837935,5681.681259,5591.976927,5622.378792,5635.658834,5620.570014,5605.266408],"1.19":[9128.11151,9107.470041,9089.965035,9061.387731,9110.31358,9151.132803,9153.433559,9106.96946,9108.563254,9183.903502],"gotip":[9115.052495,9035.996745,9051.10113,9042.892747,9050.646506,9029.005391,9052.924747,9080.958752,9038.877434,9063.823237]}},"MergeSort":{"name":"MergeSort","build_times":{"1.17":[140.329898,156.329017,156.914929,154.99279,131.647224,135.139694,143.625964,140.857108,137.060537,138.505367],"1.18":[145.728001,143.759262,139.831583,143.199851,142.478736,139.396875,142.514536,140.16769,148.629559,143.051147],"1.19":[159.150954,154.994071,150.755687,157.839728,159.319557,154.47176,153.995952,153.557742,155.682985,154.707066],"gotip":[152.132316,166.378897,154.148055,155.709387,155.980291,157.156715,154.522363,153.585144,152.428421,152.40122]},"run_times":{"1.17":[6098.563463,6079.528163,6094.33248,6058.743211,6027.596933,6214.681384,6050.953827,6081.524524,6135.832462,6060.438055],"1.18":[5970.442696,6157.676938,6006.439956,6002.96223,6027.991323,6033.967306,5956.65112,5943.520093,5964.340058,5986.048782],"1.19":[7596.946627,7594.560605,7649.038859,7624.783386,7583.986174,7637.741629,7698.190485,7565.477862,7634.197637,7629.94169],"gotip":[7716.705297,7775.096945,7736.396865,7766.593014,7665.926079,7684.969627,7667.141241,7705.787917,7715.959274,7673.768033]}},"Sort_Random":{"name":"Sort_Random","build_times":{"1.17":[164.101081,156.181006,156.189207,156.662616,156.021104,155.266788,157.301529,157.674736,149.869581,153.398852],"1.18":[164.378215,163.511198,159.320216,179.633813,158.295396,164.67402,160.575441,160.364236,161.520559,159.679023],"1.19":[165.520263,162.842209,159.911152,160.644076,161.604004,155.801388,159.608664,161.776008,159.045052,163.93885],"gotip":[171.120716,157.471036,156.660619,166.695226,161.347216,164.120172,161.884327,159.925186,160.036989,158.806963]},"run_times":{"1.17":[5011.335379,5013.860808,5011.676277,5014.045039,5012.57264,5013.389089,5014.934655,5014.328072,5012.608257,5012.319979],"1.18":[5027.251826,5040.755299,5028.397475,5033.686323,5026.053852,5027.022348,5029.774457,5026.923047,5030.127563,5029.239422],"1.19":[5080.503615,5092.320242,5080.322381,5083.135373,5091.620597,5080.008948,5082.377532,5080.041043,5079.627207,5083.711371],"gotip":[5078.329542,5078.298975,5078.558324,5076.666144,5076.892279,5079.560378,5077.051208,5077.770636,5074.264933,5077.200997]}},"Sort_Reversed":{"name":"Sort_Reversed","build_times":{"1.17":[137.498054,153.74958,141.244029,145.79922,144.599097,144.170187,138.987984,139.017585,139.7827,140.606316],"1.18":[153.214318,151.497883,162.309804,150.728267,148.009412,143.074512,146.355578,149.779749,147.5217,149.539212],"1.19":[148.893375,153.411465,154.084579,154.207381,154.074079,150.289902,154.338384,149.187681,154.387184,148.741672],"gotip":[155.5323,158.203355,159.648185,151.763722,150.677001,154.277774,150.979007,151.382415,155.715904,157.45914]},"run_times":{"1.17":[3715.530523,3711.223057,3711.974927,3710.906907,3709.178083,3710.809016,3709.043164,3710.378599,3710.475427,3712.767462],"1.18":[3574.631212,3577.64877,3575.391732,3575.2627,3573.882736,3575.946415,3578.170318,3573.765665,3576.902231,3576.144452],"1.19":[369.709586,369.606184,370.480102,370.001993,369.704287,370.622805,369.269978,369.312879,369.632906,369.263898],"gotip":[369.651407,370.759729,370.082815,369.500303,370.694228,370.366621,370.201218,369.3439,370.734229,369.3582]}},"TimeAfterFunc":{"name":"TimeAfterFunc","build_times":{"1.17":[232.177912,151.897535,154.239582,154.698892,158.530868,157.091139,158.11626,163.664571,154.788493,156.801833],"1.18":[470.636097,164.084206,164.158108,164.947523,179.822114,164.756119,161.651659,161.380854,163.200789,160.811342],"1.19":[383.054108,187.293018,193.859952,163.049924,165.080465,165.446273,166.34599,161.8804,169.176449,162.706117],"gotip":[365.215315,166.131041,169.456307,166.296744,165.419727,167.152161,170.491228,167.314165,165.390126,166.476747]},"run_times":{"1.17":[6378.494765,4617.235808,4939.503116,6084.549467,4916.203171,4581.322287,5971.473609,4452.508925,4612.298896,4390.36689],"1.18":[4068.481147,4681.83264,4223.321744,4611.332438,4054.722537,6412.563855,4221.546125,4802.253376,4736.250985,4004.247526],"1.19":[4515.12973,5305.712182,6241.88395,4622.527342,4839.266571,4857.501199,5032.862066,4562.070059,4486.749548,5243.447587],"gotip":[4954.864536,4860.108926,4547.451415,4784.815411,4460.673493,5233.914848,4786.367819,4868.47938,4077.939014,5057.048276]}},"alloc_1.5k":{"name":"alloc_1.5k","build_times":{"1.17":[431.508219,133.490466,128.246162,136.234421,133.335763,138.578268,132.824853,134.67319,138.545367,130.615809],"1.18":[135.64866,139.517235,138.024506,146.263467,140.526855,140.019145,141.883282,136.749781,140.210049,138.268511],"1.19":[149.861861,150.966383,149.34145,146.404287,156.082257,149.981137,150.822654,151.917776,148.702312,147.582591],"gotip":[151.420505,149.020557,149.972075,149.664069,149.910775,146.898314,152.839033,149.609269,145.665892,148.430247]},