{"Fibonacci":{"name":"Fibonacci","build_times":{"1.17":[143.731354,125.804536,121.180679,130.030287,122.991701,115.217006,120.781574,123.997314,127.384854,137.748782],"1.18":[122.759194,130.622289,122.908595,120.04196,124.10581,120.585667,120.670968,162.900782,131.991206,131.201596],"1.19beta1":[268.354853,295.548773,272.179398,403.584742,296.790887,248.239416,251.748159,247.216542,259.623091,270.127815]},"run_times":{"1.17":[3915.856792,3902.721999,3442.149461,3901.305322,3903.765533,3901.302753,3452.807153,3683.62094,3901.386379,3901.401197],"1.18":[4014.451937,3540.352963,4013.023297,3540.582549,3539.378919,3544.440081,3539.875781,3540.054975,3540.803401,3539.255984],"1.19beta1":[3538.981323,3542.642167,3539.02359,3538.885713,3551.408487,3539.896001,3539.39045,3538.887387,3542.280705,4013.792175]}},"MergeSort":{"name":"MergeSort","build_times":{"1.17":[133.212505,128.010643,132.7616,136.213342,126.753027,118.255326,130.046267,124.708803,127.883541,122.352775],"1.18":[136.16835,130.188278,177.301348,151.984642,136.427353,131.512094,132.041,127.784048,137.269064,149.084606],"1.19beta1":[285.409853,289.033897,264.828504,279.051376,263.492388,258.534428,260.923957,275.364132,263.208684,250.809835]},"run_times":{"1.17":[6376.750829,6113.997582,6183.718839,6187.613883,6118.331853,6035.333035,6228.285266,6333.729565,6198.420626,6303.89919],"1.18":[6453.982113,6007.541917,6059.928835,6105.61953,6011.73449,6063.538123,5867.091464,6013.999336,5750.507228,5948.142277],"1.19beta1":[6959.328387,7138.784118,7505.097133,7361.505451,7447.662363,7476.426742,7573.061708,8069.14967,7826.39755,8011.473669]}},"Sort_Random":{"name":"Sort_Random","build_times":{"1.17":[141.144506,139.917092,144.571747,148.637297,157.278402,155.003674,148.707697,145.780563,159.122823,165.780004],"1.18":[163.92708,161.404849,165.608301,159.769129,159.299824,163.746378,151.756033,160.399437,157.541103,155.842283],"1.19beta1":[324.365516,314.252995,289.8893,309.413135,293.527944,338.851191,361.796768,298.054499,312.231569,317.551235]},"run_times":{"1.17":[5018.60097,5014.850005,5012.617074,5011.498684,5020.029285,5016.252338,5013.758493,5017.066949,5018.803605,5016.235909],"1.18":[5033.460398,5033.953407,4463.622923,4457.250443,4441.450387,4442.714378,4439.973871,4440.074293,5031.347043,4440.734296],"1.19beta1":[5030.734847,5030.552359,5039.814548,5034.73429,4434.600934,4431.870569,4433.477874,4436.362727,4431.7689,4431.723985]}},"Sort_Reversed":{"name":"Sort_Reversed","build_times":{"1.17":[157.103097,131.805092,142.074615,147.304679,132.486799,132.365898,135.572037,167.066417,146.889874,144.039039],"1.18":[146.737614,143.873642,175.72802,160.653473,150.687273,144.18074,138.247499,130.176982,144.690934,138.392899],"1.19beta1":[297.835516,286.099593,278.039309,290.672241,309.853842,287.284406,275.186379,317.733025,289.984234,331.769571]},"run_times":{"1.17":[3308.111812,3280.492348,3284.059614,3282.344779,3284.114543,3285.195726,3723.824728,3719.948696,3304.170866,3281.309085],"1.18":[3578.455763,3581.700157,3158.799631,3163.596258,3159.939956,3157.484976,3157.328304,3587.931775,3159.241599,3158.769879],"1.19beta1":[369.782869,326.588717,374.530382,369.573995,369.656696,338.93138,369.902161,369.678687,369.808587,326.60445]}},"alloc_1.5k":{"name":"alloc_1.5k","build_times":{"1.17":[108.386729,110.720759,117.240238,120.342876,120.979984,122.2349,123.585916,118.288951,120.682481,124.79333],"1.18":[129.573098,128.753988,127.009667,130.215306,130.775813,125.906452,131.917628,126.369758,125.012442,124.751139],"1.19beta1":[274.287752,357.933674,249.067643,275.496567,265.542145,280.592629,264.42977,253.807044,274.458899,322.486394]},"run_times":{"1.17":[3021.450071,2932.67646,2870.098385,3016.135986,3069.559866,3128.526198,3018.272748,3123.798762,3279.882642,3136.11418],"1.18":[3834.591814,3836.48828,3834.891428,3834.982658,4353.557062,3836.212966,3834.746701,4347.738649,4346.623674,4346.798922],"1.19beta1":[4347.21344,4118.97465,3835.322997,3873.187183,3834.550945,3838.147464,3834.51074,4347.380687,4351.488323,3838.991003]}},"regexp_Compile":{"name":"regexp_Compile","build_times":{"1.17":[159.25632,153.992756,168.936636,158.372612,162.036857,150.64262,149.109301,151.907235,149.970311,158.684817],"1.18":[158.576011,166.946812,165.862599,166.513107,157.252196,163.137566,157.029493,167.894523,173.530892,161.312644],"1.19beta1":[298.396404,309.016031,303.365364,304.338575,301.496541,308.454925,293.21634,303.528865,320.966676,311.101457]},"run_times":{"1.17":[1030.437746,1069.826621,1057.29117,1087.854039,1109.808104,1104.312037,1052.733301,1024.082144,1151.554579,1033.869161],"1.18":[1108.302858,1130.79373,1116.183862,1184.131885,1223.013955,1077.298496,1260.564607,1880.183683,1090.316959,1130.983358],"1.19beta1":[1094.288414,1152.724421,1097.821257,1186.167927,1114.449292,1098.322705,1178.968737,1124.231105,1131.714491,1289.436355]}},"switch_case":{"name":"switch_case","build_times":{"1.17":[193.45681,184.052437,197.102439,194.71552,207.625821,212.121256,220.482922,204.654798,218.486205,206.034909],"1.18":[200.622462,205.351217,222.014514,193.827262,189.502001,196.36228,198.88051,194.760462,192.181832,184.796847],"1.19beta1":[329.97549,336.799771,362.471983,342.091918,319.787835,300.954279,305.196814,394.070547,340.744907,331.558231]},"run_times":{"1.17":[5223.229128,5214.409817,4606.100143,4593.273257,4590.818595,15636.061698,5208.054194,5201.543606,5205.01998,4589.982698],"1.18":[5722.769464,5246.557562,5050.845311,5051.914157,5723.278309,5053.278533,5723.5635,5721.665865,5721.911451,5051.282199],"1.19beta1":[3272.422658,2888.63213,3271.966627,3271.738799,2889.733177,2886.811384,3281.274803,3271.273502,2888.301365,3275.938767]}}}