{"CGO_CALL_C_FUNC":{"name":"CGO_CALL_C_FUNC","build_times":{"1.17":[497.926365,462.356968,456.575684,459.874772,459.319742,463.889586,459.238138,463.03464,460.483404,456.157673],"1.18":[481.172638,473.981852,470.931589,465.847616,471.804636,465.811914,466.939775,464.130723,464.459042,466.694292],"1.19":[544.281699,524.610544,517.176446,521.041352,516.585013,522.418327,520.719117,524.138949,525.998149,531.06922],"gotip":[3820.635238,3819.611261,3776.901171,3761.598435,3771.476767,3818.696107,3842.691704,3848.107387,3890.106949,3858.609356]},"run_times":{"1.17":[4021.270459,4018.233755,4018.389858,4019.063299,4018.037098,4014.531069,4017.179426,4016.807816,4015.628764,4019.237591],"1.18":[3611.381534,3616.305597,3617.481973,3613.659792,3615.026438,3616.744571,3619.084492,3618.877678,3616.955939,3613.20124],"1.19":[3616.772854,3650.154915,3616.32861,3615.287694,3615.129278,3614.485244,3619.07646,3613.759945,3615.615774,3615.406721],"gotip":[3680.641315,3682.922595,3682.355145,3679.450709,3682.96307,3681.278284,3681.776315,3684.243291,3684.896492,3682.876458]}},"Fibonacci":{"name":"Fibonacci","build_times":{"1.17":[127.809154,142.225327,122.764384,126.437181,158.481399,121.835934,120.802878,124.844696,126.755698,121.933339],"1.18":[127.551943,133.971688,128.132374,134.860436,135.066146,129.821365,130.308191,126.415783,132.491308,128.524296],"1.19":[135.02581,144.416412,135.419631,143.235649,150.768751,136.817305,138.106875,139.847368,140.601707,139.603455],"gotip":[2720.993295,2709.354487,2719.721893,2743.62771,2738.696019,2750.589028,2758.678937,2745.025179,2707.980375,2726.182292]},"run_times":{"1.17":[4792.0633,4792.564185,4791.749735,4793.585842,4792.656315,4792.150516,4792.001589,4791.494849,4794.469308,4792.458491],"1.18":[5039.21377,5038.078053,4797.936087,4796.828718,4797.569139,4797.422326,4796.178814,4798.41523,4797.016904,4796.996454],"1.19":[4796.326795,4791.157438,4792.439117,4791.656113,4791.968853,4791.88888,5036.341673,4793.765583,4791.778901,4790.698952],"gotip":[4791.51621,4796.430512,4791.951184,4794.645043,4795.367799,4794.415117,4792.930203,4795.090998,4794.000513,4793.832759]}},"Garbage_Collection":{"name":"Garbage_Collection","build_times":{"1.17":[135.588191,134.059413,142.473646,139.491593,136.32923,135.676696,133.399778,134.19152,132.07531,132.862351],"1.18":[133.309167,133.843595,136.793749,134.650938,134.958754,144.366545,139.065868,133.236664,137.932209,139.015366],"1.19":[145.83733,143.304297,151.719838,148.029545,151.240313,141.377497,138.583551,140.925173,142.96138,147.272106],"gotip":[2864.604423,2896.088847,2842.855117,2870.665375,2845.617473,2812.739991,2831.224767,2817.097193,2853.640089,2841.503747]},"run_times":{"1.17":[5222.33168,5258.730452,5125.353208,5244.948582,5247.221428,5236.272438,5224.316397,5213.629063,5209.902525,5272.776283],"1.18":[5173.591087,5202.461182,5246.295517,5196.846646,5204.916595,5156.889185,5206.985599,5214.812007,5200.681212,5189.875639],"1.19":[5291.482829,5171.637767,5219.941022,5207.104323,5186.246548,5985.767133,6015.589025,6068.278728,5169.802374,5201.356589],"gotip":[6073.46771,6100.641491,6052.543296,6086.062349,6038.64933,6087.483776,6087.661395,6059.749364,6107.506561,6096.958993]}},"Goroutine_Creation":{"name":"Goroutine_Creation","build_times":{"1.17":[143.483566,149.076761,137.987176,137.939273,138.458901,137.256037,140.073886,137.715762,136.905819,135.98107],"1.18":[142.361323,149.154483,141.510678,147.850714,146.702052,146.889063,143.62609,140.470024,145.764503,142.432427],"1.19":[148.089971,143.706037,142.065951,152.812422,146.617292,146.7653,147.674949,147.948363,141.430112,152.412391],"gotip":[2900.110471,2933.829275,2934.857368,2882.161421,2930.724517,2951.695744,2970.443421,2938.604486,2949.208314,3007.16553]},"run_times":{"1.17":[10433.787964,10415.754613,10338.494085,10337.483327,10429.2934,10376.753815,10403.785503,10355.448269,10252.129035,10305.540561],"1.18":[6503.992424,6472.524527,6468.649334,6457.217296,6406.906525,6326.544855,6324.517523,6326.470524,6374.367376,6385.953596],"1.19":[10557.066203,10469.956856,10514.097626,10539.220431,10576.010162,10527.786029,10489.01303,10492.199406,10470.140951,10479.558714],"gotip":[10736.876774,10698.194813,10666.220498,10729.03389,10725.942146,10633.919816,10651.786256,10623.553122,10636.252921,10639.850162]}},"MergeSort":{"name":"MergeSort","build_times":{"1.17":[137.192236,129.95455,148.30103,152.662563,139.162842,130.758792,132.7777,128.398066,132.555188,129.185508],"1.18":[136.223019,137.90391,136.865653,136.631042,135.651187,136.175217,141.229391,133.165653,139.5566,139.459095],"1.19":[148.938875,161.890069,148.184535,148.826969,162.776016,146.435441,149.262992,152.75848,149.386499,149.881726],"gotip":[2832.594336,2813.087693,2805.916843,2817.061731,2864.643054,2881.800286,2890.589751,2958.540872,2845.374829,2891.450632]},"run_times":{"1.17":[6329.05028,6162.850663,6257.688894,6157.032169,6185.846195,6211.664548,6211.079542,6250.195166,6223.260022,6321.000406],"1.18":[6069.083884,5966.972219,5949.974022,5980.694826,5855.887346,5904.643955,5902.557819,6230.344003,5923.013702,5882.385579],"1.19":[7498.424472,7521.39182,7578.857337,7552.914364,7482.305376,7630.519386,7415.17114,7593.403836,7602.807139,7557.97407],"gotip":[8522.173435,8222.865952,8112.50662,8192.043862,8346.256388,8333.427309,8401.849199,8396.207512,8372.419555,8355.482227]}},"Sort_Random":{"name":"Sort_Random","build_times":{"1.17":[152.871873,142.101904,151.69611,146.032512,145.445281,145.225369,140.133901,145.525085,146.645344,146.851355],"1.18":[146.8897,148.58628,144.465786,152.887282,150.93349,150.005746,146.108864,147.892347,147.156813,146.090562],"1.19":[151.010716,155.014929,149.532738,145.581128,159.826931,147.428691,144.289623,144.923957,147.132675,151.802425],"gotip":[3306.748269,3278.538478,3282.375544,3342.463386,3274.412507,3307.335367,3316.565906,3275.989074,3326.88252,3268.880897]},"run_times":{"1.17":[6072.442306,6068.258199,6063.977811,6068.253798,6072.021278,6064.070228,6068.901363,6067.986845,6067.526487,6070.877333],"1.18":[5978.812755,5986.151434,5976.350948,5980.679599,5985.119752,5987.778784,5982.941965,5985.331589,5979.49577,5978.060752],"1.19":[5917.67363,5917.918351,5917.281117,5953.281165,5921.039875,5919.697027,5919.036383,5918.31907,5916.922067,5921.291074],"gotip":[6165.719833,6145.091026,6143.58928,6145.639074,6143.770237,6143.427117,6142.69916,6144.090395,6142.02796,6143.609884]}},"Sort_Reversed":{"name":"Sort_Reversed","build_times":{"1.17":[141.72477,133.253917,138.678007,134.98101,130.283259,135.232223,133.682141,129.845436,128.727675,134.027359],"1.18":[136.567831,133.54545,136.621916,137.823679,135.710766,134.304491,139.191753,138.074493,134.730314,135.679965],"1.19":[143.002347,138.230392,139.057437,144.229314,143.985701,140.678323,142.531123,141.173651,144.083906,139.839079],"gotip":[3074.907835,3012.004271,3049.162916,3062.730596,3053.426919,3059.952523,3071.294828,3038.555611,3075.112375,3027.507376]},"run_times":{"1.17":[3633.601284,3633.659135,3623.550563,3616.665205,3632.013599,3685.619746,3615.680128,3615.510512,3621.601608,3621.448899],"1.18":[3540.752488,3545.178143,3544.909371,3540.865254,3542.552846,3543.472673,3540.921489,3542.811919,3542.625494,3544.909987],"1.19":[360.815897,360.283468,362.087665,361.019307,360.191064,361.121512,360.453276,360.675888,368.522908,360.639985],"gotip":[360.99054,360.729925,360.705024,360.044989,360.563116,360.63602,360.607619,360.480512,360.392407,360.326904]}},"TimeAfterFunc":{"name":"TimeAfterFunc","build_times":{"1.17":[331.523048,151.038786,147.413792,142.573032,147.255283,142.929252,144.754649,146.667851,153.581422,168.595726],"1.18":[421.500987,168.513016,151.429312,155.146109,149.528111,154.856094,151.77773,151.77103,153.730834,151.873636],"1.19":[484.534249,163.0789,151.898603,153.590893,162.131749,157.4426,152.425331,152.494335,154.302932,158.702867],