{"Fibonacci":{"name":"Fibonacci","build_times":{"1.17":[125.204974,122.736578,124.359142,123.253198,122.376164,123.089892,127.457862,128.369898,126.360919,122.921886],"1.18":[130.746778,141.969014,138.748289,134.472422,133.663692,128.946807,132.382342,132.436443,127.587556,127.810663],"1.19beta1":[287.998453,278.156392,272.138024,272.146042,276.134799,279.920548,274.510734,277.868868,272.326948,277.229242],"1.19rc1":[150.269159,155.16795,156.051885,152.122031,149.849543,152.039429,148.681597,153.37478,153.331479,150.518969],"gotip":[147.488607,154.072861,148.561149,151.830474,148.253537,150.443821,151.624367,147.302299,148.33924,152.819713]},"run_times":{"1.17":[4876.202751,4866.155068,4865.492731,4867.405951,4866.825487,4866.506306,4865.777723,4867.643833,4865.319022,4866.262793],"1.18":[4869.401363,4867.738059,4875.360331,4867.134237,4873.18563,4868.350919,4868.060546,4914.406527,4870.100686,4869.41132],"1.19beta1":[4868.90817,4871.206961,4867.782881,4866.980791,4868.744336,4868.032714,4874.689947,4867.778005,4867.900712,4867.645395],"1.19rc1":[4865.750223,4891.957909,4866.458418,4866.097402,4887.825985,4865.146397,4866.406285,4866.196866,4865.785632,4865.257549],"gotip":[4864.994107,4886.486178,4866.029084,4864.661651,4875.736464,4864.871586,4865.931475,4864.319467,4864.994055,4865.488129]}},"MergeSort":{"name":"MergeSort","build_times":{"1.17":[132.681917,130.251522,123.613067,139.677486,151.444541,134.201875,134.687929,137.575516,126.001152,131.891988],"1.18":[134.060859,139.466291,133.15642,157.228154,153.433391,136.679171,135.932339,134.602682,133.372429,134.530979],"1.19beta1":[275.774555,281.770806,285.641868,303.646423,290.93279,277.924345,272.868233,271.767987,281.065176,277.09351],"1.19rc1":[154.877671,155.168584,159.196851,154.168442,161.919966,158.537524,159.540966,158.480322,154.886571,154.530857],"gotip":[159.055939,155.575296,167.721895,176.157342,156.945152,151.877044,159.654464,161.02552,156.88265,156.603738]},"run_times":{"1.17":[6020.526975,6031.188853,6024.852334,6123.454348,6028.880248,6062.323636,6067.298332,5951.292413,6019.955818,6109.11616],"1.18":[5751.520955,5773.77106,5778.577665,5825.249246,5763.638509,5792.809619,5805.622685,5965.371183,5881.107661,5798.032687],"1.19beta1":[7066.023606,7081.526234,7244.051035,7136.806912,7102.17846,7156.435367,7153.3783,7105.14646,7158.977761,7105.942735],"1.19rc1":[7305.06129,7216.739205,7207.070067,7232.604757,7308.739842,7253.158956,7194.273279,7165.538631,7221.778938,7182.523947],"gotip":[7287.2096,7217.559918,7280.145168,7329.657117,7324.083994,7426.609512,7438.3582,7396.357586,7293.294011,7336.254819]}},"Sort_Random":{"name":"Sort_Random","build_times":{"1.17":[147.651676,142.11906,143.337807,143.318107,144.315546,143.65512,146.272822,150.261679,144.16824,141.678943],"1.18":[157.021899,151.66648,159.941817,155.150522,151.493373,148.71906,152.56753,149.514033,148.609297,151.792523],"1.19beta1":[295.261017,296.154852,295.393823,289.49109,295.557029,289.562993,291.204358,291.467868,286.809384,298.86656],"1.19rc1":[167.059604,165.40694,164.503904,174.052076,164.605308,170.925055,169.210988,165.647349,165.810855,167.769532],"gotip":[169.026181,166.039266,171.074061,166.452382,166.33069,169.848476,170.082886,164.507856,164.361351,171.310535]},"run_times":{"1.17":[6079.754513,6079.592813,6094.753015,6081.385683,6082.788021,6080.974393,6083.337665,6077.887384,6082.41391,6076.953817],"1.18":[6002.227376,6011.391958,5995.514762,6000.767562,6001.666313,5995.683077,6005.022906,6002.482574,6007.027235,6003.641865],"1.19beta1":[5890.306524,5896.404618,5892.217319,5890.971637,5888.039141,5895.795397,5889.690942,5890.143332,5891.13044,5891.798041],"1.19rc1":[5946.265783,5942.896462,5948.290424,5944.92002,5945.312701,5941.218425,5945.00415,5944.677253,5942.547902,5942.280182],"gotip":[5933.363685,5929.818038,5925.91171,5931.01882,5933.060802,5932.84946,5928.637278,5924.697186,5926.947043,5946.101457]}},"Sort_Reversed":{"name":"Sort_Reversed","build_times":{"1.17":[134.251875,131.959488,138.191324,134.509584,130.447331,138.508936,132.107093,132.620513,134.683491,131.443569],"1.18":[144.159846,142.295176,147.782783,143.201709,140.773518,139.316763,146.184122,141.457944,142.312376,141.031328],"1.19beta1":[280.675229,288.110216,280.848911,278.203994,284.744147,290.332461,306.70979,284.350731,283.80491,278.232196],"1.19rc1":[152.18155,159.314124,160.23996,158.92451,160.966488,163.514085,163.788796,157.727963,158.066177,159.749641],"gotip":[154.044774,164.192468,154.714201,153.521754,159.214474,152.288407,157.80932,151.158862,161.995082,160.862539]},"run_times":{"1.17":[3662.183467,3684.064808,3668.711064,3663.193624,3681.333827,3676.791139,3652.564201,3661.384325,3678.247573,3671.120053],"1.18":[3574.588436,3568.030586,3565.639683,3572.476914,3558.599225,3563.670056,3565.651382,3566.767925,3567.801462,3567.198238],"1.19beta1":[394.535667,397.883696,398.169407,395.025685,475.329672,395.261194,392.204277,393.136813,397.572783,395.163391],"1.19rc1":[361.567057,361.194008,361.085804,361.909636,360.890796,361.648726,360.876995,361.131105,361.0036,361.606724],"gotip":[361.300713,361.388116,361.681027,361.624124,362.750668,362.02654,361.49622,361.50162,361.083074,361.840187]}},"TimeAfterFunc":{"name":"TimeAfterFunc","build_times":{"1.17":[163.05036,150.127833,142.890937,146.593788,147.86004,151.387084,146.672591,148.176353,148.802979,151.04557],"1.18":[393.301292,165.208434,160.258034,151.233072,155.512644,152.577726,155.255133,155.452842,151.697915,152.472478],"1.19beta1":[1405.078086,295.140745,290.09935,291.755114,282.751964,289.961344,289.148413,295.365654,293.284373,297.268227],"1.19rc1":[469.329422,173.243611,176.953158,179.172082,172.002407,174.619706,175.590543,167.667843,166.032781,174.387097],"gotip":[180.751755,175.356869,170.155995,169.381554,167.504154,169.757674,165.946472,164.604801,167.961879,163.893564]},"run_times":{"1.17":[4601.457969,5466.471254,4875.15065,5649.848314,4993.786557,5530.475157,5488.307269,5086.187562,5284.305559,5221.331448],"1.18":[6085.658176,5326.566427,6092.425763,4140.031126,5276.846044,4050.266846,4866.254314,4674.641469,4566.502041,4485.591609],"1.19beta1":[4775.522888,4745.670745,5527.455343,4504.628196,5304.929816,5229.488825,5311.859419,4994.772319,4455.552284,4484.369305],"1.19rc1":[4515.192609,4258.617005,5360.546594,4576.768504,5301.242967,4434.631868,4428.405837,3463.320463,5570.311322,6217.574904],"gotip":[4598.058842,5379.086193,5553.473026,5008.32426,5712.003756,5041.162311,5922.942153,4431.684165,5457.418041,5420.642008]}},"alloc_1.5k":{"name":"alloc_1.5k","build_times":{"1.17":[146.246344,126.688362,125.392711,149.190462,145.396401,126.173019,123.992133,125.240582,123.575017,124.688061],"1.18":[133.989107,131.901525,128.679697,146.452001,138.8386,130.205957,134.891644,133.950706,132.895064,138.381781],"1.19beta1":[276.786894,276.811395,277.307714,278.628967,276.601086,283.563861,286.431474,275.847456,292.281403,282.29971],"1.19rc1":[151.101886,158.573377,158.386569,150.845776,157.335529,156.377091,151.761612,155.31705,155.086741,154.383113],"gotip":[150.445134,154.174877,153.286343,153.453549,153.043333,150.482635,150.165124,156.593699,155.453673,153.30009]},"run_times":{"1.17":[3709.003861,3738.978859,3721.219418,3711.444229,3745.962331,3715.093822,3717.71258,3742.477515,3738.200755,3715.821189],"1.18":[5221.816419,5218.746113,5218.240628,5217.739309,5220.865349,5218.033757,5218.956643,5217.231635,5217.086424,5219.777512],"1.19beta1":[5218.141053,5219.24959,5216.957602,5216.841611,5221.491303,5217.483332,5217.217337,5218.16483,5217.687823,5217.574349],"1.19rc1":[2707.155349,2707.339114,2706.720856,2706.783359,2707.461137,2708.545265,2706.731399,2707.128074,2706.545464,2706.280453],"gotip":[2706.882001,2709.128188,2706.715724,2707.825415,2727.81625,2705.932587,2707.044323,2706.20889,2706.782031,2706.787676]}},"regexp_Compile":{"name":"regexp_Compile",