{"Fibonacci":{"name":"Fibonacci","build_times":{"1.17":[127.981523,125.600483,126.372895,125.720485,121.649513,117.36434,123.908552,123.665249,125.068273,125.712984],"1.18":[134.546463,130.682798,133.591847,153.849388,144.230225,134.041555,129.908885,126.753232,132.02582,132.288325],"1.19beta1":[283.34906,281.697031,272.546771,282.401943,275.232218,276.023631,276.743645,274.884111,276.604842,286.561516],"1.19rc1":[159.500212,152.694996,152.9631,153.435008,152.622695,151.16507,151.875582,156.52896,156.767165,161.038037],"gotip":[155.233971,155.636378,154.826664,153.254937,159.646547,157.052103,154.711762,156.824698,152.561425,154.462058]},"run_times":{"1.17":[3900.801474,3899.769954,3904.418189,3903.093471,3902.823672,3901.469562,3902.609538,3900.557895,3900.282815,3900.741061],"1.18":[4013.261199,4012.711275,4013.959212,4014.232248,4023.523227,4011.407623,4012.289591,4011.72743,4012.353758,4012.005697],"1.19beta1":[4028.096947,4013.262457,4011.455246,4011.958287,4011.506651,4012.984651,4014.77159,4012.34466,4015.861691,4012.891619],"1.19rc1":[3901.095697,3900.424751,3900.487446,3902.162726,3901.866129,3902.566583,3899.892605,3899.967687,3900.858868,3901.797536],"gotip":[3906.248916,3904.629198,3904.311693,3904.378563,3904.392008,3904.221127,3904.231309,3904.210407,3906.226494,3904.845607]}},"MergeSort":{"name":"MergeSort","build_times":{"1.17":[130.882382,132.045003,128.98735,123.132648,134.768351,130.864282,148.126584,129.408257,132.507111,130.641604],"1.18":[138.16949,131.906277,135.230437,140.099425,137.359675,141.102743,136.007351,136.799765,137.159072,133.681609],"1.19beta1":[281.798501,281.17969,280.916686,279.268556,284.407647,275.885296,277.081818,283.243626,280.504278,279.209855],"1.19rc1":[158.166353,159.458776,200.267787,155.555508,158.104153,154.832595,155.09,155.145201,154.369388,153.096765],"gotip":[157.40636,166.632122,168.682858,164.050168,164.569574,163.817561,159.629587,168.223138,162.578939,157.238846]},"run_times":{"1.17":[6155.518747,6035.820256,6081.158684,6080.84448,6161.437527,6041.216658,6156.460755,6200.931886,6043.569162,6150.067602],"1.18":[5860.39348,5870.275455,5789.577492,5816.813967,5866.677775,5808.512506,5794.401933,5849.061393,5902.07282,5865.558795],"1.19beta1":[7401.139159,7365.246618,7282.375355,7381.229637,7551.572907,7313.517358,7326.046992,7296.049979,7274.250822,7291.351672],"1.19rc1":[7320.954704,7286.942848,7322.222873,7269.932822,7319.596748,7263.457944,7278.740066,7295.29303,7297.696648,7313.520938],"gotip":[7581.627321,7595.463264,7631.177507,7510.154217,7639.660746,7665.565883,7612.24324,7728.02637,7846.843541,7744.840119]}},"Sort_Random":{"name":"Sort_Random","build_times":{"1.17":[151.389383,150.342277,149.367994,150.070503,151.203718,145.849946,142.676905,145.495342,150.678211,152.685338],"1.18":[167.901578,159.713938,158.703221,159.735438,158.070409,150.819785,154.61675,150.028172,154.824054,153.638234],"1.19beta1":[306.105151,299.656941,302.646139,299.084769,297.920448,298.825764,300.815599,298.675862,294.815792,296.324519],"1.19rc1":[176.45386,167.74009,173.93811,176.059153,169.106215,165.648249,167.226179,166.571966,166.956674,167.068576],"gotip":[171.540208,165.362499,173.610644,171.214901,170.52339,168.84066,169.029264,173.865548,171.264903,167.537237]},"run_times":{"1.17":[5013.709446,5026.191331,5012.341837,5012.075796,5010.500207,5010.768503,5011.588998,5012.839034,5012.173922,5012.098189],"1.18":[5035.551765,5031.960844,5028.621919,5028.550615,5027.081627,5027.431218,5023.213326,5030.103413,5028.874568,5032.633336],"1.19beta1":[5020.270614,5025.978233,5022.586129,5024.386853,5018.701391,5027.00432,5019.972891,5031.001709,5021.271996,5021.607269],"1.19rc1":[5091.549291,5094.366537,5103.580893,5092.788061,5096.823401,5092.442149,5099.615764,5096.384816,5092.482539,5098.093786],"gotip":[5061.01553,5062.000296,5063.279637,5061.506742,5062.424081,5063.424618,5062.748962,5067.937288,5063.851164,5063.845773]}},"Sort_Reversed":{"name":"Sort_Reversed","build_times":{"1.17":[143.958829,134.274959,136.505199,134.468563,134.589464,134.196857,137.456616,139.134644,135.948389,132.309525],"1.18":[147.285391,145.118354,142.001499,140.625174,150.243343,150.761753,145.795666,150.939356,144.983651,143.942533],"1.19beta1":[280.735714,294.108648,363.89257,335.37077,289.356665,285.933605,288.700453,291.294999,287.735437,290.848491],"1.19rc1":[161.71873,159.579194,155.865428,156.840043,159.893296,162.522043,163.258355,153.942192,157.911862,156.366135],"gotip":[164.216672,156.175932,156.076829,160.945415,162.616744,159.597692,161.598226,156.314034,158.479671,165.20229]},"run_times":{"1.17":[3709.091787,3716.023858,3725.680281,3708.702429,3712.261605,3710.00353,3713.369905,3709.995898,3716.099405,3710.494092],"1.18":[3575.520009,3573.890891,3583.697758,3574.807551,3576.451841,3573.436736,3574.770218,3574.678062,3573.599273,3577.739857],"1.19beta1":[369.522668,370.002377,369.811973,370.682989,369.592169,369.318564,371.168997,370.691088,369.938176,369.184662],"1.19rc1":[369.263658,369.662565,370.726484,369.957671,369.850968,369.720767,374.610051,369.179456,369.298658,370.599082],"gotip":[369.364559,370.285676,369.882669,369.266358,369.15977,374.494769,369.328779,370.756304,369.647984,381.606295]}},"TimeAfterFunc":{"name":"TimeAfterFunc","build_times":{"1.17":[169.051947,145.177932,145.940944,145.783342,149.349904,155.132181,156.014065,148.534636,147.52732,145.685288],"1.18":[422.913574,165.134879,177.26429,161.219711,159.702085,158.463562,158.588365,161.459415,162.079326,161.642019],"1.19beta1":[1344.616226,296.522366,294.183725,299.651321,291.963086,292.950104,286.543792,299.03431,299.10011,289.102937],"1.19rc1":[452.23998,173.245019,173.692526,165.668387,171.186883,174.119735,175.488958,175.62756,168.534937,176.568177],"gotip":[184.592112,188.012772,181.642662,180.622543,176.107965,175.922762,177.59179,179.046816,180.908649,180.520942]},"run_times":{"1.17":[5770.164847,5177.254563,4706.038105,4904.545028,5039.524912,5502.894429,5661.283927,4460.644824,5183.082519,5237.9571],"1.18":[5609.95218,6284.909899,4631.519545,3496.202677,4514.75919,4405.601651,3833.86001,5355.094832,4845.79813,4122.944831],"1.19beta1":[4836.148452,5528.630436,4128.774952,4295.106498,5172.027816,4676.84346,5553.539472,5303.20804,5284.839183,4087.501524],"1.19rc1":[4351.580822,5581.0296,4324.810012,5199.052413,4631.185088,5004.749192,4507.74275,4670.56541,4902.54558,4832.875318],"gotip":[5299.534302,3960.958029,4730.134495,4779.758254,4935.087412,4675.785148,4841.739313,4723.902909,4820.880728,5291.180046]}},"alloc_1.5k":{"name":"alloc_1.5k","build_times":{"1.17":[134.468534,133.405316,124.132055,121.482209,129.63455,124.541062,126.17689,124.308658,126.220991,124.622663],"1.18":[134.455938,140.601144,139.019917,140.115136,139.042117,137.165785,138.753214,134.974153,131.661095,131.234487],"1.19beta1":[272.943031,287.210578,281.240575,287.849389,277.086803,275.256271,283.397212,278.557928,279.142438,272.34492],"1.19rc1":[152.64495,152.867254,149.849702,156.152311,150.921321,155.719304,160.798092,160.840793,157.945742,156.396116],"gotip":[157.490034,159.323666,158.321549,157.327231,157.715739,158.224647,155.416098,159.902276,155.686803,155.447399]},"run_times":{"1.17":[3223.028277,3200.03271,3232.387932,3200.916511,3206.500807,3196.575686,3204.621545,3176.342147,3226.414991,3173.780976],"1.18":[4346.252961,4381.122528,4347.226997,4355.800124,4345.993465,4346.9781,4346.533061,4347.701526,4347.692788,4346.849346],"1.19beta1":[4346.491408,4347.788663,4347.985895,4347.399453,4347.796001,4348.016163,4351.424902,4353.479233,4348.165228,4346.90179],"1.19rc1":[2191.025544,2192.216966,2193.204829,2191.016591,2190.017373,2193.847264,2191.933171,2192.082974,2191.563866,2191.857188],"gotip":[2190.138625,2192.273162,2191.000748,2190.958746,2193.188684,2190.159229,2190.343835,2190.668341,2195.683128,2190.530694]}},"regexp_Compile":{"name":"regexp_Compile",