{"Fibonacci":{"name":"Fibonacci","build_times":{"1.17":[183.449605,170.316961,174.642808,180.176768,177.244837,163.714689,165.759611,175.107413,174.433406,193.055209],"1.18":[183.450311,185.138533,174.746701,177.423535,194.799055,178.056943,169.04833,176.689326,177.719739,186.773653],"1.19beta1":[532.592759,405.072921,411.286288,399.990865,410.320578,386.388317,377.340018,395.782519,400.44047,414.407023],"1.19rc1":[228.62057,232.218321,219.746347,230.060791,215.682991,214.688877,210.644722,208.377189,213.964268,193.882789],"1.19rc2":[193.647144,189.988902,197.831693,195.708468,204.406957,187.832014,200.373155,191.421955,202.646081,190.857948],"gotip":[232.861343,200.482647,193.898867,208.036939,205.328906,217.143051,197.916915,196.5775,198.564723,190.247823]},"run_times":{"1.17":[4533.661983,4598.550824,4428.891887,4345.07932,4424.900364,4486.087956,4530.811877,4442.977128,4515.618828,4439.472077],"1.18":[4375.963726,4366.428524,4328.287866,4624.734169,4480.051582,4425.547352,4317.032154,4359.483281,4407.946259,4428.193236],"1.19beta1":[4502.875694,4671.432203,4565.550512,4332.991049,4439.755128,4347.415164,4601.951969,4475.756642,4378.334483,4383.419244],"1.19rc1":[4402.455254,4376.76365,4353.254629,4470.779675,4411.799622,4459.588837,4561.746933,4451.169462,4453.62643,4545.288977],"1.19rc2":[4375.080345,4356.682963,4361.251096,4458.439657,4365.406041,4417.106163,4718.497137,4622.516825,4381.726278,4376.725522],"gotip":[4378.114884,4419.801639,4527.616254,4383.295266,4444.186536,4448.755751,4447.977813,4332.500113,4371.31543,4382.286722]}},"MergeSort":{"name":"MergeSort","build_times":{"1.17":[173.541108,188.985095,194.524162,179.062474,217.460841,188.800992,173.966413,176.793546,173.813211,185.009246],"1.18":[178.667614,186.333804,179.895028,177.4285,189.701044,174.459964,178.813815,173.318051,173.577653,188.829434],"1.19beta1":[388.966986,405.201977,417.730325,387.638471,424.331603,401.648535,410.223137,425.289114,400.117018,406.29129],"1.19rc1":[224.451624,221.296088,233.239626,220.705381,213.03919,208.142433,216.229428,211.010369,209.498851,221.798095],"1.19rc2":[199.227228,226.854381,213.61723,207.703063,196.875739,195.891129,210.152491,214.293738,202.700706,210.827398],"gotip":[196.293269,194.897459,202.553809,193.720152,199.900892,193.258349,203.508415,214.250184,198.196481,194.121955]},"run_times":{"1.17":[8109.627365,7975.04253,8296.722218,7903.460113,7917.63866,8046.73214,8079.373339,8532.80389,7937.092053,7977.939613],"1.18":[7608.451073,7568.701462,7589.348583,7963.127108,7669.468663,7510.642333,7447.160091,7422.564492,7644.5287,7478.706667],"1.19beta1":[9486.192962,9413.702554,9436.353333,9263.66209,9417.204186,9566.778769,9376.710587,9502.955578,9926.764347,9394.900555],"1.19rc1":[9562.540803,9431.004997,9601.897718,9342.480121,9608.575842,9350.808287,9676.568604,9512.167423,9797.128618,9370.539825],"1.19rc2":[9885.844204,9986.997539,10044.738908,9862.914883,9942.898586,10310.834591,10015.456919,9763.373347,10016.764569,9983.724165],"gotip":[9653.590383,9771.010626,9916.123303,9765.539755,9762.345438,9745.80602,10049.864617,9953.554614,9839.638458,9974.033565]}},"Sort_Random":{"name":"Sort_Random","build_times":{"1.17":[214.25113,228.851902,264.187219,223.305137,223.216336,218.075975,212.758312,201.707881,199.225053,202.361889],"1.18":[211.37379,233.680841,212.070398,223.244123,227.881676,224.042733,209.772571,214.00662,200.074161,209.63547],"1.19beta1":[417.664582,402.163404,420.008808,411.697413,398.729564,414.564946,430.182025,423.544881,408.915036,401.258144],"1.19rc1":[246.385373,241.352314,228.816468,234.518334,219.232557,231.143795,224.417016,222.514295,219.020854,224.087413],"1.19rc2":[212.571941,222.678157,212.326938,208.474694,230.798951,217.7665,245.107513,221.743445,205.543258,204.901951],"gotip":[208.513791,227.291806,246.397425,236.825516,232.089061,217.819897,221.804143,214.55596,213.784352,216.459182]},"run_times":{"1.17":[5683.856513,5691.043107,5732.585385,5665.606795,5610.252565,5580.801524,5793.914871,5623.029458,5598.184244,5632.719789],"1.18":[5613.26181,5605.246838,5685.155705,5657.313529,5601.773347,5602.439406,5657.268164,5545.912241,5597.819523,5665.006134],"1.19beta1":[5729.960275,5627.8373,5666.430049,5997.246879,5696.172564,5698.735908,5701.424322,5856.112765,5948.829733,5827.967566],"1.19rc1":[5671.599676,5662.832782,5723.837391,5867.916598,5683.059826,5884.683795,5767.762526,5738.662288,5698.730916,5873.336147],"1.19rc2":[5761.630008,5755.641463,5659.236943,5804.965229,5660.436314,5686.283029,5741.841763,5734.159734,5765.129003,5895.334363],"gotip":[5684.77946,6155.084209,5817.554576,5890.837947,5735.097288,5766.145946,5754.775614,5863.725798,5954.014278,5897.881258]}},"Sort_Reversed":{"name":"Sort_Reversed","build_times":{"1.17":[211.128008,219.2601,199.283573,197.406651,206.17775,180.72085,180.908452,193.936501,175.455091,176.177099],"1.18":[207.343774,201.72651,197.395361,186.924441,193.88912,195.756342,207.416976,192.912509,188.816862,189.137466],"1.19beta1":[391.113982,405.947853,403.218722,403.025219,395.955838,394.042817,404.232733,386.298292,384.711163,402.686967],"1.19rc1":[217.584167,217.530067,223.97264,211.100794,209.656378,210.606388,215.906649,221.36041,212.369608,220.162897],"1.19rc2":[200.000692,207.996583,202.236317,213.234543,229.957535,209.595301,200.876702,206.127962,224.27367,195.000534],"gotip":[213.72937,204.119058,206.380485,198.071888,205.063769,214.735881,213.835771,204.27846,209.981726,203.725554]},"run_times":{"1.17":[4437.982559,4496.211224,4384.945204,4467.455949,4512.260462,4458.052854,4544.39865,4447.050272,4466.590385,4500.055637],"1.18":[4393.554171,4463.648335,4565.017139,4682.221292,4879.841271,4811.040041,4517.63177,4463.135014,4424.985486,4426.345432],"1.19beta1":[447.784378,438.26957,460.187219,447.048069,441.948011,432.0983,451.981625,428.62386,441.882912,429.922575],"1.19rc1":[434.317135,467.109052,517.254226,517.62023,518.323638,540.449192,520.883868,517.717932,470.468691,464.406721],"1.19rc2":[450.832565,465.700936,462.376905,465.147475,477.025611,471.75965,479.046635,475.852898,499.821375,508.03147],"gotip":[456.795878,469.901029,454.218248,437.639757,470.932841,442.5248,457.173858,447.399446,428.454428,445.686526]}},"TimeAfterFunc":{"name":"TimeAfterFunc","build_times":{"1.17":[297.616859,195.244069,198.640409,225.960527,203.602866,220.124359,210.045641,238.661974,191.063821,196.947189],"1.18":[696.282159,211.319476,211.034473,212.253487,205.008902,213.799206,226.529354,204.396195,202.832177,216.095832],"1.19beta1":[2597.264514,427.027879,438.404211,421.413713,417.234065,422.104321,424.598151,448.156425,450.602354,435.619479],"1.19rc1":[706.339088,240.814891,238.503565,251.078211,258.280594,243.587624,233.456006,245.371645,259.077003,255.804665],"1.19rc2":[808.783337,209.855185,216.73773,227.251699,234.346147,235.846357,255.068006,245.266041,237.910792,240.73701],"gotip":[452.64636,212.651503,232.707516,216.305623,216.758426,221.326251,222.537459,212.577402,221.914755,226.090779]},"run_times":{"1.17":[6718.5094,6871.713725,6130.702334,7890.945789,6037.17342,7032.384958,6798.884234,7345.204396,6026.448356,6618.699669],"1.18":[4909.172392,4934.581549,4675.466699,4301.269678,5341.190951,5847.846578,4422.208827,5083.959092,4643.327133,5072.914919],"1.19beta1":[6733.178297,5100.239651,5890.229552,5325.647373,5536.631432,4779.618812,6735.55021,5835.511821,7736.668779,6204.199101],"1.19rc1":[7859.045376,6443.670803,6790.838764,5139.836167,4821.410167,5074.946315,5000.645296,5355.309704,5280.631982,7435.114731],"1.19rc2":[5915.136472,4818.590325,6473.698105,6580.581341,5430.713402,6221.447372,8180.418514,6604.181662,6390.060291,6839.236048],"gotip":[4613.348484,4860.682188,5489.162989,5861.764618,6700.416935,6343.26584,5949.594679,4956.883507,7372.057881,6959.930017]}},"alloc_1.5k":{"name":"alloc_1.5k","build_times":{"1.17":[676.53259,171.214086,178.054629,173.3946,182.84356,176.935422,188.227294,184.354569,186.668618,176.869259],