{"Fibonacci":{"name":"Fibonacci","build_times":{"1.17":[143.299389,145.71572,150.53558,154.82229,148.747309,157.524048,149.646696,170.160255,156.625562,159.881273],"1.18":[151.447762,150.932513,160.696345,164.93615,155.078909,155.591958,156.992791,152.778889,152.708783,155.082209],"1.19beta1":[334.714863,327.025126,337.284809,350.933116,334.933083,325.076539,326.299757,336.017288,321.338366,327.089862],"1.19rc1":[183.033904,210.385721,190.085179,188.567133,179.134731,181.268035,205.894591,191.597024,199.915119,187.251808],"gotip":[179.536933,191.312663,181.050779,200.155112,185.225979,179.097291,187.83993,177.997285,178.127298,180.831958]},"run_times":{"1.17":[4711.690375,4673.806075,4537.83557,4514.947566,4620.707622,4582.401805,4603.137431,4581.476186,4579.006593,4663.514319],"1.18":[4705.08642,4620.416067,4678.89149,4664.053452,4661.873933,4789.505973,4697.729249,4667.156771,4666.124931,4767.903423],"1.19beta1":[4741.453664,4790.822775,4810.381734,4799.180227,4865.762123,4799.114383,4785.703565,4758.781928,4785.436257,4768.008728],"1.19rc1":[4681.078976,4558.463489,4579.295888,4593.224405,4598.68993,4579.208129,4618.468198,4611.834558,4624.152203,4524.044112],"gotip":[4527.095035,4553.296536,4557.668756,4524.941795,4566.122781,4554.104206,4564.708988,4554.498682,4557.007321,4597.871399]}},"MergeSort":{"name":"MergeSort","build_times":{"1.17":[174.707416,164.72576,147.533815,156.935947,155.30509,147.313612,148.936349,153.162709,154.159693,156.642704],"1.18":[158.288806,159.283201,171.684092,160.471915,159.191392,165.491298,166.008447,167.458187,153.511146,165.5256],"1.19beta1":[335.004888,351.124636,338.096985,336.768258,334.414531,342.353194,341.520114,337.122291,334.229613,335.69104],"1.19rc1":[193.60713,189.890275,194.278095,194.720137,191.703948,184.704179,198.568905,183.238338,183.26734,194.086476],"gotip":[196.464323,252.834525,230.004737,231.399371,253.466085,238.653365,224.585518,228.47169,241.031894,190.525154]},"run_times":{"1.17":[7155.139972,7076.797489,7081.518272,7138.681218,7108.109402,7167.978411,7085.898117,7043.382965,7051.300621,7070.500072],"1.18":[6804.892181,6669.575832,6700.233518,6730.216927,6815.742389,6796.369002,6749.833684,6665.210455,6692.47348,6668.252668],"1.19beta1":[8798.344793,8695.546151,8588.423402,8516.683181,8712.477261,8420.778609,8350.299889,8357.701629,8379.19903,8404.214407],"1.19rc1":[8522.476957,8341.300255,8359.741768,8609.726067,8658.341776,8645.776922,8661.768111,8554.936641,8721.475565,8722.482612],"gotip":[8748.314077,8818.970028,8697.28675,8843.293964,8942.299508,8797.37211,8887.965975,8802.928373,8880.136296,8724.725653]}},"Sort_Random":{"name":"Sort_Random","build_times":{"1.17":[190.132617,192.0307,175.203579,179.896131,178.209069,178.762421,171.402312,176.887041,178.331881,180.328473],"1.18":[188.290446,186.689492,188.657481,199.840852,182.879428,199.906959,202.149974,186.436769,186.651789,190.558863],"1.19beta1":[376.850742,371.455424,362.210638,390.014604,380.588195,370.673542,354.176161,366.746766,375.847338,380.727606],"1.19rc1":[215.34476,208.936845,210.000147,202.41972,212.718908,211.204163,209.68661,200.450618,204.33509,203.747635],"gotip":[215.216326,215.05331,233.593187,208.715803,204.601308,207.745809,200.013069,197.921669,207.607897,210.873509]},"run_times":{"1.17":[5990.062623,6220.703798,6001.59896,6489.728941,6009.32776,6094.14424,6003.267286,6024.582887,5975.770165,5974.493297],"1.18":[6075.369166,5994.727765,5989.112964,6015.762474,6193.737159,6009.328252,6018.504878,6026.973986,6017.583102,6010.165212],"1.19beta1":[6026.686286,6192.412028,6013.599508,6017.679565,6163.394216,6029.430287,6036.805357,6032.845949,6053.815246,6032.015999],"1.19rc1":[6106.223438,6099.317927,6107.188643,6109.212156,6099.413949,6099.412578,6103.091247,6093.628828,6111.139278,6103.847476],"gotip":[6081.977516,6093.512732,6113.929202,6200.066156,6028.280514,6224.063932,6069.053872,6078.813404,6090.707358,6421.049581]}},"Sort_Reversed":{"name":"Sort_Reversed","build_times":{"1.17":[169.757069,168.500848,164.888703,181.45489,169.575051,184.701601,174.422017,180.815229,161.491677,166.801786],"1.18":[175.38299,176.674814,179.259862,174.869142,174.518508,173.967555,181.141042,182.58058,179.109948,184.965008],"1.19beta1":[358.57968,340.576676,356.796217,359.153142,352.71653,342.323241,342.504058,345.731265,351.860547,379.54638],"1.19rc1":[205.962979,205.657523,202.131203,189.841071,179.946399,190.051694,189.91258,189.65035,188.62824,184.971743],"gotip":[190.255525,191.312025,182.863429,189.935995,205.132827,190.73307,190.157816,198.674219,207.442444,195.062181]},"run_times":{"1.17":[4444.705142,4455.283241,4431.172957,4440.702888,4424.653608,4424.095424,4470.494964,4439.248042,4429.252732,4456.950359],"1.18":[4282.017929,4279.60253,4241.255539,4264.36978,4271.87609,4278.922096,4274.668963,4279.199491,4274.64184,4270.356886],"1.19beta1":[480.288557,446.865879,487.839875,471.583228,442.761289,442.687082,452.858449,443.495358,445.830581,442.867899],"1.19rc1":[443.100514,444.71679,493.972827,478.262725,443.218628,476.727359,444.574777,441.512497,444.366367,445.632986],"gotip":[440.58421,439.100369,440.251978,442.653206,442.05185,444.471479,472.370326,440.699321,439.64292,441.921737]}},"TimeAfterFunc":{"name":"TimeAfterFunc","build_times":{"1.17":[218.940258,184.024016,183.743689,186.589161,201.931229,184.141926,180.299959,183.526168,178.94483,181.25495],"1.18":[593.788325,198.686215,197.124065,195.983856,190.838663,196.101367,194.660729,192.41221,199.003541,202.44687],"1.19beta1":[1688.700916,371.584463,354.173297,355.925364,372.590559,347.063316,343.325858,358.763936,370.765384,368.496768],"1.19rc1":[264.219665,217.086358,216.295783,207.658656,204.261732,201.842201,221.774625,203.700399,206.990414,216.745248],"gotip":[234.711157,212.730554,208.336434,220.184968,204.062625,225.972822,210.056898,210.89868,219.495101,217.462508]},"run_times":{"1.17":[7912.492387,7442.628733,7725.289476,6560.760819,6749.628508,7349.208635,7136.704315,4858.660947,6534.466907,4953.69867],"1.18":[4310.415822,4715.919519,4476.541811,5145.961948,4357.088196,4856.873641,4143.305646,4109.831112,6577.951116,4139.901795],"1.19beta1":[4762.106774,5608.844052,4836.142187,5061.319941,4906.540241,5221.53463,4631.856643,4993.213148,5571.196432,4772.777582],"1.19rc1":[4915.256917,4777.720567,5036.223425,5242.682512,5132.010226,4884.720784,4467.382612,6827.606486,5196.693279,5157.089561],"gotip":[5025.502178,5281.013973,5657.572526,4755.07388,4649.554166,4276.829548,4814.273379,4296.696165,5970.599507,4404.086655]}},"alloc_1.5k":{"name":"alloc_1.5k","build_times":{"1.17":[180.48738,149.897949,148.26298,153.184251,151.458386,151.29467,178.316655,163.463935,150.054152,146.193383],"1.18":[156.961409,163.502731,172.888228,166.061476,160.776871,157.178427,157.234232,159.804777,156.37865,155.928008],"1.19beta1":[347.368287,356.39435,329.091641,336.818179,355.55267,343.175787,334.180727,328.525219,340.078824,329.693831],"1.19rc1":[182.288798,181.566629,198.191316,205.073772,187.45089,190.277861,189.43408,185.775531,184.593618,177.882277],"gotip":[192.095358,192.782422,185.765753,185.307709,192.181465,213.629516,186.450818,190.083065,202.429445,187.704838]},"run_times":{"1.17":[4056.436973,3980.860871,3885.655719,3839.025255,3881.576704,3802.731501,3849.35012,3796.771486,3829.527884,3820.129286],"1.18":[5113.551373,5279.41244,5116.786358,5212.204801,5208.585672,5217.481631,5216.246157,5179.825499,5191.46973,5376.509266],"1.19beta1":[5146.752221,5177.938392,5205.995569,5166.312076,5190.062429,5177.525324,5198.869525,5207.342005,5201.090855,5259.946507],"1.19rc1":[2593.497878,2636.097594,2606.447566,2586.633508,2604.223929,2584.422139,2600.645721,2603.058902,2596.369867,2600.055368],"gotip":[2620.857557,2620.05318,2589.06876,2625.00229,2751.664691,2619.341435,2618.841794,2670.371919,2597.630561,2761.802232]}},"regexp_Compile":{"name":"regexp_Compile",