{"Fibonacci":{"name":"Fibonacci","build_times":{"1.17":[145.446904,148.285391,159.141625,146.124321,156.068329,152.263312,146.184223,148.527496,144.770479,144.681277],"1.18":[149.839632,152.816025,150.307747,153.209637,156.223937,152.835641,152.652035,153.76957,155.916336,155.214915],"1.19beta1":[341.564211,327.118463,329.316431,320.853968,326.056229,326.672949,322.21951,324.407879,346.443962,374.234027]},"run_times":{"1.17":[4593.137122,4629.784016,4616.416819,4612.832796,4652.119672,4615.932419,4616.739755,4610.597765,4630.837885,4611.029954],"1.18":[4758.326394,4766.49287,4742.711653,4763.412425,4758.436716,4749.125914,4737.783297,4779.851065,4754.13941,4752.915626],"1.19beta1":[4795.350284,4772.957054,4722.345958,4724.74294,4737.348897,4751.345211,4761.088986,4741.106459,4750.736365,4770.846709]}},"MergeSort":{"name":"MergeSort","build_times":{"1.17":[151.894307,154.372982,179.611848,176.101342,155.856228,153.175047,152.887538,150.849676,154.9444,150.262158],"1.18":[167.743711,169.381763,164.110898,163.261673,171.055614,159.553657,163.283773,160.544088,163.573182,162.153738],"1.19beta1":[335.848139,345.554542,335.377825,338.73873,341.33231,340.645089,333.29476,335.052315,349.815874,334.713205]},"run_times":{"1.17":[6993.043883,7193.810352,7228.994592,7020.200575,6838.304955,7019.379391,6963.347731,7218.014903,7175.614246,6981.410742],"1.18":[6827.1449,6863.522132,6897.831279,6793.921795,6842.061774,6929.792189,6958.279713,6993.034427,6991.889012,6834.945711],"1.19beta1":[8581.678148,8364.749992,8473.640851,8406.6079,8544.614189,8546.149339,8550.941106,8625.766296,8574.279731,8576.240458]}},"Sort_Random":{"name":"Sort_Random","build_times":{"1.17":[172.829125,171.257988,176.154603,175.972998,176.439309,175.805495,178.137449,183.498473,178.673062,174.636467],"1.18":[186.1288,177.663482,187.266429,180.532656,176.535252,177.784785,179.021019,184.117782,182.594466,182.642869],"1.19beta1":[349.817127,347.193547,340.096331,340.795153,341.833984,344.559167,345.676601,336.771331,338.638987,348.391013]},"run_times":{"1.17":[6003.048934,6012.722368,6001.199905,6003.906728,6007.328301,6002.779823,6044.196828,6009.402792,6001.837126,6013.340777],"1.18":[6025.924355,6042.129697,6027.243985,6027.747457,6028.216403,6023.578037,6038.966707,6038.444693,6023.68441,6027.188805],"1.19beta1":[6049.547245,6029.540208,6021.423705,6034.176513,6022.210158,6042.00691,6037.326296,6062.058074,6028.405248,6024.250501]}},"Sort_Reversed":{"name":"Sort_Reversed","build_times":{"1.17":[164.511252,163.065608,173.477027,172.489197,157.764945,160.661634,159.952812,161.206851,162.48569,156.331901],"1.18":[165.303985,169.70022,172.339702,176.123117,171.29327,160.756445,166.815531,168.291877,166.812332,166.839232],"1.19beta1":[354.705216,344.412597,333.363353,321.717192,328.749329,331.648379,325.269183,328.880694,328.935196,323.235721]},"run_times":{"1.17":[4431.067012,4418.606595,4433.771797,4411.849984,4438.102441,4432.646715,4442.045212,4451.731757,4427.004663,4404.137466],"1.18":[4272.199526,4249.465806,4235.548315,4260.245027,4249.090173,4246.182142,4235.005637,4272.426526,4231.42921,4261.48935],"1.19beta1":[441.107439,443.722519,441.871962,445.815583,447.586938,442.178272,437.692834,437.820938,439.864701,438.481658]}},"alloc_1.5k":{"name":"alloc_1.5k","build_times":{"1.17":[143.552075,153.532954,146.846434,149.660884,152.19663,146.883835,144.9956,149.031974,147.797751,145.083702],"1.18":[155.487235,160.827702,163.384981,171.902946,157.741006,160.7801,156.238159,156.461666,159.243452,153.527974],"1.19beta1":[338.568965,332.396675,328.871565,327.759231,328.902766,325.119549,319.854887,312.284852,321.591341,325.78587]},"run_times":{"1.17":[3799.646932,3794.745357,3802.826941,3801.757304,3817.189883,3782.68348,3992.281345,3788.633078,3796.902734,3790.975595],"1.18":[5167.641308,5158.312179,5195.358228,5163.637227,5161.039641,5185.998746,5154.014443,5145.16671,5145.010595,5170.069919],"1.19beta1":[5166.716073,5135.278592,5114.059447,5166.648959,5132.727787,5169.910662,5177.737017,5157.074096,5153.603678,5181.284729]}},"regexp_Compile":{"name":"regexp_Compile","build_times":{"1.17":[186.534908,210.572957,192.504995,192.987309,190.417829,187.86305,201.194565,189.79591,192.522095,191.165452],"1.18":[197.427834,207.350842,203.764631,203.138711,211.224863,199.959712,203.229214,193.376808,192.970595,206.513616],"1.19beta1":[366.537275,362.841863,374.458916,363.202674,361.281815,364.974927,367.652909,369.403063,362.195742,367.094792]},"run_times":{"1.17":[1304.269112,1306.978897,1304.610814,1309.921499,1293.846799,1310.694323,1308.940069,1299.080362,1366.136945,1335.264685],"1.18":[1384.898727,1381.139209,1377.212088,1373.638641,1377.312835,1375.087466,1374.861759,1380.587536,1371.072441,1380.965638],"1.19beta1":[1385.165631,1394.044201,1387.350467,1378.28136,1397.285638,1401.86418,1432.995646,1387.01172,1394.771752,1395.669241]}},"regexp_FindAllString":{"name":"regexp_FindAllString","build_times":{"1.17":[197.165776,201.722897,199.256179,208.812374,198.700161,199.375382,203.101198,197.810734,206.146292,195.030047],"1.18":[203.240687,206.619259,207.757783,215.083037,209.623723,219.678635,210.578742,210.061632,198.547389,200.900638],"1.19beta1":[380.86019,374.62072,378.779434,390.481553,388.823708,372.925074,376.207064,369.219273,370.641912,374.735923]},"run_times":{"1.17":[2817.636066,2853.153907,2824.416535,2848.431613,2863.150315,2851.631215,2867.410885,2824.411748,2826.446201,2868.88238],"1.18":[3012.335259,2983.603147,3023.903532,3041.965798,3012.654912,3020.13868,2978.999415,2962.229844,3006.548776,3029.624761],"1.19beta1":[2782.0784,2781.339367,2813.334891,2827.557555,2771.620379,2822.350483,2794.570411,2825.57653,2801.128825,2832.054127]}},"switch_case":{"name":"switch_case","build_times":{"1.17":[231.084393,232.231127,229.573847,230.419872,229.407041,225.201712,233.28556,229.870378,231.454954,231.209945],"1.18":[241.695666,290.168783,241.585862,240.414925,230.537117,232.326972,235.67686,240.412068,232.818632,230.398656],"1.19beta1":[394.523282,389.24692,391.044075,398.67671,395.271406,397.586777,394.588884,387.316244,384.388092,384.805105]},"run_times":{"1.17":[6166.52978,6173.124578,6166.979627,6185.771076,6207.589126,6178.084616,6197.543407,6176.873936,6207.436073,6215.595161],"1.18":[6844.535608,6801.934081,6798.096346,6859.161585,6864.335571,6832.24185,6806.727764,6809.232469,6815.445982,6828.555],"1.19beta1":[3881.334971,3870.641053,3900.236477,3876.365187,3894.806714,3890.872087,3896.490014,3873.119291,3878.774188,3878.588006]}}}