{"Fibonacci":{"name":"Fibonacci","build_times":{"1.17":[135.426544,130.617008,128.957392,129.403223,127.568795,135.651959,147.491785,135.187626,156.009279,142.343125],"1.18":[147.084988,156.901275,153.743053,144.158584,147.316904,139.40425,139.118831,149.204437,144.187285,137.67123],"1.19beta1":[320.887895,312.433504,320.354558,314.152024,308.517333,298.810062,314.398249,300.895807,302.257602,330.074744]},"run_times":{"1.17":[4230.657393,4281.875342,4298.416055,4348.430333,4331.288944,4116.891957,4485.418516,4354.672859,4526.763367,4420.960076],"1.18":[4260.500507,4180.044733,4259.750753,4448.346338,4780.701168,4776.366498,4650.010487,4565.847165,4468.501611,4429.373723],"1.19beta1":[4522.390732,4580.707803,4628.019834,4748.477563,4701.10726,4619.232354,4880.570451,4914.351379,4695.850857,4826.28692]}},"MergeSort":{"name":"MergeSort","build_times":{"1.17":[154.725692,211.548655,144.255462,137.937522,148.589064,146.485517,139.162307,146.003384,142.893667,165.88707],"1.18":[153.175703,157.067274,171.88081,157.4359,150.443512,152.681168,149.811467,151.815208,141.883914,156.676147],"1.19beta1":[328.705363,340.103658,333.374389,335.771556,323.889026,318.133424,309.521022,324.337458,318.059118,323.042467]},"run_times":{"1.17":[6869.560963,6878.65491,6900.780267,6759.38145,6592.908567,6591.27523,6528.434465,6618.388004,6679.256838,6756.812674],"1.18":[6729.315739,6533.486081,6801.25851,6556.387532,6431.607915,7179.895189,6431.188527,6467.140945,6711.997871,6713.740306],"1.19beta1":[8151.530089,8203.684331,7840.909406,7634.331024,7712.811019,7479.84549,7792.700967,7918.416321,8067.050738,8007.139602]}},"Sort_Random":{"name":"Sort_Random","build_times":{"1.17":[160.613324,160.471614,158.474274,160.260099,156.691049,163.534128,162.927986,165.943696,159.824068,163.570631],"1.18":[183.393659,204.742844,180.386649,171.562835,170.549565,166.618191,172.62371,166.481282,160.825388,166.500684],"1.19beta1":[362.583318,375.570679,338.902342,326.075024,336.77714,323.5055,318.542561,346.393304,337.39857,324.844364]},"run_times":{"1.17":[5543.325673,5739.357504,5756.228921,5635.544505,5729.263817,5785.630953,5863.763581,5930.982482,6091.620445,5918.936065],"1.18":[5878.540237,5706.885755,5789.557392,5681.705927,5547.745326,5629.033705,5538.590482,6111.697957,5896.611154,5711.9874],"1.19beta1":[5840.807726,5880.169316,5777.095507,6066.270349,6004.185905,5980.762902,5983.969356,5924.834344,5831.514687,5655.710804]}},"Sort_Reversed":{"name":"Sort_Reversed","build_times":{"1.17":[152.532153,167.20399,154.825299,156.994738,152.155929,154.030248,156.047378,153.959143,151.163564,154.051149],"1.18":[151.552411,167.917368,149.229948,161.265999,155.948323,163.609464,156.391854,157.129906,158.683216,155.76391],"1.19beta1":[338.31717,323.226429,342.960391,321.967441,326.623963,311.775037,314.188104,339.141527,343.645439,330.460828]},"run_times":{"1.17":[4226.812923,4286.048412,4302.796198,4304.510276,4521.539967,4410.012662,4370.687672,4381.169629,4011.514452,4122.092226],"1.18":[3797.913342,3853.477691,3858.707173,4029.808007,3949.072615,3924.396925,4263.02209,4388.18742,4435.143024,4265.265544],"1.19beta1":[459.327464,415.645505,435.795907,451.753116,516.79244,490.149086,468.000046,471.591096,468.62369,471.579795]}},"alloc_1.5k":{"name":"alloc_1.5k","build_times":{"1.17":[139.897792,145.29677,142.533076,143.171521,139.690978,140.069504,146.115427,146.16573,151.931334,146.787775],"1.18":[155.239084,155.881329,148.387104,182.981629,148.200391,145.179478,148.660023,145.801922,142.469789,146.604279],"1.19beta1":[350.26719,349.071106,333.010187,311.379982,319.600954,328.45627,311.343679,314.168775,347.912326,309.488849]},"run_times":{"1.17":[3793.170794,3724.188634,3745.194445,3743.758453,3725.422737,3687.833537,3833.820582,3713.328518,3650.953476,3732.554693],"1.18":[4818.194997,4852.61187,5274.515912,5292.972958,5051.300628,5178.541533,5223.244456,5146.180544,5063.640801,5062.736634],"1.19beta1":[5006.540648,4930.330351,4627.04735,4675.851376,4839.54019,4857.949874,4868.673107,4823.094822,4808.953137,4758.76013]}},"regexp_Compile":{"name":"regexp_Compile","build_times":{"1.17":[168.485858,165.048118,159.105503,167.044057,166.673531,162.715656,168.221439,169.318016,176.392909,179.315314],"1.18":[183.397308,191.805296,189.036302,176.627435,196.469622,178.848091,185.884482,187.401989,178.807688,181.293861],"1.19beta1":[328.075942,356.219511,346.623639,352.21363,351.129654,330.245894,329.198421,328.949003,337.147876,329.561546]},"run_times":{"1.17":[1259.221275,1301.631334,1246.884649,1222.937798,1222.118641,1208.717905,1216.121022,1214.303396,1194.863938,1216.230942],"1.18":[1273.879869,1293.937469,1319.950786,1349.997796,1312.851434,1281.245326,1323.95401,1323.614686,1345.208496,1323.34248],"1.19beta1":[1271.532117,1275.923224,1313.913781,1298.693486,1315.814362,1365.14591,1316.311797,1303.036169,1292.528135,1338.303228]}},"switch_case":{"name":"switch_case","build_times":{"1.17":[239.769675,264.672206,250.936951,233.367929,229.989894,235.470676,221.343693,232.444665,222.345462,234.09658],"1.18":[233.860237,223.713428,227.75741,218.44606,222.977677,232.549845,227.292878,232.071712,239.841455,228.887289],"1.19beta1":[446.135779,452.335011,395.400045,403.341398,394.682895,409.69779,387.95786,401.431886,385.126565,400.365213]},"run_times":{"1.17":[6073.301135,5970.15784,6027.710531,5713.860198,5956.252605,5950.347323,6008.378177,6048.837727,5807.976334,6062.212565],"1.18":[6655.652704,6261.179812,6611.41716,6779.374872,6663.301748,6418.472252,6341.638922,6509.710356,6542.934798,6639.719214],"1.19beta1":[3788.810662,3740.549851,3619.79329,3774.06202,3691.413932,3654.697273,3576.815393,3760.359427,3813.939049,3721.579341]}}}