{"Fibonacci":{"name":"Fibonacci","build_times":{"1.17":[168.117769,160.415328,151.063981,155.591903,165.314054,152.811489,159.673025,153.050391,149.534572,152.019288],"1.18":[161.842832,174.1505,168.577772,158.147017,162.268339,148.94047,151.731784,153.369493,158.344918,157.000412],"1.19beta1":[326.973367,356.381117,365.532863,343.593051,344.225255,349.013879,338.099124,336.675816,341.38294,340.546536]},"run_times":{"1.17":[4827.797561,4818.272481,4807.439945,4813.727874,4798.287376,4764.932427,4775.967197,4757.864135,4790.744936,4787.909137],"1.18":[4837.903607,4775.888549,4751.649205,4796.436116,4834.31501,4823.965351,4758.561551,4723.117788,4715.408851,4720.335973],"1.19beta1":[4751.122856,4728.439429,4710.509212,4773.401383,4744.673918,4768.297899,4725.01802,4731.809483,4830.289575,4771.924113]}},"MergeSort":{"name":"MergeSort","build_times":{"1.17":[167.031229,154.173766,168.258936,163.00311,176.334375,156.575478,168.343536,179.709893,151.03705,160.662898],"1.18":[183.645344,182.599039,173.758793,188.236168,166.390255,157.155508,157.954212,160.738127,167.702762,160.807327],"1.19beta1":[352.455074,350.462863,333.246371,364.93984,343.680426,353.535479,343.813527,357.4335,354.358284,350.129361]},"run_times":{"1.17":[7363.443138,7429.101456,7382.130419,7369.385754,7373.280581,7585.720981,7352.181187,7437.035528,7335.497712,7374.57592],"1.18":[7120.052907,6894.828576,7092.675476,7288.577763,7326.547341,7073.640643,7148.070072,7077.747309,7263.182505,7240.037228],"1.19beta1":[9125.264094,8955.739355,8790.494792,8881.733386,9021.699843,8645.540482,8741.638023,8810.574154,8805.569629,8780.718327]}},"Sort_Random":{"name":"Sort_Random","build_times":{"1.17":[188.299683,180.566442,175.113714,178.111429,174.916913,180.01154,185.019465,178.554732,177.105824,173.671706],"1.18":[201.011624,188.386359,187.389455,188.175258,192.571181,174.272887,209.793769,223.094636,178.894911,179.741815],"1.19beta1":[354.759458,359.88949,385.116352,378.75731,373.593879,389.425725,386.752511,375.682053,385.610205,354.485843]},"run_times":{"1.17":[5970.919099,5857.820521,5828.4163,5945.339655,5864.560463,5871.241005,5874.133207,5851.618217,5898.788461,5894.838778],"1.18":[5867.120537,5882.010415,5836.809378,5891.037737,5843.441455,5689.552555,5836.413905,5796.322641,5912.657834,5817.068622],"1.19beta1":[5834.685038,5756.802418,5700.581692,5715.114422,5778.742327,5729.509084,5833.77709,5923.313338,5998.994672,6104.410262]}},"Sort_Reversed":{"name":"Sort_Reversed","build_times":{"1.17":[195.218797,176.211097,172.197796,173.305297,164.326497,188.327696,166.416597,152.594997,156.640198,165.270396],"1.18":[191.848449,175.602745,178.617445,175.170745,176.685145,170.450244,170.248644,178.570245,178.508846,168.701843],"1.19beta1":[325.56683,338.143647,350.168262,342.966252,340.77865,331.640338,349.640261,318.898721,350.800263,332.152539]},"run_times":{"1.17":[4538.281372,4630.367773,4556.684837,4651.035963,4553.281724,4428.483053,4449.086501,4389.277173,4422.177808,4426.704833],"1.18":[4570.264274,4528.446393,4548.709774,4501.884509,4504.329233,4302.009379,4381.099698,4407.576887,4369.586799,4326.722872],"1.19beta1":[427.600464,433.429872,437.206378,428.452965,416.99335,433.091672,440.437781,439.35068,452.941655,444.425301]}},"alloc_1.5k":{"name":"alloc_1.5k","build_times":{"1.17":[154.196119,158.721855,181.670736,159.035758,149.423081,155.195227,151.593498,171.701458,145.920454,145.099947],"1.18":[174.443847,166.960006,163.83939,171.40623,157.649256,169.769022,164.209091,157.706956,167.953812,151.682323],"1.19beta1":[352.757495,330.867659,325.532246,370.188258,328.022858,334.437088,339.366711,342.508927,324.968943,328.046458]},"run_times":{"1.17":[3726.031115,3663.925947,3677.106308,3731.848604,3619.179575,3688.934834,3729.83363,3653.519746,3684.479799,3709.958308],"1.18":[2816.296888,2625.298202,2641.646209,2664.580731,2822.078683,2741.165622,2640.528721,2873.99319,2681.442641,2635.858408],"1.19beta1":[2641.608044,2704.318479,2589.419083,2724.765077,2758.597258,2718.048869,2735.441759,2973.278684,2975.82397,2983.001108]}},"regexp_Compile":{"name":"regexp_Compile","build_times":{"1.17":[192.127115,190.275505,192.058015,191.653113,202.65677,206.452891,200.956461,206.30129,187.29559,198.592449],"1.18":[200.888048,201.694252,193.064206,215.324423,210.530598,200.702346,208.843289,208.673688,193.406409,206.480576],"1.19beta1":[364.550992,361.751177,371.447228,392.321836,366.371601,378.200563,366.623002,379.764871,377.524859,390.011524]},"run_times":{"1.17":[1314.316242,1324.275176,1308.112591,1310.353103,1325.985685,1325.850884,1301.009453,1304.412904,1309.694529,1344.949213],"1.18":[1380.592698,1401.60994,1367.340489,1409.224809,1363.260767,1377.525042,1371.104109,1373.342353,1369.532608,1365.372485],"1.19beta1":[1394.377427,1400.711054,1382.799561,1389.628396,1383.036362,1433.516123,1430.66296,1411.000363,1384.853927,1392.902269]}},"switch_case":{"name":"switch_case","build_times":{"1.17":[238.548009,244.699711,245.643911,239.869709,226.568303,252.054015,261.518518,264.980221,259.440317,236.631508],"1.18":[280.943023,234.290219,240.178219,239.48712,254.59442,242.08292,242.122119,242.43632,251.92892,245.53872],"1.19beta1":[502.330275,440.035465,394.749958,430.029763,406.42646,399.014455,421.989168,385.520636,391.423942,402.719351]},"run_times":{"1.17":[6653.899707,6804.10465,6819.887892,6796.787796,6842.971926,7118.196311,6932.263777,6961.193898,7003.133722,6892.514351],"1.18":[6750.465805,6657.738318,6627.326728,6667.43161,6676.304832,6738.604371,6695.835665,6690.415015,6900.072912,6869.358378],"1.19beta1":[3872.461477,3878.093679,3857.422931,3866.594461,3889.974365,3934.224601,3922.729455,3874.73356,3892.015861,3847.166222]}}}