{"Fibonacci":{"name":"Fibonacci","build_times":{"1.17":[130.908521,131.503036,134.1218,128.81357,132.341856,134.433408,123.701944,135.762741,130.652815,132.544461],"1.18":[143.955933,141.545374,155.747422,160.223433,134.4761,134.222794,139.264718,139.598526,153.063456,139.849933],"1.19beta1":[294.943959,301.859617,305.2634,292.621489,283.676269,290.423435,301.569309,303.510356,277.068207,277.320113],"1.19rc1":[166.854567,168.345003,172.272399,159.264482,161.863945,161.813144,154.864274,152.682322,154.374963,155.484089],"1.19rc2":[162.554319,153.116132,168.990546,186.334186,174.232048,156.369394,150.086169,162.618218,152.576018,154.476257],"gotip":[157.339093,150.914971,169.105817,165.317344,156.286673,155.304555,151.176675,170.505944,153.889527,148.22532]},"run_times":{"1.17":[4277.915664,4426.019199,4042.815864,4087.479746,4238.817583,4244.82141,4128.943378,4279.470939,4092.976245,4117.074961],"1.18":[4220.340515,4174.050743,4189.494845,4213.912178,4415.947225,4516.673091,4165.254724,4304.171285,4212.573419,4193.60061],"1.19beta1":[4149.920053,4204.287867,4274.584664,4186.180918,4228.217543,4166.072329,4195.155656,4403.221579,4667.205682,4268.426638],"1.19rc1":[4113.717995,4124.594538,4112.062543,4049.443674,4042.050309,4108.945528,4028.100677,4053.75892,4010.460647,4111.629323],"1.19rc2":[4045.89575,4228.588421,4598.334364,4229.990638,4168.271919,4223.656316,4491.115633,4358.155226,4222.298037,4389.165613],"gotip":[4078.326546,4258.153876,4432.873088,4452.892405,4222.791159,4473.723153,4318.157497,4175.782327,4250.537676,4218.238559]}},"MergeSort":{"name":"MergeSort","build_times":{"1.17":[149.248401,148.63659,136.253766,136.900877,144.976924,157.905957,143.718901,143.948205,137.895995,137.315785],"1.18":[140.704432,155.437518,141.872155,134.38001,141.418446,150.93013,153.526282,155.443418,143.262582,145.075717],"1.19beta1":[303.544582,295.281224,305.925659,306.303308,307.629835,310.627392,299.767183,316.102398,309.441469,300.738801],"1.19rc1":[172.458943,161.741135,169.106677,165.499608,182.869344,179.783784,165.314604,161.066522,158.211166,164.127581],"1.19rc2":[165.98535,173.452633,176.593409,162.117956,162.26106,175.347478,162.816773,173.773141,154.192962,160.457816],"gotip":[166.588688,162.166378,164.818544,160.781445,163.775418,162.986396,161.765457,161.429949,169.815254,156.338624]},"run_times":{"1.17":[6707.556296,6651.196886,6653.34443,7004.18234,6721.032492,6959.19437,6915.737615,6662.560411,7096.979931,6804.453833],"1.18":[6321.53319,6331.00453,6306.883623,6279.875927,6542.303367,6423.431535,6352.467358,6197.68257,6363.883474,6591.47235],"1.19beta1":[8091.352992,8224.305244,8153.823568,7970.342889,7720.928927,7674.017223,7834.639499,7679.219823,7738.696714,7607.507124],"1.19rc1":[8397.015494,7713.50135,7870.80592,8047.637503,8012.432412,7917.864815,8167.672876,8270.69051,8282.592653,8111.844115],"1.19rc2":[8178.529482,8149.148288,8059.576729,8124.146888,8337.981979,8417.02619,8172.647138,8151.832578,8273.734906,8362.059996],"gotip":[8352.525778,8363.591241,8499.356197,8180.699703,8280.907058,8219.981976,8043.075036,8037.193742,8453.387198,8966.208479]}},"Sort_Random":{"name":"Sort_Random","build_times":{"1.17":[169.525633,165.215728,177.016516,173.114921,178.642155,169.39203,162.698567,161.182129,157.020329,163.186078],"1.18":[165.004142,168.348224,174.896784,169.018141,168.922938,167.219997,160.414029,166.675184,170.154568,158.720488],"1.19beta1":[330.605195,318.920309,318.682603,317.032362,324.541146,326.719099,313.681179,319.893631,302.913717,311.273221],"1.19rc1":[187.785524,189.519568,174.309392,172.548149,179.836829,180.342341,179.083611,172.315843,177.869581,177.997983],"1.19rc2":[175.474704,169.598687,179.532585,170.796611,174.117777,169.596287,170.280001,174.402483,166.325721,168.155358],"gotip":[173.829764,168.672319,182.696644,173.760664,182.654244,169.399725,167.77251,162.988267,169.54068,172.347414]},"run_times":{"1.17":[5444.240133,5417.027134,5351.424822,5238.670931,5221.512238,5580.819035,5489.955827,5311.270052,5370.686724,5462.987424],"1.18":[5322.760294,5309.833214,5209.856487,5305.344743,5199.103178,5147.363687,5713.407824,5598.95993,5451.693341,5415.053592],"1.19beta1":[5361.34996,5269.220518,5378.532092,5585.092817,5272.59707,5389.257095,5691.315377,5670.252162,5188.762664,5284.922442],"1.19rc1":[5365.037525,5366.87948,5469.919773,5388.924847,5535.091466,5812.944736,5721.670455,5935.960245,5817.770885,5641.561022],"1.19rc2":[5775.81357,5544.19871,5650.671748,5452.346325,5348.406577,5303.078778,5315.308889,5466.09158,5812.752774,5318.755901],"gotip":[5453.299964,5457.624798,5670.116159,5686.077652,5561.182691,5252.929115,5269.803515,5190.821266,5597.107995,5546.016977]}},"Sort_Reversed":{"name":"Sort_Reversed","build_times":{"1.17":[143.911304,140.40074,161.328518,146.203046,142.839784,148.579588,153.273273,152.430558,148.538388,146.962659],"1.18":[150.079444,145.719856,144.256074,161.672109,150.958203,155.925199,157.56003,152.121826,152.059224,155.162884],"1.19beta1":[306.213683,292.189014,306.679892,304.443149,298.946843,299.183448,303.839037,302.537213,298.552336,295.523577],"1.19rc1":[158.171732,164.965162,171.392586,169.906657,179.720445,176.009574,170.722473,172.009397,162.648218,167.005002],"1.19rc2":[164.181247,150.904601,147.493639,157.184426,151.098509,149.283773,157.888339,158.345548,150.328594,147.910547],"gotip":[152.827542,171.4281,159.942379,151.824922,154.956883,148.621161,150.986506,149.013868,159.064661,157.044923]},"run_times":{"1.17":[3926.571522,3941.321692,3848.160377,4051.453302,3896.741784,3901.834689,3836.418777,3897.04189,3849.453622,3837.26337],"1.18":[3764.427845,3684.156429,3932.848094,4193.673416,3705.70046,3771.772268,3712.696976,3702.124988,3906.803059,3883.368693],"1.19beta1":[409.63967,413.241539,432.625712,428.310129,405.515384,401.496496,392.336821,397.879827,401.505797,390.080977],"1.19rc1":[389.889774,389.67177,398.674242,400.230273,404.187048,401.021487,416.154377,383.481951,391.399403,378.162749],"1.19rc2":[381.344541,396.676536,383.333879,386.789745,376.222442,380.495725,383.307378,384.827908,389.033188,402.537749],"gotip":[391.641638,387.139752,390.364814,378.561098,381.33076,396.882244,385.064829,384.325515,386.871862,404.827089]}},"TimeAfterFunc":{"name":"TimeAfterFunc","build_times":{"1.17":[194.914344,176.781977,172.439089,177.766797,170.416348,175.841558,170.572051,169.208224,173.296707,176.050862],"1.18":[519.580463,219.170284,184.789239,189.345551,196.19202,177.247954,188.993542,185.330753,195.221195,189.939266],"1.19beta1":[1245.291389,350.170057,347.41029,343.964004,349.665545,351.806698,356.565116,345.685547,355.239883,350.536967],"1.19rc1":[578.874624,195.594706,206.613377,194.117569,210.678177,212.814229,204.30332,199.073591,196.784935,197.76076],"1.19rc2":[284.758478,193.980654,193.456041,186.124461,186.86608,183.477096,191.623296,184.887731,197.995352,192.241711],"gotip":[211.603617,194.248089,186.190191,203.454416,183.482624,181.012062,196.677949,192.558247,192.328042,181.519575]},"run_times":{"1.17":[8439.640644,6866.753941,5129.922274,6182.173666,6676.028864,6383.602479,6922.407561,7905.130798,6840.941772,5843.063916],"1.18":[4120.118386,4699.392991,5301.098462,4109.251374,4310.357508,4774.278142,3918.221696,4961.179584,3801.430775,4677.427563],"1.19beta1":[5284.83681,5272.844321,5192.141965,5310.604269,5983.324116,4474.576986,4613.516567,5286.813638,4903.05404,6639.430114],"1.19rc1":[4804.782959,4681.094322,4697.941869,4621.023688,4521.696758,4259.476601,5806.401764,4716.54319,4824.107426,4655.149581],"1.19rc2":[5879.561554,5162.241329,5131.881263,4943.779809,4547.719882,4807.48784,5820.688939,4985.200109,4828.80291,4771.763555],"gotip":[4656.938899,6374.892802,4655.881355,5940.561036,4544.296054,4671.433024,4573.528481,4817.737012,5114.094245,4616.994751]}},"alloc_1.5k":{"name":"alloc_1.5k","build_times":{"1.17":[161.486761,145.401867,156.457438,147.481117,144.810153,143.982631,145.797577,141.87428,135.682028,142.224189],