{"CGO_CALL_C_FUNC":{"name":"CGO_CALL_C_FUNC","build_times":{"1.18":[521.473811,463.355251,466.396411,468.35735,463.013243,462.31663,477.193616,465.257168,463.357334,467.096802],"1.19":[488.500054,476.165922,492.284483,478.747385,475.679632,490.57639,483.590669,483.379366,491.030398,480.702919],"1.20":[421.076264,420.024028,420.03419,419.790274,419.846003,414.465348,427.314356,428.42288,417.312549,414.724352],"gotip":[458.292323,466.799598,452.531259,454.146835,460.552357,463.048271,459.451628,457.757058,452.379496,471.491294]},"run_times":{"1.18":[3516.123703,3514.9442,3514.825888,3513.270999,3518.774934,3517.494565,3517.538104,3516.735705,3519.494044,3512.59062],"1.19":[3540.528049,3543.231956,3545.702286,3542.246705,3543.997249,3542.321105,3543.495879,3542.72974,3542.635531,3542.387879],"1.20":[3553.361488,3558.037738,3553.351216,3553.607061,3556.174482,3551.851837,3552.284517,3567.227208,3557.113605,3554.883217],"gotip":[3592.070134,3576.659813,3580.396403,3586.049686,3696.68104,3591.175376,3582.284962,3563.712843,3570.146177,3591.386932]}},"Fibonacci":{"name":"Fibonacci","build_times":{"1.18":[121.782876,118.363851,118.869755,121.410473,118.914356,119.695161,117.537746,120.622968,127.505217,116.555096],"1.19":[131.210611,105.796616,107.235027,110.804754,107.72183,109.997948,111.762162,111.851763,108.110933,106.603322],"1.20":[112.302254,115.730725,114.99108,112.202955,111.016945,118.245639,111.178983,115.926626,115.337178,117.483333],"gotip":[111.687963,120.122441,117.228893,117.329756,105.849394,114.510478,118.025076,115.050204,117.847343,120.85828]},"run_times":{"1.18":[4012.707823,4012.926618,4023.269604,4011.986969,4011.740197,4013.406598,4013.744,4022.335723,4012.64799,4010.614357],"1.19":[3901.06962,3902.953412,3903.752321,3911.668196,3901.92422,3901.742921,3903.471842,3903.202684,3912.318857,3906.600967],"1.20":[3901.203531,3906.06308,3903.590624,3903.15944,3903.55695,3901.619252,3922.258124,3903.605311,3902.188938,3912.831747],"gotip":[4256.736413,4248.256098,4245.642444,4246.057029,4246.16544,4246.129049,4257.538856,4253.635278,4244.348139,4243.70647]}},"Garbage_Collection":{"name":"Garbage_Collection","build_times":{"1.18":[131.302427,122.85699,128.525082,122.673087,123.260996,134.803984,124.677319,128.345078,132.211641,127.063758],"1.19":[110.215676,151.798559,108.364755,106.090929,111.685488,113.007804,111.594388,106.671231,107.619642,113.641711],"1.20":[114.194132,119.8712,115.457328,123.217074,117.945913,122.122287,119.593747,118.959167,118.873997,115.493541],"gotip":[117.443349,128.672011,117.619317,115.923511,117.192015,119.987627,133.905318,115.590866,118.968,123.629836]},"run_times":{"1.18":[5738.444768,5671.965334,5682.333316,5745.924733,5688.454465,5717.211742,5690.859256,5701.262673,5702.659354,5655.810872],"1.19":[5588.256829,5566.78314,5565.039572,5545.879095,5586.666556,5624.826369,5534.851815,5579.344091,5510.978521,5523.977297],"1.20":[6202.924701,6219.692737,6244.159658,6210.402659,6182.19048,6236.942122,6196.718215,6190.301155,6181.651072,6183.156917],"gotip":[6485.892812,6490.550385,6458.11771,6455.312644,6441.379735,6451.231258,6424.459354,6413.448592,6454.957698,6405.843462]}},"Goroutine_Creation":{"name":"Goroutine_Creation","build_times":{"1.18":[135.087986,126.064943,138.013066,126.809858,137.435755,130.400725,128.731993,130.735731,132.367307,126.940119],"1.19":[141.635057,115.560057,118.337522,114.485732,118.675129,116.402376,123.332445,114.925679,111.14229,109.507352],"1.20":[121.158664,114.77195,122.467231,116.445066,118.721388,115.940916,118.153582,119.20931,121.198925,118.3418],"gotip":[121.83213,122.039042,120.763362,117.959381,111.127708,118.528708,117.794716,127.172234,114.834613,117.474593]},"run_times":{"1.18":[5162.213378,5197.468381,5113.513123,5164.582403,5201.58675,5235.328946,5242.841628,5155.774003,5221.483428,5349.8878],"1.19":[8858.622817,8789.258803,8753.72897,8757.591568,8726.299521,8848.77499,8829.771253,8719.427557,8734.313073,8854.212739],"1.20":[8923.367205,8953.220805,8886.054795,8815.521199,8828.737587,9033.365508,8809.001954,8810.485662,8795.871791,8810.531707],"gotip":[5306.014232,5265.181203,5301.057846,5343.567567,5340.121514,5428.405779,5407.439329,5482.946086,5488.799893,5273.526545]}},"MergeSort":{"name":"MergeSort","build_times":{"1.18":[126.709663,129.120184,120.389844,123.783567,126.140186,125.017878,121.000646,125.070878,123.336864,123.217364],"1.19":[149.546105,111.5813,117.93395,116.62884,110.342689,112.376206,112.984211,113.073208,107.951968,117.546344],"1.20":[107.899464,123.472286,117.357689,122.175221,112.26779,115.796961,120.343392,118.48946,115.275212,113.533529],"gotip":[123.259717,122.018841,120.327169,118.901947,126.095839,127.044246,118.034357,114.254062,123.829642,126.617102]},"run_times":{"1.18":[5723.758643,5737.484468,5720.180477,5785.24476,5750.188118,5743.00589,5764.292077,5799.877529,5834.178815,5739.369079],"1.19":[7379.23953,7372.098062,7398.211311,7383.452488,7319.930881,7435.709676,7371.098701,7343.53663,7330.074754,7358.189178],"1.20":[8468.331072,8503.677446,8470.360849,8501.723972,8495.40825,8631.961798,8664.407151,8425.255623,8447.702952,8474.119935],"gotip":[8959.869662,9028.586016,9103.365442,8908.534003,8892.821058,8930.202513,8958.885427,8893.629373,8917.240774,8809.475071]}},"Sort_Random":{"name":"Sort_Random","build_times":{"1.18":[135.196585,141.811972,140.359353,141.533169,136.195798,142.077076,140.92596,142.318079,140.481655,139.418341],"1.19":[128.668471,121.956699,117.40725,123.633317,117.537952,128.713871,121.861198,117.692454,121.895698,116.703743],"1.20":[122.067145,130.98374,126.125437,131.055098,132.433956,125.051796,129.623028,127.966681,129.428988,126.642155],"gotip":[131.645096,133.431668,128.295796,128.968092,129.227407,132.904025,134.815913,135.103603,139.931223,137.244707]},"run_times":{"1.18":[5027.927621,5030.142063,5024.020595,5028.08894,5027.701939,5027.803239,5030.220461,5025.769947,5026.827767,5030.34631],"1.19":[5088.206162,5088.357384,5085.688067,5084.02791,5081.769292,5086.776564,5087.218527,5084.640867,5101.414202,5082.546564],"1.20":[5076.633458,5082.812656,5080.023838,5080.267734,5079.142735,5080.289972,5078.512639,5083.310191,5079.200694,5081.179757],"gotip":[5259.396257,5278.670007,5278.200607,5281.657148,5275.026709,5287.276712,5266.376071,5260.705137,5272.773293,5280.890957]}},"Sort_Reversed":{"name":"Sort_Reversed","build_times":{"1.18":[125.206964,132.594977,137.129579,131.557954,132.116566,129.471808,133.802005,124.362293,131.866661,133.14819],"1.19":[119.319774,159.055297,113.143145,107.291424,111.101203,112.502432,110.034781,117.978746,114.764579,118.547257],"1.20":[115.683299,118.321672,119.846464,118.03976,113.555397,115.195092,116.096664,115.127965,114.930713,117.389264],"gotip":[125.148199,118.606371,122.318792,117.172241,121.15737,122.702471,121.735344,120.617441,118.19388,123.127178]},"run_times":{"1.18":[3574.060961,3593.413398,3575.857596,3575.75082,3573.111337,3576.362308,3573.519282,3573.726828,3575.383102,3575.852912],"1.19":[369.869267,370.47238,370.373778,371.369099,370.372578,370.336778,371.131994,370.187374,370.758087,370.307119],"1.20":[369.110516,371.589831,370.716579,370.226973,370.546176,370.568576,369.94897,369.492664,371.270684,369.00806],"gotip":[373.771115,376.013534,374.635822,374.933225,374.021817,375.073826,375.302328,374.764823,374.620422,375.281528]}},"TimeAfterFunc":{"name":"TimeAfterFunc","build_times":{"1.18":[247.692799,146.156715,139.684353,147.544129,141.274251,150.193318,139.243678,145.917863,142.881825,142.886824],"1.19":[235.645454,120.663139,121.583135,127.953046,118.991849,121.15152,127.395728,123.740706,121.536033,127.16882],"1.20":[128.873845,129.35948,129.336301,128.005313,123.701167,126.363504,131.927697,132.842317,121.977246,138.276362],"gotip":[130.673377,129.91867,138.980884,135.306427,130.753654,133.209937,130.884539,138.089418,135.171902,131.295469]},