{"Fibonacci":{"name":"Fibonacci","build_times":{"1.17":[121.679533,121.316868,118.956763,117.626756,122.543479,119.648366,118.32426,122.355678,123.637985,119.412265],"1.18":[141.77334,127.158574,130.029986,137.887122,127.566276,125.973068,126.445471,128.235678,125.989168,125.553867],"1.19beta1":[276.543084,281.783504,289.610434,271.206063,278.398891,276.567084,273.21707,275.087478,273.324571,270.004958],"gotip":[147.028413,149.720621,142.893198,153.985837,147.548214,147.609914,151.113527,147.240813,151.573328,144.674304]},"run_times":{"1.17":[4845.838015,4814.302252,4794.559339,4811.974496,4794.020947,4794.702912,4795.60602,4793.534272,4793.116582,4793.047979],"1.18":[4798.914249,4798.39823,4797.516486,4797.356252,4800.26758,4797.860881,4820.545116,4799.826143,4798.094274,4798.028504],"1.19beta1":[4798.546141,4801.293211,4797.067839,4800.969326,4796.984333,4797.295819,4802.395386,4800.669434,4797.725648,4797.643516],"gotip":[4793.381379,4794.366358,4792.471863,4793.140054,4793.534135,4792.36237,4792.304287,4792.557404,4793.126352,4793.115307]}},"MergeSort":{"name":"MergeSort","build_times":{"1.17":[137.060089,127.391154,130.969668,126.778252,127.972157,128.247558,125.693249,126.562651,161.577877,124.875546],"1.18":[132.207209,130.156702,151.268568,141.523637,133.532513,132.040308,136.451421,132.741711,134.208714,132.812511],"1.19beta1":[272.033966,273.24127,278.787588,269.398061,275.037577,276.378081,274.741876,269.822763,277.814785,270.254063],"gotip":[163.370495,160.663088,152.85747,195.008071,154.384173,155.806077,154.548474,155.089474,151.558067,149.645362]},"run_times":{"1.17":[5982.481792,6021.00267,6023.765464,6054.694607,6021.348167,6063.949674,6187.602876,6113.68802,6049.432419,5974.28057],"1.18":[5727.391207,5726.548813,5847.389757,5808.096762,5902.477708,5952.347278,5862.39376,5712.11846,5736.765743,5791.552814],"1.19beta1":[7115.916598,7067.018182,7073.885447,6980.57274,7078.906215,6964.8053,6928.203721,6905.168267,6951.287149,7038.975742],"gotip":[7159.599894,7157.36722,7041.054379,7009.823813,7046.686543,6997.654581,6992.395232,7138.8874,7077.225623,7056.162382]}},"Sort_Random":{"name":"Sort_Random","build_times":{"1.17":[148.797184,143.837027,142.580013,145.943951,147.286267,146.290455,144.211831,149.872096,148.077675,144.648937],"1.18":[153.210115,167.250881,150.768886,152.754809,153.164415,153.796222,152.142302,147.137843,151.381446,154.608174],"1.19beta1":[289.510035,287.636319,289.159532,289.234232,287.943422,286.867411,286.392608,285.4808,288.392325,295.292385],"gotip":[170.460161,170.500161,167.671642,161.4931,161.304798,160.966297,161.117097,161.269699,161.140597,164.553121]},"run_times":{"1.17":[6090.74579,6097.735034,6088.110771,6087.004123,6089.450339,6090.616476,6089.9671,6089.52313,6109.862581,6088.464444],"1.18":[5991.931031,5979.50677,5983.313011,5976.199306,5976.974225,5983.572255,5983.63785,5979.649583,5982.370978,5974.416968],"1.19beta1":[5962.8917,5924.879384,5927.084541,5933.06849,5934.353821,5950.888088,5964.385811,5951.860906,5943.389553,5938.843685],"gotip":[5938.562229,5936.941201,5938.57748,5933.50017,5923.614508,5936.826727,5927.924943,5921.727161,5938.37608,5926.698465]}},"Sort_Reversed":{"name":"Sort_Reversed","build_times":{"1.17":[134.657792,135.205096,134.241589,137.656812,135.337297,136.850699,136.32795,134.601242,135.996048,137.383057],"1.18":[146.264021,142.9762,143.267303,143.261302,136.565659,141.872793,143.745505,144.59431,148.243634,148.203433],"1.19beta1":[278.073575,282.484493,273.585556,270.655143,277.171571,276.461468,274.57576,274.383859,277.653873,277.086271],"gotip":[152.89706,155.478276,154.800571,157.539387,155.758177,155.550376,155.135574,153.330863,154.57487,154.998573]},"run_times":{"1.17":[3651.633805,3678.649208,3636.773399,3644.821835,3704.495849,3681.148111,3641.424393,3631.296272,3641.559905,3639.308464],"1.18":[3567.294456,3545.279397,3546.507332,3549.579137,3544.699029,3547.114506,3544.59259,3544.678475,3544.427826,3543.063692],"1.19beta1":[396.303178,393.994381,391.337167,393.397178,393.898581,396.289595,392.616674,394.552084,399.141973,394.24462],"gotip":[362.181439,360.672531,360.997033,362.035238,361.151234,361.165133,360.860032,362.026638,361.808937,360.972932]}},"TimeAfterFunc":{"name":"TimeAfterFunc","build_times":{"1.17":[144.784598,149.219156,141.540356,147.643792,143.77367,143.444566,145.198587,144.61518,144.464478,145.921796],"1.18":[378.450719,152.162696,163.987328,152.856704,153.847515,152.399685,154.472669,151.842448,150.689238,156.313985],"1.19beta1":[1449.425745,287.710102,285.975786,284.15437,284.705274,285.635783,285.35908,286.304189,283.867567,283.432063],"gotip":[187.429392,165.05959,165.466394,170.206136,192.340737,176.22069,171.61465,165.507394,175.246782,162.750969]},"run_times":{"1.17":[5021.732309,4395.015326,5843.259509,4798.372564,4484.883873,4925.35124,3835.76425,4153.256608,4205.652193,4391.794959],"1.18":[3573.203264,5715.383075,4695.030297,5097.946353,3586.370795,4276.814395,3654.728853,5244.294998,5631.283738,5603.073226],"1.19beta1":[4985.709434,4795.17774,4797.343524,5063.969746,4698.457973,4405.797664,4602.507548,5613.379004,4371.078573,5213.010935],"gotip":[5129.624313,4526.545833,5799.310975,5002.915716,4406.165735,5464.771561,5162.512194,4895.038308,5344.955121,5061.581586]}},"alloc_1.5k":{"name":"alloc_1.5k","build_times":{"1.17":[146.501673,120.983903,124.295126,122.656615,124.397226,120.133398,126.549641,123.064117,125.694935,119.626295],"1.18":[127.484051,130.759672,132.191883,132.915787,138.816227,131.270076,131.269876,131.929528,126.767942,129.143157],"1.19beta1":[285.169661,272.573243,269.623199,273.571022,275.644835,273.603523,267.868389,275.675335,267.020083,271.37481],"gotip":[151.951173,148.925058,155.619592,155.050789,149.191359,152.639777,147.831752,149.19136,150.906968,150.426765]},"run_times":{"1.17":[3770.247844,3704.799209,3689.494752,3726.154485,3696.249195,3704.952052,3686.466054,3699.425379,3686.179229,3700.53275],"1.18":[5216.144955,5217.293151,5216.828859,5216.795397,5216.648181,5216.135163,5218.73078,5217.667816,5223.804549,5216.421426],"1.19beta1":[5218.792487,5217.7694,5216.861162,5217.930683,5216.291706,5217.802382,5217.892876,5217.393345,5217.714076,5216.333865],"gotip":[2706.635574,2707.133768,2707.143352,2706.533949,2706.342726,2706.009042,2706.152162,2706.20266,2710.961673,2708.268461]}},"regexp_Compile":{"name":"regexp_Compile","build_times":{"1.17":[171.793372,158.014644,168.457693,159.041369,153.366635,161.559029,157.461632,159.134371,157.598335,157.867341],"1.18":[198.930194,165.779245,166.048451,160.370523,166.658364,162.272866,163.744999,164.578418,167.895992,168.257401],"1.19beta1":[303.604734,296.528153,300.943103,302.501421,299.022358,302.088795,301.41918,294.260023,301.053372,302.600705],"gotip":[185.064251,181.918278,179.856244,179.963845,180.367453,189.500702,181.309867,181.065364,189.809107,180.111948]},"run_times":{"1.17":[1070.957181,1073.236935,1078.320955,1075.229982,1073.84105,1070.076116,1071.838513,1071.952115,1069.753065,1066.8595],"1.18":[1112.249225,1109.442792,1103.708145,1115.257973,1117.242113,1112.08551,1117.768023,1116.64733,1110.59978,1110.252655],"1.19beta1":[1127.722317,1126.971301,1126.326687,1130.249688,1127.537405,1133.415291,1124.126663,1125.594362,1131.934299,1115.636048],"gotip":[1140.889374,1127.633658,1139.471634,1140.708352,1132.586687,1126.068297,1145.310201,1129.848258,1133.320568,1139.595702]}},"regexp_FindAllString":{"name":"regexp_FindAllString","build_times":{"1.17":[165.502817,162.097748,160.816523,168.619279,162.17775,163.544877,162.241052,161.766942,166.925346,157.528057],"1.18":[169.839147,176.838789,174.679546,172.153094,175.160455,171.46388,169.881348,177.392,170.533261,172.605903],"1.19beta1":[310.702013,308.975825,318.113293,314.246434,312.796311,315.502753,315.565754,313.912929,311.496991,306.886821],"gotip":[185.295874,186.317086,189.677224,191.041939,187.704501,191.511144,185.093772,192.550956,201.098152,196.807703]},