{"Fibonacci":{"name":"Fibonacci","build_times":{"1.17":[167.41222,164.361339,164.148041,174.006177,173.131682,162.802749,164.395039,165.694831,165.550832,170.871598],"1.18":[174.173148,183.649785,203.386055,174.332746,162.437626,168.992381,170.92087,182.80979,169.098582,155.235873],"1.19beta1":[388.898156,376.475034,370.771369,381.535603,422.110547,370.789369,382.427054,398.617731,389.568983,376.805755]},"run_times":{"1.17":[4812.705854,4774.054433,4724.177737,4785.187877,4696.322085,4619.349329,4721.090671,4697.535585,4662.54113,4626.198594],"1.18":[4770.185542,4582.979175,4685.502332,4634.979771,4703.20211,4700.029325,4680.43692,4739.006033,4702.717216,4653.124456],"1.19beta1":[4726.197197,4694.330033,4791.801121,4668.259579,4645.771897,4677.72421,4773.890709,4631.815963,4741.871923,4599.773282]}},"MergeSort":{"name":"MergeSort","build_times":{"1.17":[180.165049,183.08003,165.993439,164.473649,177.132168,171.632604,170.630709,169.746116,159.57578,177.447666],"1.18":[178.511666,178.907067,204.437132,177.996468,188.471653,181.292263,173.869373,172.322675,180.766464,170.497976],"1.19beta1":[394.775599,388.571352,384.422553,372.579054,377.431754,379.520853,379.533853,370.121155,391.035152,412.123049]},"run_times":{"1.17":[8198.415785,8313.190946,8210.859198,8473.584663,8481.792619,8528.452499,8754.086509,8633.435094,8564.906543,8353.062591],"1.18":[7575.695819,7701.695591,7985.733035,7813.692861,7956.291934,7844.221427,7986.028882,8382.251817,8160.337502,8256.13892],"1.19beta1":[10150.29562,10150.584365,9979.538719,9543.498719,9800.265726,9581.289034,9512.191517,9322.61617,9261.49238,9235.936215]}},"Sort_Random":{"name":"Sort_Random","build_times":{"1.17":[187.837551,167.329479,179.593362,170.653773,179.246363,181.977559,177.134365,198.965036,169.831175,169.085276],"1.18":[171.131571,176.637162,189.468146,197.177635,198.439534,177.202962,176.086763,193.025941,183.232354,191.069943],"1.19beta1":[375.559657,371.216461,375.399657,364.80897,371.238462,342.335096,360.532374,346.549991,338.6126,364.54847]},"run_times":{"1.17":[6055.693075,5847.313611,5893.456306,5770.322176,5865.16461,5823.275219,5944.214932,6015.564338,6001.209055,6024.724531],"1.18":[5982.162024,6056.733401,5963.235848,5808.035368,6122.02832,5957.297773,5810.031291,5920.250513,5824.659168,5868.838786],"1.19beta1":[5966.071713,5966.982721,6027.321481,5861.930913,5832.975624,5894.125311,5933.445229,5858.953511,5777.225272,5746.122538]}},"Sort_Reversed":{"name":"Sort_Reversed","build_times":{"1.17":[169.155999,173.766994,165.513503,176.457991,362.885369,164.276006,165.189804,175.028592,163.703106,172.634195],"1.18":[180.18558,177.739784,175.756285,178.912382,161.772003,172.435989,168.738295,169.250193,166.279897,169.795293],"1.19beta1":[342.222587,342.687788,359.002069,351.585177,337.935894,342.429788,339.131393,376.378247,365.94066,346.028585]},"run_times":{"1.17":[4671.049558,4533.401393,4543.829722,4507.212653,4668.335528,4792.666014,4720.865179,4716.188256,4670.332362,4511.403107],"1.18":[4526.638379,4505.174598,4576.938602,4687.282577,4592.464091,4543.657406,4434.974573,4524.980111,4495.812355,4406.452317],"1.19beta1":[478.477525,466.683239,451.625057,454.962254,452.985455,468.485237,465.265341,473.407631,446.250463,447.415262]}},"alloc_1.5k":{"name":"alloc_1.5k","build_times":{"1.17":[168.045211,177.000159,176.548961,168.933206,182.412327,180.383738,174.817771,167.400415,165.107028,157.710072],"1.18":[175.984749,171.491679,182.926004,160.298552,157.075773,158.677663,164.510624,164.134927,164.183527,155.102886],"1.19beta1":[413.458772,386.821503,374.626263,377.458448,368.024995,365.922205,386.554504,371.204279,382.414455,396.287775]},"run_times":{"1.17":[4061.38061,4047.676265,3925.502366,4031.604872,4027.065774,4179.442833,4232.376847,4209.78741,4089.685087,3929.247912],"1.18":[2860.087345,2812.252361,2862.763578,2793.067529,2778.06063,2963.424849,2872.436524,2828.000924,2838.286431,2834.317798],"1.19beta1":[2866.592944,2779.917684,2781.654112,2782.846128,2794.670053,2808.480468,2763.440967,2864.596915,2728.350293,2810.61026]}},"regexp_Compile":{"name":"regexp_Compile","build_times":{"1.17":[202.682796,194.708804,203.615495,196.324502,194.599104,221.842376,200.955998,201.126497,192.589406,208.23619],"1.18":[211.4488,215.707993,217.384091,201.859312,211.1407,204.788609,223.247682,225.50948,249.242545,226.658078],"1.19beta1":[373.45093,399.488498,401.063696,444.124442,414.471579,386.329914,375.135628,393.329506,377.888425,397.717205]},"run_times":{"1.17":[1383.438806,1342.123126,1307.230837,1341.957074,1421.336631,1387.235592,1351.914756,1410.542378,1374.653145,1377.72074],"1.18":[1452.459734,1428.03684,1465.10747,1563.854941,1455.469884,1484.989744,1470.52197,1461.156063,1404.765334,1408.50913],"1.19beta1":[1463.059485,1490.646751,1449.971201,1458.66969,1469.340777,1444.087717,1448.267615,1459.887101,1397.191878,1453.662408]}},"regexp_FindAllString":{"name":"regexp_FindAllString","build_times":{"1.17":[211.667439,202.82475,194.76726,199.107555,206.587945,211.765639,225.755923,208.027545,199.874354,207.093646],"1.18":[207.371846,221.742529,218.553333,209.812544,227.888321,203.811852,216.066036,210.405243,214.999337,209.745144],"1.19beta1":[383.078728,406.365197,402.882596,414.280983,410.503387,416.845879,423.570471,389.301614,390.698612,362.272647]},"run_times":{"1.17":[2961.391165,3000.354417,3142.493148,3070.009239,3119.19068,3114.521892,3091.39062,3056.957162,3055.641564,2960.46778],"1.18":[2953.754994,2978.150464,3028.442793,3019.687702,3049.987965,3006.253021,2964.882371,2885.845755,2976.622731,2937.57108],"1.19beta1":[2805.188396,2852.551743,2791.240631,2873.919829,2934.514165,3002.328192,2939.25327,2850.990309,2822.16793,2889.553742]}},"switch_case":{"name":"switch_case","build_times":{"1.17":[249.4535,254.540095,241.841609,253.127896,273.695471,272.786272,250.230499,259.270789,240.95601,263.541583],"1.18":[248.940173,314.822502,273.426438,248.283885,246.314821,258.269008,233.320251,228.552336,217.298636,242.678346],"1.19beta1":[394.536554,441.76185,386.655305,429.091232,431.059231,402.492329,420.93321,396.598067,422.909498,429.122358]},"run_times":{"1.17":[6791.617438,6953.879135,7160.793094,7116.463671,7091.485726,7067.012083,7008.570336,7130.257065,6889.718968,6815.86566],"1.18":[6937.33857,6939.546214,6640.759552,6660.542158,6762.481243,6784.489236,6927.484464,6557.962668,6644.960655,6647.315496],"1.19beta1":[3905.284451,3798.765928,3752.738794,3921.127876,3923.092064,3628.437376,3819.962183,3926.677369,3899.815468,3878.025257]}}}