{"Fibonacci":{"name":"Fibonacci","build_times":{"1.17":[130.486469,129.306258,130.596669,132.02548,127.421827,128.518637,132.407272,126.856822,137.790019,124.884504],"1.18":[139.723724,145.121256,142.099517,159.086974,133.362336,134.738549,137.308773,138.460083,137.584275,135.454755],"1.19":[152.763148,150.462126,149.394015,145.308277,149.084513,147.335596,146.461488,153.563655,148.129304,149.715218],"gotip":[146.866784,150.41292,146.307279,150.692023,146.899484,147.515891,152.34734,158.486501,151.009427,146.790983]},"run_times":{"1.17":[3905.994052,3906.325932,3905.419665,3905.131605,3914.571165,3905.978742,3904.893849,3905.30774,3905.775016,3904.807707],"1.18":[4016.877128,4019.643597,4017.62195,4014.886458,4018.412229,4014.934619,4019.786573,4015.522002,4015.515071,4015.574866],"1.19":[3904.163295,3904.866373,3908.942843,3905.210813,3905.908678,3902.690659,3904.232784,3905.294476,3904.858156,3903.788063],"gotip":[4014.061166,4014.20201,4018.387955,4014.176101,4015.53345,4014.982521,4014.157317,4013.167535,4015.538943,4015.047298]}},"Garbage_Collection":{"name":"Garbage_Collection","build_times":{"1.17":[137.863802,139.158815,166.219871,137.881203,141.294535,134.363169,137.5786,134.521371,135.844484,133.833564],"1.18":[152.162161,147.689618,144.527388,148.518226,145.669999,145.301595,144.406986,146.248304,147.150813,146.627808],"1.19":[147.856613,149.569929,154.409476,153.050364,151.69945,155.664988,158.709217,148.182117,157.609906,149.947334],"gotip":[152.561952,148.334512,157.211696,152.993756,157.350597,152.43455,148.14221,151.043438,150.155529,147.775706]},"run_times":{"1.17":[5745.998182,5671.932395,5713.457675,5795.62864,5702.128625,5734.552286,5730.123832,5729.888193,5685.649468,5780.284798],"1.18":[5722.917723,5753.695226,5720.126635,5711.338447,5734.053982,5733.834054,5722.427356,5747.705497,5679.55617,5684.634761],"1.19":[5560.029052,5599.021858,5648.660636,5538.522694,5549.907938,5535.738913,5538.27319,5541.518142,5554.662273,5548.390877],"gotip":[5602.744026,5546.417221,5557.139355,5610.56984,5551.953556,5607.4341,5576.452283,5581.725324,5555.143805,5563.551409]}},"Goroutine_Creation":{"name":"Goroutine_Creation","build_times":{"1.17":[151.39303,138.228705,149.091208,161.353724,145.03337,138.550608,143.165253,147.19159,144.103561,145.935479],"1.18":[149.227517,159.843018,160.718126,144.19767,144.251859,147.010882,146.228876,148.972901,146.73398,145.65197],"1.19":[151.218029,154.326059,150.356621,146.239382,174.820052,144.867172,143.337359,152.835249,148.68421,154.895169],"gotip":[148.140806,179.235102,156.628887,146.905295,158.219702,151.499538,155.818679,152.524448,149.236017,155.88418]},"run_times":{"1.17":[9146.743489,9138.443699,9141.659911,9154.426633,9084.795981,9101.684234,9079.175859,9028.822724,9069.608337,9078.962786],"1.18":[5474.075387,5455.257657,5480.580529,5512.27731,5393.351061,5403.280653,5430.870877,5412.688718,5394.344743,5414.119565],"1.19":[9037.459628,9018.287686,9028.767938,9087.057748,9085.776246,9075.440163,9054.345957,9088.312399,9032.684893,9019.094493],"gotip":[5583.226628,5587.818607,5592.797716,5596.453378,5605.696688,5579.09281,5617.786859,5576.396046,5587.114689,5608.850312]}},"MergeSort":{"name":"MergeSort","build_times":{"1.17":[138.421431,146.543009,132.987179,134.493993,139.725644,136.149409,136.23971,135.407002,136.541213,134.400893],"1.18":[150.407235,148.114913,148.83412,140.618641,144.345377,139.660433,145.388187,143.032565,140.46004,138.640522],"1.19":[157.116092,159.814919,160.059021,157.479896,156.084783,149.554021,158.392305,154.369267,155.069173,154.316566],"gotip":[156.368486,158.064803,164.555865,164.202661,186.560874,155.63348,163.524155,162.079041,156.290986,156.434387]},"run_times":{"1.17":[6338.089862,6378.415244,6384.324647,6315.647297,6338.726749,6439.131507,6393.594162,6320.884442,6515.291859,6404.608014],"1.18":[6245.313763,6288.261198,6248.963974,6248.374173,6122.267917,6168.451731,6107.13563,6179.550768,6145.122284,6174.292644],"1.19":[8059.110476,8034.822085,7985.731417,8037.673092,8037.300061,7950.181728,8019.748102,8074.839229,8006.143129,8031.147416],"gotip":[8330.942307,8315.379063,8211.74917,8244.46089,8422.704581,8240.878188,8151.920872,8041.849677,8094.679146,8334.072026]}},"Sort_Random":{"name":"Sort_Random","build_times":{"1.17":[149.626234,151.436051,149.522334,147.441415,150.628189,147.388698,150.453228,150.005624,152.297045,152.308446],"1.18":[162.156136,155.645775,174.061449,163.178446,168.357395,158.682304,158.858905,160.47952,164.126255,164.807462],"1.19":[161.348069,162.431279,159.931856,177.93902,159.658954,161.296169,159.498652,160.565362,163.058685,167.435224],"gotip":[164.537185,160.760749,163.256173,164.227383,166.461504,167.557014,165.237092,170.657044,162.570467,163.591176]},"run_times":{"1.17":[5016.517815,5015.370051,5012.308812,5015.626593,5012.145278,5014.677431,5021.281551,5015.567794,5013.262234,5014.922727],"1.18":[5029.23215,5035.162805,5029.336962,5034.98816,5031.388659,5036.849168,5029.95188,5030.345358,5030.979295,5029.302168],"1.19":[5097.974994,5084.803197,5082.509142,5093.416124,5084.96273,5085.999923,5084.930385,5084.27241,5092.200074,5084.778505],"gotip":[5012.565801,5009.671052,5010.074811,5009.255579,5007.82463,5005.936917,5007.27288,5009.363871,5007.167131,5006.802988]}},"Sort_Reversed":{"name":"Sort_Reversed","build_times":{"1.17":[139.047811,146.161377,140.10622,137.973001,150.364017,143.735854,137.099192,144.021557,138.516106,141.653535],"1.18":[152.127648,144.902779,153.427361,148.612015,151.589343,148.455613,149.973828,151.567942,147.670806,149.794226],"1.19":[153.375275,151.986761,158.623826,155.059891,163.203169,156.442204,159.190631,157.620916,155.209892,155.9881],"gotip":[159.987438,156.368504,161.906557,154.037881,147.508718,162.283261,152.838769,151.449757,149.285135,157.721817]},"run_times":{"1.17":[3712.671041,3715.703627,3716.257594,3716.425993,3713.096958,3712.878162,3718.529815,3713.261274,3718.581624,3719.337386],"1.18":[3579.398865,3578.388793,3577.993288,3578.862547,3576.974652,3576.088953,3579.63059,3579.227413,3578.986947,3580.014645],"1.19":[369.919257,369.918757,370.295461,369.879457,371.179069,370.575664,370.21496,370.591064,369.937257,370.920967],"gotip":[369.903157,370.428792,370.014406,370.954216,370.751414,370.052807,370.083107,369.749104,370.854415,370.39031]}},"TimeAfterFunc":{"name":"TimeAfterFunc","build_times":{"1.17":[172.336161,159.119434,157.67572,158.471427,157.972423,154.400788,154.757192,161.638258,161.263255,164.377786],"1.18":[338.436183,194.563388,166.672217,164.435295,163.629887,168.240033,162.965081,169.354542,164.295293,163.484686],"1.19":[337.695345,171.090645,161.396951,173.183065,167.009005,160.947447,166.985305,164.603182,162.130358,164.008076],"gotip":[169.570126,166.369096,201.475132,171.112442,168.104112,167.703608,168.287914,166.955602,164.324376,168.078512]},"run_times":{"1.17":[5581.877316,6478.104551,4546.574374,4985.895481,5726.495217,5044.319816,4474.595258,4775.394162,4301.109109,6422.016046],"1.18":[3784.972576,3961.900542,4463.384824,4612.262525,3962.162209,4398.949421,5098.686986,5164.846824,4125.185155,5026.794474],"1.19":[5033.366889,5120.485154,4146.912518,4690.936703,5421.417329,4644.377277,4461.830131,4232.073601,4875.701649,4386.850172],"gotip":[4846.658749,4990.460688,4535.333354,4645.457425,5438.082936,4796.163844,4411.874829,4575.421863,4825.429243,4389.948476]}},"alloc_1.5k":{"name":"alloc_1.5k","build_times":{"1.17":[131.710459,129.519639,132.204264,137.01141,128.984833,134.91789,133.370576,124.288688,130.982153,130.483147],"1.18":[143.260571,137.226912,137.781519,142.452962,140.470944,136.591707,138.161922,138.867928,136.823009,140.07424],"1.19":[150.353132,156.573391,146.581896,151.641245,154.976576,156.667192,150.758336,151.477142,148.00091,149.10822],"gotip":[150.53089,148.409747,148.790054,151.820617,156.975022,147.57063,151.99102,157.117725,149.811675,152.820638]},