{"Fibonacci":{"name":"Fibonacci","build_times":{"1.17":[173.226069,175.482771,181.567377,164.398861,216.327911,163.901259,178.905675,164.47666,166.561863,166.461162],"1.18":[175.801467,182.178072,175.747867,182.007172,184.046375,174.146765,177.458968,179.953871,186.335676,183.595674],"1.19beta1":[371.954157,416.6509,402.310786,406.25579,428.926012,396.816881,378.721664,418.070201,394.540179,395.53848],"1.19rc1":[212.647501,236.665424,222.73941,230.333418,224.724813,219.216907,224.473112,212.246001,216.625205,210.996499],"1.19rc2":[186.730198,196.302124,199.085332,203.726444,196.006123,194.459519,199.809234,221.322291,188.932204,198.56383],"gotip":[189.532541,187.350134,193.240553,197.271268,208.174604,188.842939,188.423237,198.660872,202.654986,203.86079]},"run_times":{"1.17":[4872.059129,4931.189545,5024.896511,4952.179831,4911.596776,5019.918768,4921.578164,4902.585344,4913.090055,4879.728725],"1.18":[4879.743615,4939.053674,4856.689104,4834.080356,4834.411345,4880.266353,4831.071215,4851.220345,4793.523297,4868.552479],"1.19beta1":[4937.585416,4882.646593,4980.529884,4954.124627,4948.028051,4980.157163,4927.233995,4914.165832,4881.068998,4915.225148],"1.19rc1":[4973.061233,4962.041078,4987.242301,4821.708335,4813.075764,4764.384713,4800.13997,4770.739176,4771.324895,4770.011003],"1.19rc2":[4801.869891,4818.121104,4818.809789,4804.864483,4795.404996,4805.415589,4831.654253,4813.518486,4886.628511,4860.110599],"gotip":[4794.131059,4706.743982,4703.92942,4751.880569,4697.450819,4698.013561,4723.909657,4720.628585,4865.452995,4740.534949]}},"MergeSort":{"name":"MergeSort","build_times":{"1.17":[191.08659,163.569119,179.52296,163.283118,175.62275,178.054556,171.054139,175.537149,177.888356,167.75753],"1.18":[174.494991,177.592202,180.624212,188.539338,194.858861,178.067203,185.406728,192.285752,256.657669,196.681966],"1.19beta1":[414.473931,380.730514,388.883842,376.799301,380.399013,380.669514,392.416708,396.914953,393.07824,372.894877],"1.19rc1":[218.053662,245.176019,227.078281,232.503593,221.416269,234.742697,235.090898,205.683236,207.80674,213.303152],"1.19rc2":[200.076577,205.493388,216.495708,209.586395,211.481499,201.044579,214.356404,211.266099,198.510106,189.591463],"gotip":[191.88525,201.086334,228.301183,209.914818,195.408643,196.991641,190.695052,194.262446,204.167728,205.590125]},"run_times":{"1.17":[8427.805646,8375.437367,8477.608338,8382.117088,8458.848051,8463.851723,8562.737443,8531.422485,8572.15369,8333.041313],"1.18":[8031.673177,8171.214571,8179.878952,8305.748941,8135.404147,8278.295353,7886.712933,8180.999873,8205.496703,8201.622618],"1.19beta1":[10513.397392,10162.456799,10143.397641,10206.098711,10587.023465,10613.817011,10107.128071,10333.032406,10166.540056,10201.248755],"1.19rc1":[10191.420483,9857.969067,9924.411741,10068.452249,9930.918269,9845.344831,10051.203352,9879.50029,9983.297385,10170.763824],"1.19rc2":[10410.050179,10324.010515,10662.09635,10738.186548,10725.691591,10518.242891,10394.604919,10322.359149,10239.398103,10172.871761],"gotip":[10217.446497,10520.119277,10439.855954,10397.219587,10475.784424,10333.211126,10546.557837,10337.648602,10783.614001,10631.320066]}},"Sort_Random":{"name":"Sort_Random","build_times":{"1.17":[208.4201,190.517583,190.464383,192.875585,193.016791,194.160399,201.110307,200.392105,201.071607,195.924301],"1.18":[209.790256,203.521948,219.430467,215.644463,219.671321,202.253601,213.832714,232.660832,208.712508,206.937406],"1.19beta1":[412.960699,414.022001,425.270111,412.6394,415.571402,409.788497,411.386098,430.118716,408.900596,415.338502],"1.19rc1":[245.57633,236.160921,236.253622,238.085823,230.785216,242.477127,247.921232,243.955629,223.415309,233.332118],"1.19rc2":[198.775049,227.3412,205.486485,222.180973,217.934051,196.879339,209.830908,225.198889,226.659297,204.149878],"gotip":[216.98224,228.743897,218.793549,202.666872,201.656067,211.092512,202.713872,199.131555,206.644291,221.778663]},"run_times":{"1.17":[6289.44606,6321.984575,6246.81271,6233.800779,6134.942742,6156.96936,6136.272149,6198.797594,6209.572661,6226.920584],"1.18":[6194.831678,6157.800658,6146.964291,6092.35326,6194.489576,6219.00638,6261.411945,6339.387516,6373.151136,6351.382238],"1.19beta1":[6405.66426,6230.814208,6329.185253,6334.04236,6427.8566,6343.184596,6304.572504,6257.402698,6311.562344,6336.544873],"1.19rc1":[6319.294728,6291.593738,6304.374322,6386.659904,6409.313708,6409.693186,6344.10922,6315.352037,6347.505353,6441.806723],"1.19rc2":[6278.16742,6386.936032,6349.379585,6299.773187,6295.757631,6381.379211,6305.260816,6322.0152,6451.971054,6320.722608],"gotip":[6306.461232,6240.719778,6237.549006,6235.64552,6316.023086,6255.796644,6274.60938,6209.17094,6279.434256,6378.964861]}},"Sort_Reversed":{"name":"Sort_Reversed","build_times":{"1.17":[215.982562,189.901382,188.545678,195.5389,203.102293,195.865878,203.003581,191.889777,186.981474,187.417775],"1.18":[190.511272,187.530063,197.544394,217.236652,205.307217,199.619,200.041301,191.392675,206.178019,194.960086],"1.19beta1":[400.810713,419.691455,390.62589,383.013312,407.01696,403.945051,421.305201,396.31913,395.015326,405.132855],"1.19rc1":[201.306373,220.169728,207.269291,205.759236,203.233977,210.282087,211.098688,202.253775,219.8774,222.744903],"1.19rc2":[196.866368,223.858805,194.279265,201.244774,190.98756,202.582476,199.159572,191.822861,196.939169,201.988195],"gotip":[190.210809,220.110374,201.542833,186.509302,195.692921,189.428007,193.339316,195.31332,200.397232,199.080528]},"run_times":{"1.17":[5219.958631,5095.732467,5149.080659,5029.739081,5155.817579,5122.067162,4973.839608,4808.567075,5040.945752,4955.56236],"1.18":[4992.137799,5011.040189,4942.431215,4834.131925,4865.868436,4930.701414,4848.271107,4823.74833,4888.595067,4921.917007],"1.19beta1":[480.432269,501.390229,478.281263,490.693199,475.819856,481.306172,477.782162,493.520207,481.454472,483.952079],"1.19rc1":[468.425339,466.484336,454.799619,469.92304,479.373653,494.133174,454.142319,469.275739,483.97856,484.02186],"1.19rc2":[476.743526,473.416719,477.701927,472.192615,461.800594,455.088679,462.623596,472.948417,478.146229,471.185214],"gotip":[484.394742,520.55012,515.010904,483.520433,467.023898,488.207344,497.550763,465.095594,491.730451,485.820539]}},"TimeAfterFunc":{"name":"TimeAfterFunc","build_times":{"1.17":[215.220914,204.109078,203.823676,207.646689,210.639999,205.327981,218.599525,217.328221,209.713996,213.685809],"1.18":[1087.114163,225.711216,221.255603,221.308303,215.934589,218.143994,210.905675,211.661177,217.053092,220.721701],"1.19beta1":[2113.499208,429.831246,412.394244,413.999144,428.545946,447.256248,422.285245,415.111645,418.008145,422.56533],"1.19rc1":[491.278742,250.459683,245.26547,274.475339,244.552969,240.018058,237.186552,259.077503,237.054451,236.865051],"1.19rc2":[760.363441,221.979012,222.359712,218.259903,229.157728,224.228817,225.97062,241.350756,223.223614,228.600626],"gotip":[230.072647,249.416943,258.867241,218.85665,242.740944,217.530751,222.965749,230.963247,211.836151,224.583649]},"run_times":{"1.17":[5862.521745,7940.6829,5877.612238,7179.994247,6058.084598,6909.298001,6730.622161,5996.821154,7052.792323,6596.380312],"1.18":[5304.898995,6774.935537,5283.949247,5165.310164,5335.998888,6047.848361,7181.811924,5711.968567,6860.60315,6553.082377],"1.19beta1":[6614.679963,8536.019864,5162.189931,4997.944421,4880.69809,5020.14152,7203.590285,6515.504934,6449.043284,5327.286877],"1.19rc1":[6827.10328,6872.697871,5657.953125,6596.83466,6628.305752,6768.091122,6462.054479,6892.533095,7123.701092,7069.047614],"1.19rc2":[6447.206924,6504.198212,5519.850168,6592.238007,6567.419258,6979.841221,6232.462173,5765.247612,7406.661068,6153.329879],"gotip":[6666.93429,5161.063041,5698.70892,7072.016981,5690.605845,6416.283366,6845.117325,7716.980616,6669.243951,6204.542866]}},"alloc_1.5k":{"name":"alloc_1.5k","build_times":{"1.17":[191.320685,158.059718,172.185646,168.85264,177.244957,170.143943,170.374643,166.885135,165.120633,170.073142],