{"Fibonacci":{"name":"Fibonacci","build_times":{"1.17":[122.626056,120.887158,121.087557,130.260546,127.200751,122.873855,125.767452,121.850256,120.345058,122.236856],"1.18":[129.808915,125.190501,130.269217,129.246114,128.10421,127.634208,126.914907,128.480011,125.391401,127.660909],"1.19":[147.255192,141.104972,143.29428,155.100619,183.084412,178.260096,196.326357,181.375207,190.728638,184.995419],"gotip":[139.970964,139.045762,141.281769,137.107355,160.802033,138.41006,142.918674,137.415556,139.110862,135.214149]},"run_times":{"1.17":[4794.267134,4791.560417,4792.079901,4795.284657,4792.31652,4791.674462,4792.773546,4795.087148,4791.750067,4790.964124],"1.18":[4795.352171,4796.219617,4796.970464,4794.938076,4796.402501,4795.629538,4795.823388,4795.763775,4796.108453,4796.889748],"1.19":[4792.564799,4793.467728,4792.734668,4792.792269,4793.145555,4792.330987,4791.935637,4792.229495,4792.604907,4792.556506],"gotip":[4799.566356,4796.242065,4795.205888,4796.419167,4796.653378,4795.733805,4802.63227,4797.020595,4796.958634,4796.889861]}},"Garbage_Collection":{"name":"Garbage_Collection","build_times":{"1.17":[143.423956,129.507443,128.158833,137.396008,131.272358,141.848657,131.603502,129.351494,129.304193,131.813603],"1.18":[132.680272,138.814893,144.833315,160.723972,139.317495,136.222384,136.712586,137.650789,138.408792,137.81999],"1.19":[139.129664,149.140083,151.861588,141.078668,147.182679,140.045066,142.758971,137.791461,141.601669,142.956971],"gotip":[141.175205,151.593642,142.46431,148.18953,143.332413,147.772629,143.195512,142.992112,141.874707,141.477106]},"run_times":{"1.17":[5133.709564,5393.01467,5122.436599,5253.736231,5269.940804,5200.79142,5275.826832,5124.797849,5148.706181,5138.29583],"1.18":[5157.109373,5228.291832,5154.906013,5175.14922,5174.23519,5179.549291,5165.473556,5176.028681,5176.393914,5165.020281],"1.19":[5233.49189,5194.019699,5177.551756,5179.544539,5203.701151,5192.102916,5190.446765,5193.102917,5231.000257,5228.568307],"gotip":[5230.082857,5185.08252,5235.306601,5180.347384,5196.451329,5248.918032,5206.205481,5255.315288,5200.298213,5192.344311]}},"Goroutine_Creation":{"name":"Goroutine_Creation","build_times":{"1.17":[132.285163,131.79386,135.038072,129.483953,144.343004,132.205562,131.234159,137.57728,133.509767,131.224159],"1.18":[140.012185,143.207796,140.344786,144.4004,141.067188,137.482376,138.153579,140.721087,140.372586,136.770674],"1.19":[144.783977,145.59808,146.030082,145.543379,139.668161,137.875254,142.321869,147.564387,141.344766,142.060368],"gotip":[140.550869,161.95474,150.575102,144.270881,141.235771,145.103684,140.107467,142.248574,144.831883,144.617082]},"run_times":{"1.17":[9987.517148,9926.56149,9889.561078,9864.96532,10081.908355,10133.4859,9923.024011,9927.352337,9878.122654,9940.147493],"1.18":[5843.794935,5857.987434,5768.637979,5866.41198,5866.865129,5843.275394,5892.359065,5942.032577,5992.825487,5912.260455],"1.19":[10134.063266,10091.028164,10102.28246,10125.817974,10146.221751,10043.075444,10117.997049,9940.314333,9990.777049,10293.938987],"gotip":[5948.751443,5894.87662,5919.755013,5982.131696,6190.775922,5962.269141,6046.729504,6168.778975,6051.289861,6095.560592]}},"MergeSort":{"name":"MergeSort","build_times":{"1.17":[129.230356,129.003155,127.600249,127.72035,126.888447,130.857963,124.422136,125.53734,124.710237,129.597358],"1.18":[134.505648,133.211045,127.698626,138.655062,130.374935,137.371958,133.606446,137.405959,134.437448,135.212651],"1.19":[141.33279,150.263622,142.726395,142.409594,150.529022,145.276404,141.852493,147.571012,142.017592,149.324618],"gotip":[141.47677,145.771384,142.722674,156.990122,144.57848,145.370583,143.642677,143.609377,147.896791,144.26238]},"run_times":{"1.17":[6032.746694,5930.445472,5997.952669,5975.4084,6054.537789,6110.662073,6045.434791,5945.537888,5873.857667,5912.011937],"1.18":[5793.530333,5748.110441,5751.577908,5800.225822,5826.783885,5828.928031,5780.243753,5747.370818,5798.028677,5798.931947],"1.19":[7419.902309,7428.099162,7329.610736,7225.4751,7196.305736,7261.081276,7184.550014,7171.368812,7252.759942,7323.788978],"gotip":[8334.606324,8151.970144,8064.26728,7986.034233,8075.980957,7985.249348,8032.288674,8018.725047,8028.186302,8016.803643]}},"Sort_Random":{"name":"Sort_Random","build_times":{"1.17":[149.147942,143.709926,143.523525,143.085824,147.679338,145.930432,143.429825,138.51891,144.827929,145.415831],"1.18":[154.096571,148.296256,148.096757,148.083556,150.798463,149.215259,149.084058,149.223559,148.247757,149.978761],"1.19":[152.605615,158.20343,156.778826,150.215609,169.04246,151.111711,152.711715,152.414514,149.116506,152.978016],"gotip":[157.947535,156.316131,161.252444,161.887046,153.205822,167.134261,157.575534,151.911519,155.560629,165.272755]},"run_times":{"1.17":[6072.127701,6074.375697,6098.137298,6074.355324,6089.823391,6102.432112,6112.254677,6088.117537,6086.859819,6091.84318],"1.18":[5994.438318,5982.006157,5980.511149,5977.095937,5991.427977,5974.634831,5979.388044,5978.243144,5975.584139,5973.810246],"1.19":[5929.248115,5931.568172,5930.572297,5927.682794,5925.486963,5924.671224,5930.235272,5930.666906,5931.627106,5928.129093],"gotip":[5942.908769,5936.575817,5944.817033,5947.599659,5938.3248,5935.196919,5937.711038,5941.044408,5948.711303,5940.644568]}},"Sort_Reversed":{"name":"Sort_Reversed","build_times":{"1.17":[133.229095,132.379392,135.382402,134.446998,135.516902,137.554708,138.731811,133.546596,139.200612,131.41929],"1.18":[146.096645,143.286537,141.17473,144.40034,149.253955,144.235739,140.250628,142.027333,140.810329,142.936836],"1.19":[139.221131,140.093334,140.750736,145.159749,147.428457,139.204731,140.356635,145.079849,141.320038,150.434266],"gotip":[156.319084,148.237559,148.380871,148.336674,146.187267,148.109174,143.834361,145.503665,151.219984,145.133965]},"run_times":{"1.17":[3634.727974,3635.666941,3639.81304,3646.36616,3633.180247,3633.306149,3623.641499,3637.085691,3630.371638,3635.214579],"1.18":[3552.591977,3551.842189,3549.69216,3550.551011,3549.934879,3546.373273,3546.780173,3550.957403,3550.110711,3549.189004],"1.19":[361.60132,362.677324,360.365616,363.410626,361.483119,368.726543,364.410728,362.438823,361.974021,362.398323],"gotip":[388.384243,474.927919,389.175946,475.278821,474.660819,388.938044,403.340991,388.158242,393.240659,389.444146]}},"TimeAfterFunc":{"name":"TimeAfterFunc","build_times":{"1.17":[158.132871,140.744409,143.253219,145.623326,142.766816,144.753524,146.934431,146.50723,142.008114,146.995031],"1.18":[380.450933,151.387631,154.440641,158.658856,153.707739,155.205144,151.22593,149.749224,157.930554,152.626335],"1.19":[557.705088,155.012397,153.852094,152.274288,153.837993,158.92831,155.031697,158.241708,156.0015,152.421589],"gotip":[177.764649,165.722305,155.794269,164.768301,156.191871,154.744965,157.987777,157.087473,151.362053,155.910869]},"run_times":{"1.17":[4919.352548,5129.391594,5057.162656,4988.387158,5769.459838,5222.946633,5366.067094,4222.28977,3727.567563,5496.534596],"1.18":[4202.101826,4274.050866,5047.328771,6113.736873,4811.540042,6671.232623,3934.315142,4896.078846,5013.740034,5014.394596],"1.19":[4731.132,5363.907412,3294.203902,5061.607592,4899.259217,4915.039956,5218.885245,4683.860861,4733.720623,5409.306851],"gotip":[5187.326548,4910.658037,5279.598177,5044.552639,5131.484264,5694.699753,5415.957613,5084.165248,4540.527221,5875.367473]}},"alloc_1.5k":{"name":"alloc_1.5k","build_times":{"1.17":[132.103681,123.830857,123.313655,126.691466,124.268058,121.142949,120.147447,123.085655,120.866448,120.660748],"1.18":[138.534564,127.637528,123.072812,136.354057,128.777832,131.150639,127.164926,126.361324,127.552027,127.971829],"1.19":[153.554209,143.308475,136.016751,147.83899,139.171561,139.25196,143.236671,141.360565,138.195654,142.421469],"gotip":[141.596662,139.306254,137.012246,142.416764,136.195044,139.496455,139.807555,139.323954,136.034943,143.253567]},