{"Fibonacci":{"name":"Fibonacci","build_times":{"1.17":[127.907311,139.948464,136.668922,125.200877,127.76911,124.358367,128.253916,132.222366,124.186765,122.026343],"1.18":[129.699788,130.236734,130.102552,139.733274,127.930024,128.45143,131.476869,129.505332,133.338378,129.927435],"1.19":[142.222244,138.783604,136.250575,141.241733,139.29021,140.206221,143.245556,134.395454,135.749869,135.143962],"gotip":[148.831491,144.909342,144.005829,154.324461,145.804353,141.730601,147.464174,146.202558,147.034568,146.664564]},"run_times":{"1.17":[3899.837553,3901.256471,3901.903952,3900.097681,3900.387472,3899.868152,3901.464327,3900.34056,3901.899113,3901.653999],"1.18":[4010.879574,4010.444513,4011.405343,4009.883331,4014.628265,4011.20777,4012.191587,4012.857139,4010.684227,4011.029911],"1.19":[3901.429601,3902.638181,3901.62802,3900.491182,3900.304046,3901.585327,3902.928514,3906.807977,3901.349329,3903.303783],"gotip":[4011.387872,4010.494542,4012.633909,4013.497353,4011.172366,4011.406061,4011.570884,4011.189122,4011.674019,4011.48423]}},"Garbage_Collection":{"name":"Garbage_Collection","build_times":{"1.17":[135.579828,131.569593,129.992278,144.55371,131.32909,134.393917,133.086406,131.353091,132.892304,133.094106],"1.18":[136.955841,141.477699,134.939916,170.793372,135.341121,134.976317,136.05013,137.172445,136.05473,133.262995],"1.19":[150.290633,142.476332,139.637995,138.464781,149.248319,136.681858,138.064675,145.000965,141.428919,140.311692],"gotip":[142.916166,147.332523,146.920818,142.914366,145.009361,146.405619,143.86049,143.02538,144.010692,142.320273]},"run_times":{"1.17":[5695.874642,5676.584433,5716.23259,5719.304448,5743.007353,5696.136284,5670.291658,5686.488805,5690.74375,5642.84014],"1.18":[5688.834954,5656.887062,5699.663387,5666.489762,5677.804195,5662.415082,5655.073363,5705.88669,5676.738496,5675.172477],"1.19":[5515.879616,5608.125631,5518.415388,5513.644357,5497.286865,5501.000029,5559.504571,5505.522531,5511.235089,5539.793321],"gotip":[6353.534291,6374.191825,6338.065904,6411.135038,6351.218354,6326.361024,6336.356355,6309.861227,6354.612582,6333.086091]}},"Goroutine_Creation":{"name":"Goroutine_Creation","build_times":{"1.17":[134.147914,136.097139,133.928811,132.867498,134.327416,150.648625,139.500382,137.392855,130.109663,132.490592],"1.18":[140.126874,141.41099,138.831758,144.349427,140.200975,140.466879,137.413939,139.610881,142.197115,140.544494],"1.19":[142.031202,140.855687,142.589208,141.024289,140.211678,150.447008,141.875399,140.047877,166.940217,138.916562],"gotip":[149.324003,146.891572,149.690008,141.287101,144.465442,143.408528,145.368654,143.320428,147.083675,143.412529]},"run_times":{"1.17":[8554.506611,8640.289316,8563.601507,8576.894622,8536.980885,8517.660862,8548.50165,8533.398705,8557.261457,8530.157936],"1.18":[4863.045885,4942.423389,4873.5514,4868.013386,4900.422013,4856.908666,4876.063101,4901.466925,4882.865283,4869.610538],"1.19":[8512.264648,8450.682949,8479.660812,8481.717652,8443.277719,8451.032505,8446.527349,8526.133512,8530.874342,8532.933559],"gotip":[5169.211915,5159.361374,5142.914346,5132.310691,5103.41657,5136.984647,5203.53697,5133.569176,5116.866361,5155.210655]}},"MergeSort":{"name":"MergeSort","build_times":{"1.17":[130.181757,131.984381,126.674913,129.020243,143.849232,128.348235,127.007717,129.119645,130.034756,130.835966],"1.18":[134.670916,132.73519,143.61463,132.457687,135.123821,131.549575,132.904993,135.477226,138.356862,132.961393],"1.19":[147.307777,143.773032,141.189199,142.85212,142.77012,144.308838,141.634805,142.03851,141.557404,143.193725],"gotip":[149.110829,145.831586,158.809554,150.521246,149.639135,150.361744,149.884638,148.956326,149.631236,150.196142]},"run_times":{"1.17":[5836.322983,5897.279566,5932.606265,5846.454722,5774.893146,5843.900371,6012.175318,5828.475759,5806.835361,5946.495857],"1.18":[5670.544323,5578.044643,5642.334262,5646.358211,5595.185401,5597.004121,5598.005201,5625.85605,5606.191714,5598.341824],"1.19":[7266.601673,7273.004318,7267.962951,7262.750542,7222.839692,7260.293962,7304.668039,7300.716266,7242.662029,7300.432863],"gotip":[8669.817675,8676.701129,8629.368868,8687.43963,8667.784896,8597.953702,8569.691257,8637.277154,8589.788808,8652.594174]}},"Sort_Random":{"name":"Sort_Random","build_times":{"1.17":[145.562106,143.101772,139.647425,142.95417,144.134787,142.535864,144.268688,147.645335,142.369662,148.614548],"1.18":[158.099212,163.194478,167.144228,150.608718,149.773707,149.358701,145.684655,151.941234,157.605907,148.291188],"1.19":[149.041491,153.057142,160.368834,155.202869,150.788213,150.966215,148.91559,151.39432,150.663412,149.451696],"gotip":[160.472523,154.957353,160.771727,153.630036,154.787852,158.883202,155.551061,157.633787,148.39147,152.929827]},"run_times":{"1.17":[5012.003073,5010.621334,5013.975002,5012.368507,5012.897145,5013.19182,5015.210602,5011.221718,5019.065928,5011.920491],"1.18":[5028.196529,5026.440813,5029.606229,5025.055074,5027.177552,5026.811151,5028.851243,5037.460041,5028.108225,5026.271849],"1.19":[5080.683056,5080.715256,5081.701264,5079.577745,5080.43491,5080.589075,5083.31455,5084.177039,5080.663356,5084.061399],"gotip":[5018.718087,5021.582314,5025.145335,5021.581971,5018.014705,5019.912998,5018.611851,5021.407995,5020.116248,5021.013719]}},"Sort_Reversed":{"name":"Sort_Reversed","build_times":{"1.17":[134.280492,129.182327,130.758348,138.651347,136.829523,134.347093,133.073576,131.985363,134.169091,133.471081],"1.18":[141.976259,138.634515,140.55544,143.056373,138.288311,138.855518,140.750943,140.479528,141.293119,140.777812],"1.19":[146.04578,144.100955,144.710564,140.387408,147.006093,139.617498,142.312833,139.435096,141.547423,141.625723],"gotip":[149.835435,151.908862,150.706146,151.495156,146.561292,149.061024,146.524492,146.100987,152.55857,148.72112]},"run_times":{"1.17":[3729.695387,3709.217077,3713.359097,3716.697583,3713.576441,3711.637304,3710.000336,3710.31604,3715.865705,3715.042539],"1.18":[3573.545903,3575.004022,3573.504989,3574.565133,3574.708793,3574.664173,3573.962049,3575.83446,3576.283687,3575.618447],"1.19":[369.058153,369.138854,369.147754,369.097053,369.483358,369.094853,370.116068,369.244868,369.297969,368.922364],"gotip":[369.634173,370.248981,368.917963,369.060165,369.968578,369.592672,368.839363,370.92819,370.13618,369.38547]}},"TimeAfterFunc":{"name":"TimeAfterFunc","build_times":{"1.17":[164.967811,155.945196,147.298685,184.43976,149.21841,146.07627,145.699764,144.337947,145.902368,144.234346],"1.18":[405.91851,161.252565,156.4107,159.281936,155.469389,162.196074,159.55744,155.664191,157.920919,157.204011],"1.19":[196.667272,158.922798,158.691395,157.119075,161.46493,155.556655,161.307628,160.72992,153.201026,155.439154],"gotip":[164.264102,156.522602,160.062947,159.062535,166.858034,164.88531,160.836057,162.340477,163.938097,160.006346]},"run_times":{"1.17":[5059.693462,5082.918525,4225.409546,5284.146879,5111.808697,6047.994661,5298.741965,5049.881177,5839.99144,5000.781393],"1.18":[5267.787965,4972.839091,4147.627878,3538.582007,3959.829425,4032.579794,3722.236197,4021.972812,4193.166116,4230.394099],"1.19":[5140.047809,4629.356458,5537.112835,5046.151626,5677.117479,5460.167684,4947.091038,4006.123621,4872.395516,4017.896396],"gotip":[5452.078358,5304.469521,5267.639502,5550.280485,5187.583824,5316.709699,5444.336214,4991.006914,5111.728188,5445.684181]}},"alloc_1.5k":{"name":"alloc_1.5k","build_times":{"1.17":[125.111465,134.353281,126.834987,137.50942,123.09694,129.717423,127.258992,127.13809,124.698661,122.684634],"1.18":[128.955545,132.902696,135.679331,132.990296,135.541029,132.752994,130.407864,136.125836,129.167848,127.438826],"1.19":[149.749597,134.667605,141.930298,146.459155,143.611419,139.02076,136.469129,153.397742,141.809696,138.678457],"gotip":[149.918999,142.986011,141.164889,145.144439,143.992124,143.678221,140.244377,143.532918,146.252453,143.140514]},