{"CGO_CALL_C_FUNC":{"name":"CGO_CALL_C_FUNC","build_times":{"1.17":[588.350258,564.639728,569.488116,557.366896,555.029954,569.642719,550.547873,577.177555,580.738019,585.208101],"1.18":[615.438094,577.585606,573.657335,568.836047,559.489877,571.154797,569.78498,586.522284,590.289053,566.750924],"1.19":[675.033183,633.569129,628.885144,634.906153,633.334825,632.148603,635.255074,649.704357,662.32059,651.888797],"gotip":[665.80082,680.697192,646.155563,641.217273,648.298302,639.90705,643.083607,662.98717,637.182,638.942532]},"run_times":{"1.17":[4566.000924,4566.911158,4546.322024,4563.500875,4560.94091,4555.680649,4552.328269,4546.098158,4605.259286,4534.268575],"1.18":[4149.779894,4155.705952,4133.301953,4154.408555,4133.096562,4136.208208,4164.783988,4152.369301,4163.270893,4161.553726],"1.19":[4196.393031,4184.581509,4193.954453,4220.55619,4186.02062,4184.129579,4208.601199,4218.382645,4152.403416,4180.017995],"gotip":[4192.839432,4181.832106,4234.299054,4180.002519,4210.599984,4190.68482,4165.558461,4210.083425,4183.007733,4185.682879]}},"Fibonacci":{"name":"Fibonacci","build_times":{"1.17":[142.090986,148.776908,151.773362,155.598732,158.81069,139.774843,143.883419,148.303399,153.330091,148.161796],"1.18":[154.778717,149.602124,153.947402,154.438512,151.145852,154.428711,153.440093,151.409757,163.110369,157.059159],"1.19":[164.728101,165.336813,175.460197,172.946351,167.566654,174.339176,171.674928,182.461525,166.759138,168.540371],"gotip":[173.286556,162.539847,167.005834,163.869474,173.162253,167.624446,172.709345,172.361538,170.454201,164.356884]},"run_times":{"1.17":[4597.300586,4618.944091,4625.020462,4624.325247,4589.845034,4619.524385,4634.700275,4618.301957,4593.135391,4585.933084],"1.18":[4749.675941,4726.005289,4738.22628,4713.172834,4723.340615,4743.042039,4697.105664,4742.651475,4719.161273,4638.166711],"1.19":[4448.581097,4483.023083,4446.638295,4377.758144,4353.287419,4377.180464,4381.474965,4407.971717,4395.025914,4294.353015],"gotip":[4454.98501,4695.077467,4531.405701,4499.650444,4538.307974,4565.946046,4493.294522,4635.6265,4652.010884,4450.954404]}},"Garbage_Collection":{"name":"Garbage_Collection","build_times":{"1.17":[160.132624,155.953847,159.95222,156.759662,150.287343,149.013321,143.492819,143.892827,148.323708,144.199733],"1.18":[164.056795,171.762435,182.343028,162.18966,162.389864,166.823245,159.000202,153.901509,148.744515,157.626077],"1.19":[183.163847,166.529632,160.729558,165.664022,168.183154,164.201103,166.042627,167.994652,160.971362,163.567795],"gotip":[181.006829,182.797452,175.708961,171.102601,180.656025,184.500574,185.899392,178.351994,172.306917,188.557426]},"run_times":{"1.17":[6429.512677,6417.23656,6538.981919,6630.908931,6548.428506,6671.479969,6393.917481,6535.696741,6402.988715,6401.282649],"1.18":[6524.532333,6595.645477,6655.216075,6660.342127,6750.071662,6788.39136,6701.954328,6577.459992,6560.386653,6597.991029],"1.19":[6520.407605,6572.904394,6473.891118,6637.907509,6564.851538,6463.133684,6354.227485,6438.756392,6481.060801,6507.697199],"gotip":[7626.828235,7602.623591,7569.226707,7576.389753,7612.271597,7573.521207,7543.654464,7560.235129,7512.090807,7618.750144]}},"Goroutine_Creation":{"name":"Goroutine_Creation","build_times":{"1.17":[164.48251,171.641102,168.284359,169.374273,172.081108,188.66022,180.853021,166.863241,157.832125,167.149244],"1.18":[170.407084,176.812401,170.920693,170.053778,170.194881,172.567024,164.034869,173.428639,173.104933,166.096906],"1.19":[172.938119,169.855164,190.933645,194.321705,186.84737,191.586256,180.13805,188.357098,166.549004,165.946093],"gotip":[175.880088,174.516764,178.695339,192.229584,179.053746,183.598628,185.659466,188.901624,187.826606,189.337332]},"run_times":{"1.17":[10659.08417,10632.138172,10593.927962,10774.877886,10566.567504,10527.609669,10416.533623,10447.421163,10547.551738,10623.879081],"1.18":[6164.394258,6270.863459,6243.520897,6032.390869,6029.942517,5970.410456,6207.422564,6215.650764,6269.656186,6208.364677],"1.19":[10604.60788,10460.283246,10411.714401,10447.029882,10425.944565,10445.670741,10370.463507,10374.437328,10421.958698,10288.032094],"gotip":[6684.146518,6233.361285,6282.116623,6313.997318,6190.520631,6281.74516,6287.008836,6298.38777,6219.067893,6262.979714]}},"MergeSort":{"name":"MergeSort","build_times":{"1.17":[157.880267,155.374222,149.20791,154.934914,147.638481,161.85654,152.619272,153.663291,152.974578,149.169509],"1.18":[166.873524,157.641956,165.800103,160.686612,162.662147,157.796859,148.551791,167.471334,157.593755,151.145239],"1.19":[169.591574,167.825942,191.026963,174.786868,173.115237,173.140239,165.955708,164.39848,166.159111,172.412925],"gotip":[168.914459,184.562043,172.221519,174.598262,177.603116,172.044016,174.700064,171.74511,171.296402,163.309658]},"run_times":{"1.17":[7028.640522,6864.385003,7071.052214,7024.133872,7000.852356,7110.63273,7081.974236,7125.239785,7945.301189,6926.429028],"1.18":[6825.77495,6748.242928,6687.75965,6769.079451,6737.59262,6693.266075,6646.153265,6589.309638,6557.150376,6575.923021],"1.19":[8268.151304,8262.984189,8356.102128,8417.573292,8540.048799,8425.882369,8665.621862,8416.779153,8376.194999,8411.920959],"gotip":[10401.498865,10387.087414,10344.405381,10316.917133,10049.570081,10077.028726,10169.08636,10165.994789,10239.045001,10101.096953]}},"Sort_Random":{"name":"Sort_Random","build_times":{"1.17":[164.285592,166.165226,169.002676,171.463019,169.81249,170.461201,173.837261,175.173285,171.772224,169.366182],"1.18":[183.772242,181.495266,178.84769,170.606062,166.294094,173.718411,165.308979,185.482794,172.223287,166.908604],"1.19":[184.075719,173.220799,182.322784,175.222039,180.528946,177.24138,181.864174,174.940734,176.099258,181.607768],"gotip":[178.078085,192.843365,188.414182,175.846642,179.718416,173.051789,170.156834,178.647796,163.956516,181.648153]},"run_times":{"1.17":[5609.242012,5576.590734,5591.333015,5609.144181,5650.224156,5762.380329,5549.32936,5644.409074,5724.075385,5601.606933],"1.18":[5588.72966,5610.291435,5641.824617,5726.797405,5607.595338,5716.046101,5747.227115,5682.880218,5656.190981,5701.805496],"1.19":[5729.769583,5692.11077,5640.827314,5645.939561,5611.047815,5667.514215,5800.984092,5754.531979,5793.066087,5694.436874],"gotip":[5665.650887,5620.814412,5626.068436,5637.411118,5663.538943,5614.48926,5793.812959,5431.304973,5600.101805,5685.391449]}},"Sort_Reversed":{"name":"Sort_Reversed","build_times":{"1.17":[149.281566,146.78212,149.379568,158.193131,153.679947,159.19165,169.957649,155.14284,151.485248,159.874601],"1.18":[175.496386,163.345958,171.852317,169.259168,164.395078,166.297014,168.126048,168.184248,169.217869,163.877668],"1.19":[165.862606,163.883469,162.724647,167.644439,162.273338,171.710915,156.880438,167.247131,164.621183,161.491424],"gotip":[173.717647,172.639127,175.506881,182.597213,167.958539,167.371229,166.588714,172.26172,170.973695,161.406717]},"run_times":{"1.17":[3998.756641,4065.277722,4263.538078,4267.72268,4280.53014,4276.52216,4387.748314,4333.175992,4261.706145,4360.867101],"1.18":[4061.72017,3969.767013,4009.827674,4028.1001,3911.654553,3918.504827,3802.837516,3918.946703,4024.012371,4010.771598],"1.19":[418.507236,426.571087,418.979945,399.979789,409.354465,408.087733,430.087739,413.910037,405.191773,424.883642],"gotip":[416.382682,414.455847,443.756895,433.692307,405.089072,416.094978,397.892937,399.10166,395.618695,402.241719]}},"TimeAfterFunc":{"name":"TimeAfterFunc","build_times":{"1.17":[236.721438,186.110688,183.360552,173.211813,175.451639,176.397051,177.735868,181.068211,176.916257,178.357476],"1.18":[522.506995,186.704792,186.549691,194.102687,195.097,184.314862,183.030645,181.687128,179.349098,179.370599],"1.19":[659.393874,203.893421,187.729012,201.905295,186.238893,187.208006,187.49571,195.573713,178.632496,188.915828],"gotip":[199.818574,206.006988,190.89021,185.671114,191.932929,191.906329,206.229592,192.920947,201.311802,202.821329]},