{"Fibonacci":{"name":"Fibonacci","build_times":{"1.17":[147.517775,147.10627,153.439755,150.592317,159.085431,162.618877,156.421995,161.475663,148.421987,153.202052],"1.18":[152.857558,161.042157,164.514299,145.924973,156.031296,147.174488,149.357615,146.52898,154.815735,144.178128],"1.19beta1":[329.168123,326.676992,327.074496,337.648835,334.033588,340.115968,346.656953,347.693567,359.29832,335.201503],"1.19rc1":[253.640013,191.719077,194.145806,183.994886,190.742065,193.260196,183.781483,195.120418,193.059293,181.994962],"1.19rc2":[168.969362,173.384116,184.261148,188.188097,184.830556,198.32442,179.222887,176.349652,176.659856,175.163437],"gotip":[167.496481,169.77291,168.772796,174.101664,167.878685,169.756509,174.318466,170.118814,169.694908,180.429142]},"run_times":{"1.17":[3920.576933,3906.746784,3908.4871,3915.54557,3917.215638,3915.416683,3910.949206,3915.033328,3911.587561,3907.788283],"1.18":[4016.426326,4024.414925,4017.026446,4018.243635,4030.786658,4015.336479,4017.478979,4033.027086,4018.665341,4017.455447],"1.19beta1":[4019.921404,4016.349977,4013.813068,4013.638554,4013.565549,4014.447859,4013.398006,4022.405725,4026.191338,4029.563227],"1.19rc1":[3909.916396,3941.231708,3908.755708,3910.54139,3908.925834,3909.638601,3904.374404,3905.185559,3904.138646,3907.368586],"1.19rc2":[3912.034409,3905.658167,3914.962104,3918.010498,3910.50808,3912.061403,3908.547504,3907.376643,3912.209633,3907.905553],"gotip":[3904.744507,3902.792946,3907.291855,3925.795608,3912.72712,3907.89939,3908.924647,3912.958015,3923.123062,3906.836283]}},"MergeSort":{"name":"MergeSort","build_times":{"1.17":[150.509516,166.426107,156.887693,151.895332,147.631281,155.370574,153.599252,150.81612,147.048373,151.881025],"1.18":[159.728126,178.434551,157.321997,175.513916,155.014969,152.662641,158.696313,151.557128,153.142746,146.434766],"1.19beta1":[390.649122,351.316457,351.736762,347.728114,348.628723,334.673055,349.833334,357.851129,349.866535,358.737439],"1.19rc1":[206.181306,193.492658,178.817587,177.317469,173.411724,183.761145,194.845873,188.896005,177.205168,184.324051],"1.19rc2":[171.932709,170.336591,175.842456,171.627907,176.185261,170.298191,169.991688,175.741456,163.523912,171.768009],"gotip":[180.389587,184.020532,202.460455,198.144703,183.748228,180.444988,180.609091,185.325747,178.710565,193.747148]},"run_times":{"1.17":[7908.105692,7687.661426,7279.711661,7284.554545,7259.869864,7351.81017,7631.254601,7460.251171,7225.461416,7803.577609],"1.18":[7101.830335,7116.277106,7095.443455,7165.649391,7825.885555,7793.569679,7632.803452,7454.091612,7273.588976,7477.878178],"1.19beta1":[9400.625106,9039.931178,9248.39284,9570.154723,9473.316554,9125.559565,8882.246061,8605.289869,8757.205997,8598.697767],"1.19rc1":[8685.139964,8698.354204,8845.439064,8949.27565,8802.516964,9106.587534,8912.968831,9040.441144,9519.267582,8698.266259],"1.19rc2":[9083.087866,9156.869937,9245.956361,9354.924448,9138.626874,9316.896819,9631.124588,9702.585723,9545.87117,9215.459418],"gotip":[9272.555083,9060.891575,9451.208547,9571.988802,9148.436627,9385.1004,9448.160962,9340.528331,9512.881259,8919.637376]}},"Sort_Random":{"name":"Sort_Random","build_times":{"1.17":[185.322657,182.730924,188.327996,175.611734,179.463282,182.707124,184.329345,173.365005,182.501222,187.730289],"1.18":[175.113767,180.929835,172.675238,183.221363,167.080872,174.665162,182.013248,168.940394,172.776739,186.655303],"1.19beta1":[375.206843,370.913279,386.632011,375.62553,359.64968,363.514916,367.896459,357.63686,379.285269,383.615811],"1.19rc1":[204.291129,213.088143,220.038731,210.941615,199.982174,200.788684,216.148481,205.765448,214.47606,205.779548],"1.19rc2":[200.741104,196.849658,197.539166,194.820334,196.771257,185.808726,194.754833,192.627007,187.255043,185.472322],"gotip":[203.349373,210.413247,189.701327,196.400398,195.815892,206.069701,189.03512,192.618131,212.795328,191.734279]},"run_times":{"1.17":[5059.228169,5042.568802,5048.56168,5019.074573,5015.357624,5023.266613,5027.644015,5024.008138,5012.847088,5012.639874],"1.18":[5035.695124,5052.12364,5033.776908,5036.988301,5036.306903,5031.265072,5039.956099,5040.746073,5042.061576,5043.980608],"1.19beta1":[5043.052386,5033.842861,5039.047692,5029.697877,5027.062365,5029.910132,5034.20702,5025.002989,5033.356555,5038.491847],"1.19rc1":[5113.598725,5109.763439,5109.633715,5104.16646,5117.729733,5104.634903,5105.606805,5111.834097,5114.216609,5106.786641],"1.19rc2":[5088.48967,5079.969774,5079.647676,5082.578569,5099.149376,5089.376781,5081.851608,5091.027361,5079.836913,5088.089755],"gotip":[5095.973252,5103.709144,5094.300939,5088.545264,5088.559969,5090.700258,5098.753989,5108.281796,5092.214624,5105.309063]}},"Sort_Reversed":{"name":"Sort_Reversed","build_times":{"1.17":[169.965017,180.623343,170.517923,170.498122,171.447534,164.478552,172.106241,163.686542,175.408581,161.309914],"1.18":[168.803734,167.233515,168.005025,164.596583,175.404914,183.218007,166.190302,168.937136,174.853207,176.250823],"1.19beta1":[341.023521,341.546211,337.845366,336.336749,348.917799,345.021753,340.345696,326.583531,354.79687,351.345229],"1.19rc1":[188.733272,182.063091,178.995055,191.298502,186.828449,184.295216,179.611953,182.555789,195.28434,194.530031],"1.19rc2":[195.102639,187.294245,183.958605,178.925745,192.974913,191.164592,184.550812,183.445699,170.742947,171.336154],"gotip":[170.481443,175.3436,176.658416,173.665881,170.772246,175.014996,175.208399,170.231939,165.819587,191.481994]},"run_times":{"1.17":[3718.788022,3715.7312,3718.649967,3721.992472,3717.554219,3726.052096,3717.887535,3712.210021,3722.21755,3714.872328],"1.18":[3581.487356,3587.816468,3591.799547,3577.853648,3585.119482,3584.228992,3582.487563,3580.67888,3579.384269,3585.285741],"1.19beta1":[370.768562,369.623448,370.194256,372.250781,372.534784,375.727622,371.199968,369.936953,373.867299,372.497483],"1.19rc1":[372.367764,370.313739,369.897435,374.122984,370.951946,369.792833,370.142837,369.930335,369.864534,373.582678],"1.19rc2":[371.946458,369.985436,371.804457,371.173149,370.866544,372.222459,369.684728,374.567887,370.250835,369.83283],"gotip":[370.312437,370.069733,370.013132,369.765629,370.091834,370.022232,370.70524,369.872931,370.748942,371.48945]}},"TimeAfterFunc":{"name":"TimeAfterFunc","build_times":{"1.17":[235.962559,194.22847,190.774631,186.098375,184.446457,188.952609,191.64093,193.328019,193.295218,184.597618],"1.18":[526.212905,199.346813,188.035387,207.604216,213.460985,204.244877,186.955076,193.700355,192.659142,196.015182],"1.19beta1":[1519.594162,355.177513,347.587025,355.325615,368.414167,369.364579,350.608561,368.955173,353.015389,351.235768],"1.19rc1":[581.866158,222.919889,201.226938,206.811102,209.567634,211.859661,205.424685,205.484487,205.227384,209.050828],"1.19rc2":[593.419246,206.385533,198.870638,194.131351,192.34833,205.102284,192.664033,203.126061,200.962134,193.363742],"gotip":[590.14759,206.323148,198.702328,205.483735,195.159372,193.709649,196.086687,200.772761,210.246109,204.183415]},"run_times":{"1.17":[8485.675385,5203.840441,4935.745919,5180.11097,5220.362122,5605.814403,4993.021479,5022.841686,5024.494399,5005.579975],"1.18":[7338.332774,5100.331751,4956.261727,5069.98675,6314.214722,4483.852437,5037.33664,5054.020224,4543.746818,5168.352975],"1.19beta1":[4790.098783,5099.589405,4742.693082,4514.807965,4967.869642,4932.993542,4986.069043,4263.275346,4737.189362,4935.655041],"1.19rc1":[5132.283227,4827.661003,4821.959806,5335.209974,4839.314881,4600.328231,5045.110723,4681.044721,5186.225386,5009.700567],"1.19rc2":[5320.790443,4945.619087,18016.590471,5489.122286,5082.711789,5150.217297,4842.15646,4690.629026,4645.866854,5162.53518],"gotip":[5224.237802,4766.494703,5082.405593,5052.133805,4269.414463,5157.538146,4953.999919,5410.291263,5190.085368,5745.410809]}},"alloc_1.5k":{"name":"alloc_1.5k","build_times":{"1.17":[426.892378,144.966296,144.042683,151.113481,143.191972,146.946323,153.881219,139.194916,141.773452,142.200658],