{"CGO_CALL_C_FUNC":{"name":"CGO_CALL_C_FUNC","build_times":{"1.18":[545.793183,566.815777,527.893109,523.987661,531.799056,515.846355,509.660621,536.619436,510.81866,553.25146],"1.19":[593.589681,572.108371,573.525325,594.814327,586.139,609.597885,587.929168,605.211519,552.656937,640.345543],"1.20":[449.11503,456.842316,495.264783,490.372512,518.153921,436.676467,458.279526,454.791751,449.863232,508.991612],"gotip":[499.933727,543.648771,505.873639,557.394542,524.807911,488.441056,497.493874,541.865215,532.978292,535.339573]},"run_times":{"1.18":[3851.066401,3775.651954,3804.306531,3824.367991,3840.608412,3779.080975,3865.880388,3964.251511,3885.184505,3886.575156],"1.19":[4017.40357,4029.659324,4163.539768,4144.621695,4211.245887,4099.833906,3970.839048,3780.238104,3776.145557,3816.659269],"1.20":[4095.353616,3980.800071,3950.596787,3908.215572,3962.004483,3887.747947,3858.159182,3794.0522,3912.131144,3824.920997],"gotip":[4101.581755,4220.631729,4213.709546,4119.358228,4185.653259,4073.102959,3869.929886,3863.21585,3948.734604,3892.885936]}},"Fibonacci":{"name":"Fibonacci","build_times":{"1.18":[159.104194,132.044475,137.611584,128.568543,125.766538,121.744986,134.940584,137.25267,126.33776,141.273232],"1.19":[143.229594,142.090951,146.702925,139.841667,127.691109,131.230643,134.802577,154.853532,141.641035,137.871092],"1.20":[120.992161,134.783583,142.102156,139.863653,127.919571,138.746164,140.094274,146.546907,128.289519,131.801361],"gotip":[144.401608,130.531219,131.080005,130.490521,124.713494,136.423599,139.719941,126.190634,145.503764,125.370212]},"run_times":{"1.18":[4347.103647,4411.724573,4343.670479,4487.405321,4410.108232,4331.646284,4563.150235,4599.213914,4513.282018,4814.92803],"1.19":[4695.429732,4842.831219,4652.129382,4517.654766,4811.439039,4714.253565,4459.450601,4342.812717,4391.67624,4357.05905],"1.20":[4825.605894,4794.989774,4633.393657,4831.88988,4780.420556,4521.457543,4904.118248,4765.894888,4805.480352,4544.052959],"gotip":[4463.751725,4438.082817,4467.584059,4482.207344,4420.771405,4774.475407,4509.051651,4494.898537,4425.573334,4502.131512]}},"Garbage_Collection":{"name":"Garbage_Collection","build_times":{"1.18":[197.192659,143.427326,145.117089,141.348647,154.89876,148.55842,155.9786,141.588456,144.045749,142.054374],"1.19":[123.616402,120.101718,121.177259,118.523559,132.727593,124.310476,143.463497,120.356428,130.2485,132.101569],"1.20":[122.459911,128.243932,127.009391,137.201789,140.676816,128.345444,133.544546,148.387912,137.956791,121.457853],"gotip":[127.603605,142.609868,144.719941,143.276387,141.409871,131.686217,139.281023,129.326396,132.759688,139.474228]},"run_times":{"1.18":[6492.589906,6529.781604,6379.802119,6365.914669,6457.709058,6325.028534,6470.548437,6428.058753,6445.917488,6400.415666],"1.19":[6453.276205,6278.80602,6378.180774,6286.53462,6287.546165,6364.880477,6288.036839,6338.11293,6492.149287,6366.717301],"1.20":[7361.063419,7415.623732,7873.945117,7744.599375,7743.137054,7693.246432,7274.784663,7054.200992,7119.821586,7243.679668],"gotip":[7357.124668,7381.783564,7477.881237,7423.764408,7377.897711,7467.94503,7919.771405,7747.532141,7817.065585,7823.46625]}},"Goroutine_Creation":{"name":"Goroutine_Creation","build_times":{"1.18":[154.187992,157.191005,163.385795,160.00841,146.415274,152.648721,151.521076,158.039433,172.991123,153.887469],"1.19":[132.552768,141.3876,134.347435,137.742963,128.166604,130.029274,132.701474,142.973659,140.34476,126.558044],"1.20":[143.918913,157.132808,148.052068,127.816914,168.407173,151.892841,139.834573,124.139579,136.403242,172.27281],"gotip":[134.510978,159.293112,134.65129,134.942682,142.073752,146.983444,142.59303,132.732196,131.68276,125.252401]},"run_times":{"1.18":[6214.778548,6208.688417,6185.555075,6178.692539,6263.303387,6140.673113,6164.755153,6162.862585,6142.810588,6180.137656],"1.19":[6325.598539,6245.991325,6367.61594,6308.048607,6313.444809,5996.984859,6333.593067,6302.851951,6290.382838,6202.468581],"1.20":[6309.551204,6362.415375,6436.137876,6300.935374,6298.99868,6409.215026,6295.794961,6521.366802,6269.283746,5934.173457],"gotip":[6263.926131,6411.186209,6425.58395,6417.083547,6245.110149,5919.769935,5674.315049,5739.64985,5740.732784,5813.43906]}},"MergeSort":{"name":"MergeSort","build_times":{"1.18":[153.944503,151.186199,136.707853,134.51157,139.618663,145.768095,138.22041,137.312175,133.616634,147.222047],"1.19":[142.039756,124.517995,139.771271,124.044277,127.454606,130.330914,121.550384,137.143071,126.918285,140.258188],"1.20":[151.285011,134.743383,137.527789,147.691975,142.435673,148.044085,142.517669,143.209054,148.946885,137.170069],"gotip":[131.597166,120.111179,149.818345,131.476693,136.332243,135.631644,156.90385,138.003731,141.241251,137.89865]},"run_times":{"1.18":[6572.931747,6664.603143,6835.189863,6713.585068,6553.01722,6709.443584,6671.192457,6753.725937,6811.360724,6710.352808],"1.19":[8928.420479,8531.942906,8395.903692,8454.38573,8669.241772,8534.303285,8693.440356,8847.80203,8612.075659,9123.41083],"1.20":[10172.552765,10184.809841,10134.574041,10397.584495,9633.254847,9606.947161,9548.938889,9868.734976,10137.915296,9976.197295],"gotip":[10829.429995,10681.873477,10703.06385,9965.478274,10191.609382,10138.36576,9560.221512,9767.228803,9718.829552,9730.255059]}},"Sort_Random":{"name":"Sort_Random","build_times":{"1.18":[201.306096,147.443063,153.426889,158.365176,204.585821,189.459149,180.584932,163.043979,168.418279,161.216911],"1.19":[141.847759,131.051652,144.197048,131.709976,132.629711,132.306399,126.758589,139.090656,132.339401,137.877111],"1.20":[145.647702,155.7559,147.50157,151.147513,162.919255,148.559598,142.050565,150.419881,158.455386,156.69482],"gotip":[152.958462,145.111434,158.801188,146.891127,143.171117,174.590889,151.623025,151.43321,152.616454,166.851689]},"run_times":{"1.18":[5595.100602,5814.181835,6076.167153,5696.825531,5890.299158,5838.80137,5709.800346,5515.796053,5544.93524,5595.868603],"1.19":[5447.616502,5529.254768,5498.337197,5456.219537,5455.586647,5571.797128,5749.09446,5753.443826,6095.041281,5798.645249],"1.20":[5563.973476,5612.749932,5536.977426,5503.79652,5576.232152,5538.119421,5832.973972,5925.559671,5658.83867,5805.653284],"gotip":[6073.965751,6231.373345,6348.903959,6105.467594,6151.033533,6254.622757,6241.009414,6115.398629,6047.145768,6081.903465]}},"Sort_Reversed":{"name":"Sort_Reversed","build_times":{"1.18":[182.177276,155.168756,145.983509,165.980565,164.442307,155.844182,148.431702,158.809094,167.086406,152.88667],"1.19":[138.503526,128.291441,146.769339,136.140137,128.28334,143.837628,140.958219,134.401771,137.037671,134.179363],"1.20":[142.8427,148.091265,137.145971,150.336068,135.344002,139.928277,129.704994,139.203055,155.819516,141.539466],"gotip":[134.434835,139.14635,138.916761,132.383012,135.778137,147.339063,132.905427,161.583403,155.736978,137.302588]},"run_times":{"1.18":[4400.76744,4396.203011,4473.420017,4417.74327,4394.464995,4413.740127,4360.641786,4409.401475,4493.472598,4473.967553],"1.19":[437.4574,439.428464,464.683116,449.771053,438.381424,432.929619,447.986886,441.053425,449.756553,441.490941],"1.20":[399.383179,414.553578,401.343776,408.857462,415.484814,412.341994,401.751591,400.035125,397.925945,405.886148],"gotip":[385.800879,382.322447,399.521698,397.364617,401.105958,393.507571,390.04184,412.170176,414.518361,401.861382]}},"TimeAfterFunc":{"name":"TimeAfterFunc","build_times":{"1.18":[166.51035,171.987154,177.021344,176.750934,169.321755,173.145998,150.954967,194.690809,166.789862,164.025658],"1.19":[150.206915,139.884229,137.995358,150.533227,144.352697,150.733535,137.903055,146.185765,142.448825,164.131935],"1.20":[150.177213,160.918137,149.325004,151.631669,149.368006,168.169906,149.300399,149.179997,152.026908,155.880949],"gotip":[152.219303,151.657568,154.574593,139.847942,161.525453,163.775173,158.715871,165.962548,161.510107,160.290622]},