{"CGO_CALL_C_FUNC":{"name":"CGO_CALL_C_FUNC","build_times":{"1.17":[651.451389,596.857812,551.749739,596.019503,628.674364,582.811205,568.779821,553.381152,587.874505,548.314129],"1.18":[634.858252,533.9264,577.839196,590.123952,601.932105,546.386755,575.243885,577.555196,537.191514,539.442924],"1.19":[683.489459,620.802526,638.666198,665.881409,630.287564,614.373199,601.334346,600.504243,641.285609,606.997769],"gotip":[4883.367082,5092.87559,5027.091635,4861.140653,5008.852853,4937.365135,4734.656798,4847.714235,4759.849233,4974.730087]},"run_times":{"1.17":[4193.279142,4505.046229,4617.292107,4756.532906,4665.274694,4616.822202,4251.224914,4325.05346,4518.112167,4277.920103],"1.18":[3950.801263,4148.888189,4070.259103,4090.239973,3839.297335,4155.624059,4150.682885,4103.812916,4286.992365,4232.229741],"1.19":[3903.328666,3846.660004,4094.547663,3996.404801,4144.674349,3978.430948,3924.735871,3927.505907,4207.954225,4194.126267],"gotip":[3996.378956,4477.422245,4409.827776,4242.995848,4309.939397,4024.858843,4237.86318,4200.179758,3998.140653,4014.588703]}},"Fibonacci":{"name":"Fibonacci","build_times":{"1.17":[177.083027,166.714635,159.961172,181.83723,175.263324,170.825581,178.181809,161.036641,172.121486,153.636212],"1.18":[195.165202,151.878435,152.063736,205.247864,165.060716,151.687234,188.68886,167.188815,167.881017,148.309833],"1.19":[182.439767,192.431277,194.411678,180.423665,182.610068,184.023269,182.484667,208.205291,197.625626,199.395274],"gotip":[3879.925094,4039.834991,3844.748761,3836.001786,3905.364227,3943.393499,3916.164621,3693.07657,3664.189376,3746.194882]},"run_times":{"1.17":[4230.610947,4699.188538,4551.942647,4556.569122,4339.432122,4465.073114,4343.211332,4486.105203,4438.708267,4297.226756],"1.18":[4401.491499,4343.236128,4417.95696,4374.708199,4483.365295,4354.92349,4497.825813,4721.033505,4788.623148,4434.630869],"1.19":[4469.050674,4509.261236,4636.100306,4616.83848,4422.753881,4471.224815,4356.213815,4400.784838,4479.969378,4625.282464],"gotip":[4592.04084,4707.313967,4765.014671,4735.094143,4645.46536,4674.385031,4827.259634,4722.493138,4699.537503,4615.122617]}},"Garbage_Collection":{"name":"Garbage_Collection","build_times":{"1.17":[225.013963,174.658169,168.197745,172.039459,161.277318,162.673224,182.529499,165.380734,166.377238,168.746346],"1.18":[193.288275,190.661664,197.814996,203.10332,183.190529,186.475445,178.057906,189.80376,172.511381,173.951688],"1.19":[177.644857,200.62732,209.263381,193.405568,173.955931,183.221297,180.93008,196.932794,185.698014,188.368033],"gotip":[4019.436528,3821.861898,3769.581052,3817.889695,3849.589386,3608.766284,3725.163427,3652.815496,3754.638963,3467.937063]},"run_times":{"1.17":[7181.88385,7156.926869,7151.472109,7236.34204,7123.179279,7209.406786,7329.123143,7169.908261,7241.886936,7275.246113],"1.18":[6977.971346,7183.364551,7226.40335,7421.63052,7203.186846,7193.867725,7122.897468,7288.287466,7413.054268,7041.709786],"1.19":[7050.389094,7188.543842,7143.266849,7151.283329,7112.557003,7088.427445,7173.517396,7171.369529,7341.40485,7055.922788],"gotip":[7720.132396,7757.605292,7765.994623,7842.486975,7989.521307,7909.102108,7564.790482,7357.313764,7329.658587,7574.036869]}},"Goroutine_Creation":{"name":"Goroutine_Creation","build_times":{"1.17":[195.860522,185.090761,170.208675,192.344503,173.251193,177.967219,178.617124,177.426717,167.078657,173.482694],"1.18":[183.970761,181.809831,184.324147,184.69785,185.467954,196.507623,208.120695,191.845294,198.936638,215.710842],"1.19":[193.823175,192.284667,192.597068,189.13715,186.453334,180.129699,222.382434,201.413317,193.143372,195.768586],"gotip":[3879.752933,3610.517616,3655.122739,3727.144161,3734.44433,3740.923845,3746.062013,3735.131731,3667.079503,3601.220491]},"run_times":{"1.17":[6264.432808,6238.002516,6101.330604,5932.185604,5860.343997,6075.609615,6100.68678,6456.15512,6185.35481,6256.903983],"1.18":[6716.376555,6396.579533,5998.924401,5675.589429,5812.495596,5896.611841,6020.773239,5793.425669,5956.253653,5877.722601],"1.19":[6299.182559,6177.844577,5972.042292,6081.65816,5964.470188,5815.694165,5963.711591,6144.018717,5825.277063,6459.748143],"gotip":[5972.213916,6405.496614,6124.375875,6451.452188,6224.762991,5931.349619,6107.513069,6189.509348,6007.958017,5819.120822]}},"MergeSort":{"name":"MergeSort","build_times":{"1.17":[151.507298,159.211134,174.711206,160.270738,157.087924,168.177276,148.836586,146.414375,164.317907,155.403584],"1.18":[199.094322,185.224157,177.760323,173.533603,175.326912,178.388126,162.06345,199.199422,180.541036,187.745069],"1.19":[184.777914,176.684092,191.311632,169.454172,172.428679,187.551822,156.577736,181.694505,179.122899,161.547149],"gotip":[3479.266615,3659.315289,3888.103289,3729.115446,3687.013448,3516.275561,3519.10667,3620.200678,3550.553595,3562.136041]},"run_times":{"1.17":[7592.12609,7707.155032,8191.086046,8004.732006,7585.304736,7657.173349,7616.993765,7529.007883,7608.783506,7748.29066],"1.18":[7332.184383,7369.56699,7180.666678,7371.918539,7198.378703,7263.828889,7096.295352,7450.08734,7442.897735,7529.837144],"1.19":[9529.98809,9304.336092,9795.646199,9568.397666,9929.489044,9489.99393,9431.035526,9485.066228,9499.549524,9254.940499],"gotip":[10530.293482,10461.814117,10824.680679,11018.402871,10814.695574,10553.23569,11191.063784,10920.093217,11418.669257,11132.726467]}},"Sort_Random":{"name":"Sort_Random","build_times":{"1.17":[201.251269,209.643161,201.31116,191.329303,169.263776,179.141532,185.61567,223.143686,191.047802,178.203527],"1.18":[199.734628,202.645539,204.153645,212.258074,198.646025,205.88285,194.68571,211.750689,205.761829,210.033853],"1.19":[209.881898,197.850724,198.89733,190.685479,187.56736,181.961225,177.663899,182.261327,184.557641,220.646465],"gotip":[4379.713188,4408.442638,4195.313234,4196.174166,4607.442549,4292.968005,4351.409177,4499.738495,4328.92478,4174.184156]},"run_times":{"1.17":[5909.889167,5971.542544,5985.036451,5725.513999,5834.135706,5968.23522,6004.009432,5876.162859,6135.189978,6116.607776],"1.18":[5999.215597,5799.642163,5766.521034,5583.172705,5423.814058,5495.723538,5602.005704,5562.551486,5840.483223,5976.722522],"1.19":[5699.200343,5798.112071,5799.569332,5646.160213,5654.512036,5582.046608,5442.758888,5624.785264,5874.015738,6151.538911],"gotip":[5679.908193,5581.64494,6095.420921,6100.175776,5907.781327,5676.875599,5719.291987,5679.991628,5689.518044,5765.735832]}},"Sort_Reversed":{"name":"Sort_Reversed","build_times":{"1.17":[176.702545,186.647198,186.893799,176.327043,165.876487,173.95353,170.827514,198.21396,180.047863,179.010557],"1.18":[211.466601,210.29795,199.548556,194.263927,192.96082,193.359923,214.571634,202.759172,178.778345,191.969016],"1.19":[171.452392,160.378041,185.413956,176.209814,168.177177,168.583279,162.640751,167.623674,191.872386,164.078158],"gotip":[3930.391161,3806.86007,3828.805263,3861.736602,3907.486356,3973.550512,3995.549789,4038.171951,3986.463751,4269.567776]},"run_times":{"1.17":[4614.747277,4584.648598,4480.813669,4687.935069,4545.831833,4679.555634,4430.871128,4392.838113,4556.867377,4518.018296],"1.18":[4597.773611,4537.052488,4168.637199,3993.631776,4337.691576,4454.542396,4707.680875,4391.963983,4305.353712,4148.18816],"1.19":[405.909574,432.698398,428.097878,424.773063,404.865571,400.869052,466.669557,425.481666,416.815626,423.059555],"gotip":[430.857972,448.401884,417.857987,436.459508,413.254158,393.627931,405.437407,399.115967,420.548605,431.077973]}},"TimeAfterFunc":{"name":"TimeAfterFunc","build_times":{"1.17":[636.754535,208.124301,185.799782,178.453045,197.127109,186.094824,210.625686,187.00743,186.600328,199.038809],"1.18":[592.898625,206.791939,199.733589,177.503835,196.220465,205.201228,189.929422,213.174283,205.019926,232.75422],"1.19":[471.148308,216.15778,215.904679,216.993285,195.72665,200.881083,199.090771,192.66603,196.710756,182.744667],