{"CGO_CALL_C_FUNC":{"name":"CGO_CALL_C_FUNC","build_times":{"1.17":[615.235597,472.304937,482.484655,473.833125,482.140858,483.16505,474.081122,475.766909,471.89954,472.881112],"1.18":[501.69546,482.530118,474.300486,473.467393,490.207554,473.81919,476.009372,472.7031,478.205554,479.274845],"1.19":[570.794212,531.282233,526.857858,537.951296,528.932946,527.397454,529.300644,535.733441,538.676208,534.436443],"gotip":[4001.551921,3930.945965,3949.829301,3839.798757,3931.077328,4112.345416,3933.125462,3985.242738,3937.786151,3958.427993]},"run_times":{"1.17":[4020.674223,4020.791011,4022.57807,4020.459689,4020.211332,4023.301118,4018.0375,4025.325331,4049.219178,4017.488632],"1.18":[3619.168535,3627.042974,3616.248262,3622.226706,3623.300499,3618.242093,3620.47542,3617.57844,3623.438006,3621.916821],"1.19":[3611.688636,3623.257908,3615.775519,3612.680509,3618.766352,3613.556009,3612.872014,3625.979395,3616.231474,3633.262769],"gotip":[3636.235511,3633.744953,3635.725233,3634.433737,3639.395624,3637.530434,3636.886549,3637.401745,3635.132648,3632.522365]}},"Fibonacci":{"name":"Fibonacci","build_times":{"1.17":[133.082666,133.503962,142.057696,124.494732,132.52157,127.480309,128.7278,126.533616,127.200711,134.832252],"1.18":[140.529804,168.948687,154.588798,136.709738,135.915143,132.48937,133.015666,129.420294,132.068174,132.828767],"1.19":[144.794736,149.903399,139.086678,142.757951,142.96545,145.405831,150.727593,144.954835,142.768851,145.68893],"gotip":[2828.845496,2800.422838,2794.078142,2799.747499,2794.71987,2865.580189,2816.773295,2771.532052,2770.276751,2804.57669]},"run_times":{"1.17":[4801.88367,4796.893206,4795.772711,4795.055852,4794.515375,4794.482936,4818.481717,4795.628354,4794.269614,4797.496871],"1.18":[4805.15015,4800.716363,4801.733413,4800.09463,4799.480955,4798.728963,4819.136789,4800.376905,4800.2409,4799.940164],"1.19":[4802.480214,4797.731261,4793.780245,4794.021334,4793.458273,4796.14842,4795.176973,4794.607576,4802.724141,4797.086917],"gotip":[4795.775287,4801.511634,4796.39591,4795.038421,4795.774684,4793.446057,4793.909171,4794.180623,4794.53104,4801.076102]}},"Garbage_Collection":{"name":"Garbage_Collection","build_times":{"1.17":[141.735352,139.921065,140.855859,137.292885,139.26397,144.640131,138.357477,137.753581,135.607497,134.223808],"1.18":[145.580303,144.477812,141.546434,139.496549,140.847539,140.878239,138.307759,150.700864,138.377758,144.034715],"1.19":[142.818608,151.71024,144.822692,142.654109,141.915415,142.619209,144.485795,140.228628,144.182997,143.113806],"gotip":[2778.470746,2839.28018,2850.29664,2815.179016,2853.007489,2796.125746,2789.070331,2788.747535,2806.021288,2808.553931]},"run_times":{"1.17":[5246.103179,5320.48503,5119.191284,5125.093541,5204.600989,5223.478339,5274.458074,5200.988894,5112.087244,5253.299719],"1.18":[5936.578806,5168.694297,5181.86466,5158.988844,5166.065083,5183.250322,5180.119537,5186.60568,5177.449815,5157.251243],"1.19":[5250.5743,5222.777616,5174.499361,5181.534413,5200.350837,5183.204023,5174.524824,5231.220854,5188.376545,5235.952385],"gotip":[6140.659625,6144.652217,6096.091032,6122.937362,6092.592692,6126.436469,6077.334113,6114.949466,6129.620782,6054.29734]}},"Goroutine_Creation":{"name":"Goroutine_Creation","build_times":{"1.17":[144.625077,146.26586,137.311853,138.723239,138.945337,141.47711,140.231123,141.124914,136.859758,139.316333],"1.18":[146.498783,141.626819,151.343245,143.206708,144.792695,158.188493,148.644866,143.770203,148.041771,143.433006],"1.19":[145.731575,148.134653,149.933637,149.076244,146.017973,154.852791,151.951719,145.538876,142.344406,141.320115],"gotip":[2826.192585,2900.89232,2829.770561,2865.133462,2907.727154,2892.862797,2862.522123,2927.734486,2912.274414,2898.486819]},"run_times":{"1.17":[10387.371969,10388.651639,10394.649369,10436.687768,10460.892306,10429.800429,10431.998372,10426.369858,10416.624065,10392.782522],"1.18":[6325.110514,6075.758765,6141.329586,6332.941823,6328.426366,6287.035986,6306.177716,6133.789515,6389.984625,6409.677697],"1.19":[10587.267486,10502.464742,10489.360011,10487.931082,10540.429209,10497.865062,10415.488163,10315.625383,10419.80794,10524.733482],"gotip":[10622.81726,10569.909917,10646.962648,10620.045704,10686.053871,10612.051449,10497.0323,10418.828793,10490.902473,10648.523474]}},"MergeSort":{"name":"MergeSort","build_times":{"1.17":[133.292335,135.458717,144.137648,128.304375,126.191692,137.5725,133.027037,131.42465,131.005153,135.003521],"1.18":[138.895508,149.415025,139.751601,139.661701,142.113083,142.007283,138.893207,141.059791,138.832908,144.675162],"1.19":[145.812468,142.755493,146.103466,147.981852,149.002144,148.149751,144.118682,146.83196,143.465387,141.8142],"gotip":[2693.407667,2736.312336,2710.876949,2708.034707,2751.49568,2718.024685,2718.388352,2684.470812,2683.850835,2734.395562]},"run_times":{"1.17":[6778.665592,6963.927323,6823.677283,6891.855186,6900.826383,6826.773073,7030.638867,6965.724416,7111.494517,7092.646873],"1.18":[6119.391078,6280.574753,5985.731274,5953.86075,5739.889632,5730.733611,5775.816852,5786.35521,5762.872873,5701.130467],"1.19":[7329.598365,7331.131865,7273.411033,7329.984321,7212.301871,7463.695617,7240.825802,7306.884959,7287.380077,7330.351699],"gotip":[8043.594944,8118.267925,8126.884727,8028.919319,8169.476563,8125.830775,8262.232835,8111.430277,8098.471679,7992.103305]}},"Sort_Random":{"name":"Sort_Random","build_times":{"1.17":[296.463866,166.551432,152.833845,145.540005,149.092576,172.741381,149.85157,142.45003,150.728862,148.691179],"1.18":[156.253237,163.198877,152.758168,168.042334,151.37448,154.055456,150.764285,158.587617,153.288463,155.253046],"1.19":[154.816757,152.718279,161.49949,159.988106,156.366842,150.869297,151.067095,158.949016,154.584959,156.106045],"gotip":[3258.534225,3303.071905,3303.236804,3261.789538,3262.224447,3214.869518,3247.639559,3271.965027,3211.233744,3210.187813]},"run_times":{"1.17":[6082.977098,6081.789004,6064.919183,6067.537304,6068.5668,6074.258851,6070.639937,6073.540352,6075.363397,6071.976184],"1.18":[5978.022094,5996.932597,5988.43169,5986.86979,5983.221029,5977.609219,5976.720096,5990.845302,5978.616978,5979.907487],"1.19":[5917.114941,5916.170623,5916.667018,5915.967599,5918.328192,5915.10096,5912.457415,5913.840695,5913.641238,5951.258584],"gotip":[6021.630255,5978.275769,5980.663771,6027.843067,5980.274365,5972.506062,5987.499615,5973.690376,5975.948195,5976.337412]}},"Sort_Reversed":{"name":"Sort_Reversed","build_times":{"1.17":[143.303506,139.402338,146.016783,137.519054,136.74016,133.488987,134.031783,132.852493,136.938959,139.725835],"1.18":[139.156896,136.735317,145.322842,143.821956,139.199237,139.475347,137.160465,141.47233,136.875968,141.161532],"1.19":[144.126964,143.853566,148.908323,140.467296,143.685568,142.334579,144.740759,142.457379,142.947074,144.105264],"gotip":[3012.65827,3062.88484,3071.256476,3067.397312,3093.641086,3071.913364,3041.109028,3020.268211,3069.237994,3015.481154]},"run_times":{"1.17":[3642.192743,3686.814053,3627.75893,3626.773133,3621.731854,3629.24933,3691.12814,3683.518307,3645.872253,3689.351777],"1.18":[3547.456158,3543.244194,3544.093773,3540.952364,3544.72793,3543.259995,3547.096852,3543.992536,3545.987313,3546.391091],"1.19":[360.989005,360.39921,361.012305,360.176512,360.846206,360.750407,360.515509,360.553609,361.798898,360.822006],"gotip":[361.948098,360.263315,361.523504,362.227998,361.748102,362.725393,363.20659,360.512712,360.516213,474.276139]}},"TimeAfterFunc":{"name":"TimeAfterFunc","build_times":{"1.17":[382.27044,152.601258,158.98281,161.624591,156.232231,154.596643,152.548558,149.860179,165.74696,171.531216],"1.18":[424.162207,154.390082,156.486758,158.92103,152.561004,153.346494,159.256426,157.179549,148.611651,151.463117],"1.19":[464.844186,166.594211,163.70384,161.511862,163.76104,161.157866,153.447744,160.992467,159.76508,151.710962],