{"CGO_CALL_C_FUNC":{"name":"CGO_CALL_C_FUNC","build_times":{"1.18":[488.640335,487.781525,484.350686,485.772102,490.537057,492.073868,492.709862,483.479256,484.196164,493.317269],"1.19":[529.396817,512.705755,528.283237,504.742603,513.254088,507.979936,510.655762,502.46638,499.286349,503.461891],"1.20":[451.804076,446.288377,440.21235,442.897098,436.36473,445.367136,415.98301,438.5155,430.911807,437.55595],"gotip":[480.224512,488.554093,473.634876,484.322077,486.518386,489.670645,493.207538,503.295087,487.116983,502.372321]},"run_times":{"1.18":[3519.301143,3518.707973,3519.462061,3522.063384,3520.390411,3541.523134,3518.948004,3518.898555,3523.333859,3518.516566],"1.19":[3543.627773,3547.451574,3546.309671,3642.53651,3547.233503,3543.804239,3545.07723,3549.319047,3546.155321,3551.385965],"1.20":[3552.093037,3554.071622,3557.327382,3569.344736,3555.801733,3556.445641,3554.965695,3555.613014,3552.713234,3558.574269],"gotip":[3534.195755,3534.679061,3536.261622,3548.016064,3536.982266,3533.130253,3537.647071,3534.033339,3538.888629,3533.181177]}},"Fibonacci":{"name":"Fibonacci","build_times":{"1.18":[146.590402,123.830576,129.925564,125.765004,126.253211,123.619573,120.496429,115.851156,116.922755,117.628529],"1.19":[120.66013,123.031454,115.555577,117.460997,113.526257,119.75282,112.151543,116.570788,113.081352,119.202515],"1.20":[119.101339,114.663013,118.610365,129.762312,121.150893,129.069398,117.895165,114.123019,114.658904,129.530988],"gotip":[117.528254,116.577343,109.744665,124.591225,121.323395,128.92389,122.25741,128.367883,120.021186,125.818053]},"run_times":{"1.18":[4013.5212,4038.723403,4018.007439,4013.875979,4014.564695,4016.379641,4013.848783,4017.065076,4018.368303,4017.150749],"1.19":[3907.750192,3902.36213,3903.255329,3903.841037,3903.225307,3903.49562,3904.183325,3903.653732,3905.465459,3903.596104],"1.20":[3937.454942,3931.539743,3931.524459,3902.758311,3908.25224,3910.256754,3909.94491,3919.933722,3923.110306,3933.750947],"gotip":[4244.413854,4244.673425,4253.841557,4253.820472,4256.519504,4254.308724,4251.932984,4251.383357,4249.317895,4248.287933]}},"Garbage_Collection":{"name":"Garbage_Collection","build_times":{"1.18":[129.479671,121.63207,126.106528,131.120393,125.699422,125.84123,130.519691,125.973631,128.484064,132.869521],"1.19":[187.333816,119.102636,114.465276,116.978809,120.18615,120.085849,115.886994,112.349949,124.85561,119.594344],"1.20":[127.216786,127.059277,125.941957,125.219028,121.117899,131.440696,125.266408,125.624909,124.499551,119.107502],"gotip":[118.637005,127.282295,124.355257,131.348032,128.114586,132.080841,125.788364,131.986434,122.738515,121.691715]},"run_times":{"1.18":[5735.611894,5747.115341,5715.497796,5726.871418,5748.869817,5746.94802,5727.072065,5766.18091,5721.998881,5705.989242],"1.19":[5614.815162,5608.900531,5581.521983,5590.806727,5598.701842,5577.755727,5612.847111,5633.783889,5572.656424,5596.083744],"1.20":[6297.592999,6233.095979,6229.319082,6216.742649,6237.439315,6191.369773,6204.09279,6248.859689,6228.629726,6224.391951],"gotip":[6569.235759,6589.286014,6592.752164,6566.264858,6558.880056,6578.913575,6570.657787,6557.903422,6579.282451,6572.595528]}},"Goroutine_Creation":{"name":"Goroutine_Creation","build_times":{"1.18":[149.757932,143.493859,143.566361,138.638404,133.699246,144.647273,137.356789,131.537121,142.125744,135.977172],"1.19":[119.804778,118.599665,119.418575,114.810321,115.860433,115.668331,120.676789,111.28318,116.44394,123.862425],"1.20":[124.622438,120.801494,125.391846,125.685393,118.538338,130.198623,123.044811,120.728319,121.649277,116.835915],"gotip":[122.349266,122.952769,123.18577,124.404078,121.07634,120.717054,121.962931,124.234567,124.113259,130.37393]},"run_times":{"1.18":[5659.894419,5707.217322,5417.287468,5881.348217,5909.888166,5783.233547,5426.680698,5345.593527,5460.192092,5698.397186],"1.19":[9203.591206,9270.498334,9268.631894,9262.817065,9212.915528,9291.815849,9267.522093,9143.195529,9243.898022,9400.901829],"1.20":[9197.554416,9197.556235,9209.710075,9282.299647,9095.61835,8848.045917,9011.407219,9117.394606,9141.614948,9169.244824],"gotip":[5803.093218,5760.084436,5719.779819,5803.364098,5818.730473,5689.203911,5639.485616,5777.251422,5761.249025,5738.397696]}},"MergeSort":{"name":"MergeSort","build_times":{"1.18":[128.737603,129.924417,129.416611,135.619983,128.740403,132.501047,126.553478,132.972753,124.557854,126.504377],"1.19":[143.315767,109.078969,114.028126,114.587131,107.172446,109.34057,110.954789,116.652755,110.506484,110.676785],"1.20":[121.76851,123.130116,119.874088,125.67205,122.929419,115.74331,119.74858,113.892907,122.066004,117.112248],"gotip":[114.406531,129.444435,123.26679,120.426514,119.831708,121.823538,116.454634,126.280355,131.877299,122.500796]},"run_times":{"1.18":[6233.557633,6317.765101,6176.913009,6225.045351,6017.251794,6052.302924,6572.034696,6654.215053,6346.830423,5861.926482],"1.19":[7573.935005,7920.314881,7982.293694,7943.657524,7991.187567,8027.287852,7846.827499,8026.649325,8020.534094,7958.104434],"1.20":[9066.90861,9227.288718,9379.341965,9088.250907,9395.310283,9325.388006,9066.949214,9930.738508,9497.243963,9222.126941],"gotip":[9733.384953,9445.200152,9537.471194,9539.156556,9500.532983,9355.826403,9313.286598,9244.335568,10140.058361,9599.41805]}},"Sort_Random":{"name":"Sort_Random","build_times":{"1.18":[153.158895,147.405131,149.321052,155.729724,159.346863,142.841481,147.972537,135.189396,148.873248,147.601933],"1.19":[126.534055,119.315971,119.512596,119.717799,120.493808,116.707963,126.870782,118.884889,117.173069,115.960954],"1.20":[130.862089,130.225575,128.207128,138.766066,120.899937,126.039692,133.741543,133.057749,135.997939,131.123829],"gotip":[145.174475,141.05614,141.093934,136.81231,135.653165,132.801123,134.732831,129.692192,138.591587,136.145874]},"run_times":{"1.18":[5032.473845,5029.765061,5036.64561,5031.388207,5031.16864,5039.115768,5037.300354,5029.164066,5031.082971,5036.001028],"1.19":[5095.303505,5094.415546,5090.940417,5087.597996,5092.200623,5084.28526,5085.561755,5090.787207,5113.250449,5087.000647],"1.20":[5082.734848,5083.946777,5083.912088,5086.081456,5084.717987,5082.571299,5086.76069,5084.750174,5083.209062,5084.961892],"gotip":[5135.721907,5137.271269,5142.919507,5138.546661,5139.836596,5136.425286,5132.574955,5134.719456,5137.094344,5136.773909]}},"Sort_Reversed":{"name":"Sort_Reversed","build_times":{"1.18":[134.128536,134.735342,129.001389,129.708496,137.408467,133.692232,138.763779,133.171327,134.231037,136.092354],"1.19":[172.663205,114.617864,119.121121,117.808204,113.175845,115.308773,115.636877,121.081546,124.51129,114.257659],"1.20":[120.097695,123.383322,121.051961,130.498646,119.520874,120.704402,121.339449,118.086446,125.583035,112.953074],"gotip":[127.027758,121.63005,125.751219,121.224554,125.9864,123.489864,130.679252,117.551082,125.710561,116.853247]},"run_times":{"1.18":[3577.250893,3575.223314,3578.682769,3581.031858,3576.491344,3575.011544,3576.781868,3575.546079,3577.093413,3580.11735],"1.19":[369.704721,370.556032,370.315228,370.748834,369.715521,371.000537,369.801422,371.370742,370.256927,370.400529],"1.20":[369.094092,370.844212,369.631998,371.105016,369.928402,369.248093,370.473808,369.503596,370.557709,369.619698],"gotip":[374.737898,375.471706,374.958531,375.779631,375.296924,375.427126,375.698629,375.381725,375.418227,375.410326]}},"TimeAfterFunc":{"name":"TimeAfterFunc","build_times":{"1.18":[160.144376,143.672283,148.417138,147.366825,149.852555,150.021757,148.657841,148.277836,151.514674,153.582098],"1.19":[175.371527,139.832616,135.648868,156.52831,136.438377,136.040373,130.176305,136.029373,137.417488,136.367677],"1.20":[133.416155,134.906267,141.443332,133.543334,130.783508,130.725013,140.442421,129.283494,143.337954,141.916827],"gotip":[138.411596,128.660788,126.950337,138.907787,128.177942,138.735017,139.889776,136.805637,135.66602,141.640357]},