{"Fibonacci":{"name":"Fibonacci","build_times":{"1.17":[148.587346,158.023724,156.30481,161.132751,160.109042,156.745714,149.376652,148.668846,145.823922,145.464919],"1.18":[156.482164,155.126455,168.720339,161.156193,171.107254,156.798466,149.759523,148.911217,150.571127,147.903811],"1.19beta1":[343.191171,340.563551,346.863399,329.72017,333.809201,329.75147,341.470859,321.886911,322.433416,333.270097]},"run_times":{"1.17":[4554.523156,4740.93529,4479.979186,4354.398315,4374.130765,4538.415216,4423.160434,4333.790965,4442.388461,4476.649706],"1.18":[4458.944398,4454.523406,4459.185142,4464.058842,4416.696182,4406.020923,4520.368618,4423.652054,4506.011793,4490.223364],"1.19beta1":[4422.845021,4510.623235,4420.686152,4514.356341,4460.713839,4646.122825,4488.166349,4438.627578,4498.989023,4441.640792]}},"MergeSort":{"name":"MergeSort","build_times":{"1.17":[159.16519,154.497154,155.907965,156.803572,162.318013,153.498447,149.782119,155.501262,159.056688,154.042351],"1.18":[162.672626,157.22928,178.816657,165.972152,176.67164,160.652208,156.092672,158.865694,175.945933,170.837091],"1.19beta1":[358.025303,356.40399,343.887096,343.818796,349.108735,333.062615,350.931449,350.546447,333.84962,358.548807]},"run_times":{"1.17":[8288.903031,8148.9226,7948.363558,7726.960406,8090.933283,7881.863527,7895.524587,7934.865608,7883.174654,7884.740102],"1.18":[7537.291301,7533.893542,7483.470965,7444.406608,7486.570932,7383.347967,7353.597847,7546.236884,7434.01202,7409.089332],"1.19beta1":[9452.918071,9169.444135,9333.5284,9590.210242,9654.176046,9405.551032,9569.935918,9392.918023,9362.829587,9309.572049]}},"Sort_Random":{"name":"Sort_Random","build_times":{"1.17":[177.994269,195.018839,176.960358,184.218731,185.395043,171.387303,177.360363,166.659257,170.478294,187.179761],"1.18":[180.16196,182.413465,206.181312,178.743957,175.04295,175.686951,174.759349,172.640545,180.10426,185.04307],"1.19beta1":[372.421663,354.497729,352.955818,359.84387,359.508266,358.395359,348.627386,371.058552,357.322651,374.980681]},"run_times":{"1.17":[5789.093132,5863.12826,5822.795743,5634.70392,5698.872283,5676.608919,5603.680594,5590.486227,5737.007616,5651.65336],"1.18":[5738.779152,5674.649837,5742.876549,5668.482291,5688.848844,5680.711781,5920.442208,5696.099406,5604.309098,5763.437564],"1.19beta1":[5823.652016,5657.915239,5770.829748,5877.802883,5832.713964,5746.668341,5879.378087,5805.473754,5799.396961,5911.467716]}},"Sort_Reversed":{"name":"Sort_Reversed","build_times":{"1.17":[182.589096,164.794559,189.140346,170.480503,155.899992,179.932575,162.833045,159.882422,175.978845,165.964169],"1.18":[170.79843,164.372409,178.27041,180.156724,165.065414,161.431087,176.146194,173.526376,170.834856,179.916822],"1.19beta1":[369.284262,347.099196,330.966775,358.608181,334.929605,351.938932,352.436646,323.389737,331.049896,342.721183]},"run_times":{"1.17":[4621.361825,4501.348059,4526.957648,4585.554742,4473.643523,4470.527846,4593.98393,4556.812794,4419.073141,4474.150335],"1.18":[4356.088221,4384.059199,4377.010687,4531.859122,4485.446508,4381.704633,4486.82332,4398.129375,4325.083266,4399.225998],"1.19beta1":[455.272831,460.970875,444.100648,443.06574,469.397338,460.020668,433.550068,426.114712,437.162895,429.380037]}},"alloc_1.5k":{"name":"alloc_1.5k","build_times":{"1.17":[149.389644,155.526083,152.214262,149.625145,159.326007,158.098299,151.727459,151.627958,153.868873,149.453844],"1.18":[154.807122,163.053409,196.335258,195.147445,163.939219,164.294321,174.977933,176.68622,179.120255,157.653993],"1.19beta1":[351.113979,338.844088,340.580062,320.641929,328.658985,333.246417,335.388631,323.56535,339.695261,326.46407]},"run_times":{"1.17":[3781.7776,3793.770433,4075.363916,3900.867856,3901.183838,3908.510634,3900.421293,3847.44451,3763.287176,3956.87176],"1.18":[2672.377014,2709.534277,2735.359224,2687.756576,2707.428379,2667.611102,2707.933387,2669.04023,2670.774715,2661.324946],"1.19beta1":[2645.821194,2784.75906,2784.818414,2615.179418,2604.637553,2653.177152,2672.781314,2599.297447,2659.94772,2648.812602]}},"regexp_Compile":{"name":"regexp_Compile","build_times":{"1.17":[200.738866,191.015952,207.329744,190.616047,200.658766,195.231101,192.003164,187.892615,196.403315,185.473287],"1.18":[212.302474,206.367226,204.676713,206.565987,201.386988,214.953944,197.797894,221.386913,201.217084,185.384768],"1.19beta1":[357.111793,362.290404,368.019731,364.828068,367.587819,374.287243,362.319421,371.023183,367.338414,375.301462]},"run_times":{"1.17":[1292.590138,1340.305201,1328.581363,1320.80917,1271.700459,1316.574077,1309.433622,1310.976534,1299.022039,1313.794256],"1.18":[1360.012812,1341.545527,1351.830797,1349.017723,1367.76636,1395.06705,1465.218361,1401.666593,1347.971936,1330.349756],"1.19beta1":[1390.058886,1390.046486,1391.35311,1402.145647,1391.699628,1422.897411,1419.878864,1446.010668,1430.859934,1497.07137]}},"regexp_FindAllString":{"name":"regexp_FindAllString","build_times":{"1.17":[228.619843,193.686292,204.910284,191.112571,203.606874,206.8654,211.153036,210.208928,207.416505,198.33243],"1.18":[206.115016,221.245472,207.179421,203.66001,215.852552,204.697013,209.918331,205.475816,208.180926,203.615509],"1.19beta1":[373.857489,374.565494,366.059032,375.628991,371.98406,366.593626,356.671227,360.713152,371.85275,370.195416]},"run_times":{"1.17":[2855.118368,2869.677267,2925.694946,2849.21613,2865.341089,2845.759414,2863.536952,2868.122599,2950.80591,2872.09193],"1.18":[2845.098812,2982.486987,2800.636507,2836.984747,2895.372184,2918.992033,2974.206232,2880.19364,2862.816429,2956.747734],"1.19beta1":[2813.431708,2685.711724,2729.406147,2741.659601,2776.94492,2731.035962,2750.076345,2722.748686,2747.919311,2708.962024]}},"switch_case":{"name":"switch_case","build_times":{"1.17":[222.432277,246.010154,271.538847,246.855561,229.435329,239.144003,239.382404,246.222456,229.043426,240.397815],"1.18":[247.703512,245.166392,242.963075,254.235062,229.694472,294.936377,224.655633,239.591349,239.259547,246.887905],"1.19beta1":[423.890796,416.52284,420.935574,436.41999,457.46245,478.973911,552.362865,416.358239,427.05202,438.702908]},"run_times":{"1.17":[6773.444497,6832.478628,6794.69473,6899.717483,6810.680205,6787.136163,6999.776589,6778.545405,6868.377403,6996.466635],"1.18":[6771.955879,6846.651396,6875.515183,6831.543063,6786.399864,6942.129105,6803.095838,6913.790359,6887.522747,6889.441851],"1.19beta1":[4094.85347,3965.796196,4083.59048,4077.745236,4047.941008,4122.604771,4060.664801,4016.513368,3999.867841,4019.009984]}}}