{"CGO_CALL_C_FUNC":{"name":"CGO_CALL_C_FUNC","build_times":{"1.17":[570.584149,457.282591,461.739649,452.955331,457.866586,461.381453,456.102502,460.964957,458.419581,456.122801],"1.18":[498.741228,463.999132,461.851451,461.101361,464.095238,460.587768,464.832032,463.406744,460.43137,463.986638],"1.19":[548.979223,521.180165,521.855859,516.175909,520.825068,519.214082,525.24053,515.119518,512.816637,527.246713],"gotip":[545.984731,524.640618,521.766543,523.112531,527.559692,521.960642,525.327709,524.871409,527.742985,521.585938]},"run_times":{"1.17":[4017.331546,4022.499251,4018.97074,4022.211827,4022.457602,4019.288356,4018.634232,4024.289934,4018.36239,4017.117984],"1.18":[3619.314721,3610.905821,3617.407265,3617.865361,3619.6374,4612.326458,3617.887112,3616.693906,3615.105269,3617.349061],"1.19":[3613.65849,4639.512106,4640.930631,4638.035198,3630.701064,3609.113676,3617.241359,3615.136171,3609.163065,3609.256677],"gotip":[3617.551461,3618.118352,3612.506193,3618.518239,3615.665867,3618.528542,3616.847568,3616.176175,3619.849965,3617.951095]}},"Fibonacci":{"name":"Fibonacci","build_times":{"1.17":[140.493273,120.929343,120.787345,126.585794,122.52043,120.444148,124.412113,119.380457,124.75541,124.021017],"1.18":[131.657151,125.467904,124.90911,161.161593,125.9075,131.79645,132.154946,124.046823,124.961415,129.812274],"1.19":[139.307085,137.006004,135.227521,138.995687,141.564665,139.770781,138.961188,139.184685,137.688699,138.042496],"gotip":[142.863155,139.826182,149.054701,148.863903,142.723256,148.128809,147.776312,142.832055,145.660331,140.917772]},"run_times":{"1.17":[4790.566833,4796.471073,4791.125198,4791.063109,4790.894422,4793.855301,4791.936932,4797.559258,4796.665544,4791.984861],"1.18":[4796.668775,5037.433968,4795.927942,4795.87603,4796.000674,4795.362141,4795.708217,4795.212446,4796.966803,4795.539018],"1.19":[4797.859045,4793.103278,4791.153594,4791.885336,4791.553831,4791.609093,4791.427323,4791.382121,4792.071952,4790.755096],"gotip":[4799.710873,4799.116134,4798.574461,4795.033937,4796.611869,4794.964306,4794.801084,4794.865841,4796.088239,4795.907291]}},"Garbage_Collection":{"name":"Garbage_Collection","build_times":{"1.17":[122.92404,128.268993,129.989778,136.541822,132.322359,129.425883,132.528357,126.586808,128.832088,130.100378],"1.18":[137.143606,132.149248,132.337847,140.598575,151.058484,136.822508,137.056706,133.757335,140.463076,138.266096],"1.19":[135.142525,139.865785,140.674477,140.259381,139.337489,139.570686,135.940319,139.895385,141.436772,137.657405],"gotip":[145.228961,141.220397,145.086764,143.02118,151.36241,142.695583,142.399886,143.767575,144.27587,144.850365]},"run_times":{"1.17":[5074.827491,5264.081146,5232.229663,5168.097562,5221.9655,5197.297499,5226.39282,5244.348499,5230.565099,5110.675271],"1.18":[5173.27713,5196.415947,5141.140728,5229.230441,5150.120741,5161.924161,5157.454153,5144.340914,5968.510385,6017.252598],"1.19":[6074.018369,5196.17082,5279.164425,5175.784285,5160.841456,5216.208618,5251.75238,5191.480284,5286.957193,5191.155244],"gotip":[6238.97081,6229.19804,6260.790209,6263.040296,6204.142662,6224.310224,6201.624791,6222.25859,6212.637112,6233.378087]}},"Goroutine_Creation":{"name":"Goroutine_Creation","build_times":{"1.17":[134.353467,130.923895,135.915454,135.600356,138.640331,135.21326,134.287767,130.5055,133.826571,134.049569],"1.18":[146.803595,143.020528,141.321844,140.643949,138.491569,140.746348,133.986709,135.804593,135.208097,133.436714],"1.19":[138.967305,149.94641,141.118987,141.516483,141.753581,136.647125,140.67929,139.935296,135.793832,140.939788],"gotip":[149.490332,144.991569,154.044992,146.338258,149.047735,143.851879,141.794697,149.63503,141.449099,150.347324]},"run_times":{"1.17":[10061.536209,9944.312217,10026.938093,10041.545934,9936.183993,9914.356525,9907.540526,9928.941246,9990.39965,10065.048836],"1.18":[6023.72097,5767.948747,5768.111389,5718.458,5866.537322,6021.529393,5738.463668,5828.67146,5794.440721,6278.979393],"1.19":[10104.040418,10065.454251,10129.196175,10165.440851,10219.170874,10212.101844,10187.039258,10120.917564,10107.893993,10059.561067],"gotip":[5977.043001,5959.500805,5882.045922,6036.362551,5965.818586,5913.223947,5863.070201,5939.858288,5929.929213,5968.94398]}},"MergeSort":{"name":"MergeSort","build_times":{"1.17":[128.595571,129.97086,126.607689,124.34661,123.981413,126.975586,123.967212,138.074989,126.039394,127.955077],"1.18":[129.640358,130.48875,135.838402,132.591432,129.212061,131.68314,131.440541,128.064172,131.447742,135.03561],"1.19":[142.378959,140.471075,143.767946,142.139561,140.715673,162.639082,141.879063,138.157395,142.18596,141.425867],"gotip":[148.999701,148.541905,149.1584,151.818376,151.847077,163.779072,159.014313,155.506941,153.026263,153.829756]},"run_times":{"1.17":[5822.8073,5935.71509,5878.638551,5841.271385,5869.77123,5845.97829,5803.81419,5817.062374,5815.359223,5871.762548],"1.18":[5527.892774,5607.478286,5545.421582,5544.157998,5553.273823,5606.338803,5575.254063,5568.000653,5588.866058,5562.213701],"1.19":[7120.84741,7339.08785,7008.7667,7063.152053,7084.20505,7080.950145,7131.017031,7109.355929,7137.833182,7073.934027],"gotip":[7871.096432,7823.233023,7783.618382,7853.452027,7906.446726,7860.923198,7878.339267,7885.073154,7752.970124,7821.700672]}},"Sort_Random":{"name":"Sort_Random","build_times":{"1.17":[145.58763,143.959245,142.876454,146.269724,140.995971,139.990579,142.066561,147.98921,140.014079,144.232242],"1.18":[162.865684,156.530339,153.551764,147.856914,151.051286,155.073452,148.934104,152.96017,151.064286,146.876123],"1.19":[152.023075,146.386923,150.755386,148.632804,147.929011,148.948401,145.906128,150.568287,155.153548,150.819185],"gotip":[154.066857,157.031031,159.814907,155.608344,163.690873,153.022566,149.283899,159.866606,155.441245,152.812468]},"run_times":{"1.17":[6070.815188,6064.883974,6058.781972,6063.48478,6063.942566,6065.701019,6063.722728,6062.972826,6065.73837,6061.028991],"1.18":[5995.735258,6000.294639,5972.557825,5974.747186,5973.654519,5972.209998,5974.876902,5973.567022,5975.409307,5971.58164],"1.19":[5918.085802,5926.652619,5921.461666,5919.037998,5919.876564,5923.095241,5919.880476,5919.939183,5921.505965,5921.413276],"gotip":[5967.031284,5955.745093,5953.806363,5947.228964,5945.874547,5940.718395,5940.313236,5969.877381,5959.937672,5980.652671]}},"Sort_Reversed":{"name":"Sort_Reversed","build_times":{"1.17":[130.360969,129.723374,128.354386,137.14881,127.766891,135.049128,134.430333,128.946181,129.774274,132.45925],"1.18":[140.542287,135.47773,136.835119,135.142833,134.769236,140.687386,141.577977,139.106699,135.335432,137.597612],"1.19":[139.632967,149.67578,150.208674,144.209727,140.732459,136.547395,143.115537,143.686932,142.79654,139.651667],"gotip":[145.036484,142.318506,144.804385,145.897977,147.636961,143.471897,146.782069,148.326155,146.73167,143.180999]},"run_times":{"1.17":[3638.890521,3648.325726,3639.144956,3627.163861,3633.70767,3653.3726,3644.537111,3639.404613,3638.171985,3640.870167],"1.18":[3536.84721,3544.074473,3538.690136,3539.357704,3546.667316,3543.113173,4523.558599,4524.539312,4524.851818,3544.849819],"1.19":[361.189413,360.298921,360.681841,360.486877,361.133471,371.273486,361.507268,360.627675,360.798773,360.652875],"gotip":[401.384033,399.989745,405.082102,402.494624,401.496032,403.398317,396.735773,399.517748,398.050161,396.664375]}},"TimeAfterFunc":{"name":"TimeAfterFunc","build_times":{"1.17":[158.194868,146.338969,142.239903,141.133713,147.795856,146.928164,147.737657,150.468334,149.066445,150.93553],"1.18":[383.556956,183.081551,153.091606,152.843607,151.700017,150.546526,151.779317,153.465601,160.212545,152.190813],"1.19":[459.947301,157.830628,161.263298,168.232937,152.836071,163.38448,153.956561,157.889928,156.053743,150.887388],"gotip":[310.413948,160.256231,159.551022,169.032431,163.689877,160.659204,162.102991,164.969967,159.493914,163.603578]},