{"CGO_CALL_C_FUNC":{"name":"CGO_CALL_C_FUNC","build_times":{"1.18":[595.61709,560.705279,541.376142,555.65736,561.710922,542.50039,564.740823,567.078328,579.577671,570.209264],"1.19":[606.952393,616.840819,583.595609,595.896216,590.41778,605.627638,599.300864,604.314681,572.89972,582.056417],"1.20":[513.267061,505.339417,549.444129,527.062057,497.313294,493.790379,496.879726,535.475804,504.97268,516.062368],"gotip":[547.513652,557.103607,537.26956,543.074755,517.812228,534.159736,554.025726,569.679647,553.564325,563.468244]},"run_times":{"1.18":[4191.276825,4140.751519,4117.580639,4095.972584,4151.035896,4182.380807,4199.662851,4152.510644,4132.325278,4161.247195],"1.19":[4133.120725,4142.247672,4171.121849,4104.173158,4160.364529,4122.76022,4130.967884,4200.266872,4111.094928,4226.966101],"1.20":[4219.504517,4165.674766,4208.699133,4191.501556,4233.490301,4219.531507,4170.902331,4309.949292,4266.790734,4234.813989],"gotip":[4272.914519,4295.430965,4200.184045,4264.976951,4330.413524,4205.444304,4379.294961,4183.931857,4249.329881,4196.461769]}},"Fibonacci":{"name":"Fibonacci","build_times":{"1.18":[154.661192,148.228802,143.082669,150.545638,145.467617,137.411667,146.475361,150.639341,150.244525,150.465234],"1.19":[123.13983,146.588064,140.37249,146.706069,139.800464,130.699563,142.901801,129.689138,128.019363,141.562673],"1.20":[150.381687,153.385172,142.242709,154.573569,143.19016,143.121085,161.254753,153.125605,138.267253,156.958159],"gotip":[154.104558,138.302487,152.718592,140.942985,145.448306,141.644248,137.899698,139.226299,161.955751,150.168557]},"run_times":{"1.18":[4710.883767,4774.627443,4756.565241,4740.964981,4786.295514,4759.166994,4940.943611,4824.822585,4953.83,4804.290186],"1.19":[4817.85298,4773.279805,4811.014992,4812.080336,4943.610235,4786.848741,4773.612588,4879.283331,4834.242177,4832.93189],"1.20":[4878.654596,4822.499481,4733.646152,4726.158368,4779.165759,4728.987625,4777.21403,4767.023515,4724.259481,4804.147398],"gotip":[4814.810277,4839.405646,4831.365211,4864.184047,4952.171466,4977.991464,4910.382794,4972.592294,4895.08788,4878.530893]}},"Garbage_Collection":{"name":"Garbage_Collection","build_times":{"1.18":[210.132461,173.031396,148.932885,147.309003,155.746328,161.724628,164.362761,176.751683,155.857334,157.681425],"1.19":[158.284125,130.62621,139.898551,137.165521,135.281621,133.030914,141.938444,137.272718,134.259674,141.469921],"1.20":[144.173733,151.623346,150.649041,146.801615,154.771219,150.058641,149.907068,163.309708,143.850906,150.727154],"gotip":[140.668497,164.996855,143.740636,147.821971,144.185162,157.901842,140.182204,157.846653,133.896016,139.109948]},"run_times":{"1.18":[6946.213782,7024.613666,7019.265461,6922.617986,7010.941012,6966.703316,6925.234227,6938.639236,6902.198859,6883.749875],"1.19":[6888.246021,6839.799644,6876.981536,6884.068155,6772.79447,6833.092267,6867.621971,6846.38973,6930.842392,6803.550183],"1.20":[8047.317571,7904.018386,7910.650071,7840.182819,7771.102672,7730.402778,7730.141195,7643.874207,7708.927332,7746.260866],"gotip":[7704.749286,7821.907402,7789.946452,7725.206385,7801.656783,7809.330257,7765.415065,7792.61499,7773.446209,7881.09115]}},"Goroutine_Creation":{"name":"Goroutine_Creation","build_times":{"1.18":[248.090417,160.752916,171.120726,165.213236,170.659404,175.323733,171.918666,159.419204,159.229193,161.271518],"1.19":[151.497944,133.966113,140.428956,133.7181,136.325638,134.061018,135.490894,144.232358,129.57588,144.852191],"1.20":[145.576621,153.279297,156.297542,155.963456,145.410947,153.098647,163.631956,145.796166,178.04783,147.831819],"gotip":[149.466286,149.699156,140.965505,148.829333,144.639361,153.990678,147.358174,147.900023,142.247303,147.297169]},"run_times":{"1.18":[6192.581954,6221.784773,6255.50636,6208.633781,6183.981659,6330.920901,6390.224777,6441.32947,6341.936377,6146.992047],"1.19":[6275.339392,6260.443442,6323.021988,6362.084247,6353.68252,6400.567014,6508.337515,6475.49436,6429.800042,6412.096037],"1.20":[6437.3397,6498.380087,6470.746142,6447.074413,6501.559155,6429.777256,6638.378755,6445.190972,6389.461897,6467.905289],"gotip":[6330.721197,6385.953029,6323.843386,6347.869365,6460.424571,6529.392919,6353.820928,6429.228844,6454.416362,6411.214061]}},"MergeSort":{"name":"MergeSort","build_times":{"1.18":[183.666513,158.658336,158.680236,149.101823,159.423769,163.88256,165.109013,156.085325,157.158171,159.164157],"1.19":[137.914023,141.022656,138.433545,173.284243,144.752017,133.598037,140.709644,139.058573,129.70087,131.698556],"1.20":[143.417635,147.079429,146.803361,154.066011,148.234037,161.610672,153.344527,149.776147,148.092421,158.591268],"gotip":[139.783392,155.324187,144.512555,151.125923,157.630865,140.88521,150.229976,148.030439,150.972392,156.002012]},"run_times":{"1.18":[7313.241728,7315.22855,7233.560483,7335.780002,7371.092324,7310.003175,7170.17282,7344.771522,7306.428605,7229.005196],"1.19":[9523.887881,9652.280032,9590.512874,9543.537853,9413.324696,9387.026495,9374.578381,9357.277298,9597.26415,9492.255614],"1.20":[10209.995709,10309.39556,10263.376857,10090.405036,10270.573413,10209.259693,10223.783687,10231.186328,10234.312591,10211.455049],"gotip":[10375.562204,10430.56118,10325.048052,10574.191588,10439.346622,10593.71732,10345.780685,10292.06239,10356.982367,10396.275713]}},"Sort_Random":{"name":"Sort_Random","build_times":{"1.18":[166.967815,176.459238,190.393995,170.988819,177.422366,191.465623,175.657971,177.399465,175.07634,180.864251],"1.19":[147.911594,139.875382,149.761155,146.535491,142.495688,142.866607,146.095669,157.748658,144.735201,144.32738],"1.20":[174.334873,159.52192,157.500123,156.502169,155.495526,164.652232,162.466391,152.679572,172.63463,153.388432],"gotip":[165.077329,157.521888,164.165835,161.881518,173.620323,159.15902,159.263591,147.038728,168.546597,158.254229]},"run_times":{"1.18":[5938.299687,5890.046488,5902.092202,5905.052078,5918.538696,5841.42734,5857.345525,5840.058257,5785.600731,5887.170984],"1.19":[5980.303846,5948.165283,6023.569976,6020.38789,6049.060564,6072.387285,6087.142212,5975.036011,6029.878822,6016.510414],"1.20":[6030.915937,6073.699295,5979.426522,6086.172934,6054.003888,6195.081303,6007.581959,6020.817355,6038.133538,6075.649444],"gotip":[6139.394667,6362.646708,6253.281046,6208.011061,6196.634566,6192.034661,6252.758199,6289.981975,6278.85845,6219.418386]}},"Sort_Reversed":{"name":"Sort_Reversed","build_times":{"1.18":[167.0472,166.959796,162.708618,176.059878,153.860247,163.495051,157.483699,165.61514,168.69927,171.611291],"1.19":[145.310943,143.768977,141.166464,144.595712,136.045344,145.251336,145.635453,135.224606,131.411942,129.953979],"1.20":[154.951187,154.198958,156.521056,157.195851,144.037157,147.617915,151.630923,142.109349,157.081305,136.200686],"gotip":[157.462868,143.009564,160.171182,150.175661,147.430592,145.117583,148.972963,160.789522,148.666939,154.024925]},"run_times":{"1.18":[4504.053516,4546.104817,4550.852538,4556.754723,4444.69521,4504.82273,4446.135208,4530.945641,4575.267822,4568.982386],"1.19":[438.976347,432.977889,450.518243,451.974906,456.28039,459.803042,447.549815,455.925475,468.605619,431.886242],"1.20":[446.388029,449.40016,439.862911,447.423665,462.078452,458.19657,458.156368,458.983607,446.399917,450.449707],"gotip":[407.234417,429.979195,426.704154,428.059513,425.916521,429.741885,434.368584,411.058481,441.00247,416.065497]}},"TimeAfterFunc":{"name":"TimeAfterFunc","build_times":{"1.18":[173.687744,168.282269,200.3294,177.647546,174.372779,189.167032,178.558192,174.857804,177.281227,163.927447],"1.19":[154.345522,147.539481,149.413175,154.232211,143.861113,143.053574,148.901055,167.823664,145.070971,148.743548],"1.20":[194.495089,162.077572,170.315594,184.106565,162.60596,171.549275,170.355246,166.762643,159.919794,164.514693],"gotip":[178.014129,175.250524,161.084505,175.079373,164.534158,169.783086,165.580023,165.498469,183.998871,157.406832]},