{"Fibonacci":{"name":"Fibonacci","build_times":{"1.17":[133.347379,124.491908,118.114984,130.688027,131.395241,130.588326,126.633049,128.557786,129.987414,125.846034],"1.18":[139.14381,134.51242,125.899952,141.420755,135.724644,128.88391,132.988891,131.606664,132.923089,126.191458],"1.19beta1":[289.861895,271.529016,270.984584,288.980209,283.320206,287.889089,283.227005,281.619476,283.277506,259.479977],"1.19rc1":[178.238454,174.76667,156.496435,161.552656,157.423856,153.389461,162.503378,149.354164,156.68794,148.552345],"1.19rc2":[148.921017,158.261249,160.060395,158.495756,153.108721,153.372228,165.750537,146.341152,156.670811,155.922291],"gotip":[142.441111,146.428224,145.805406,150.424335,153.586025,146.238318,148.376378,150.415435,144.469669,149.955422]},"run_times":{"1.17":[3902.96498,3903.105231,3902.902832,3444.925114,3453.610726,3444.253957,3442.037627,3442.680509,3904.093367,3444.195186],"1.18":[4011.858333,4015.584355,4014.294932,4014.400055,4012.840513,4012.855762,4012.553975,4016.39867,4012.039307,4014.291616],"1.19beta1":[3539.743408,4012.993219,4012.895672,4023.591017,4012.79995,3542.085268,3557.651411,3544.774967,3541.394805,4016.584148],"1.19rc1":[3902.212324,3442.957358,3441.769742,3442.082949,3908.900908,3902.542781,3908.707784,3444.390253,3443.869286,3445.506293],"1.19rc2":[3457.623535,3447.137693,3447.147315,3446.592897,3905.246944,3904.608089,3447.387081,3448.103919,3446.122571,3456.451188],"gotip":[3902.407759,3904.815218,3904.10624,3902.56029,3903.713316,3902.015178,3902.783286,3463.498467,3444.420844,3446.056485]}},"Garbage_Collection":{"name":"Garbage_Collection","build_times":{"1.17":[137.252965,140.136534,133.565978,141.857975,137.486871,134.160392,128.805064,141.754273,135.794731,131.683333],"1.18":[137.119304,134.201333,137.737519,146.353026,137.253907,167.730841,128.996408,145.851714,143.951968,128.173688],"1.19beta1":[286.989365,276.967726,277.637342,271.804802,273.509043,266.208368,275.083081,267.488099,279.511987,275.688095],"1.19rc1":[143.732438,159.277311,158.194384,151.254419,162.439585,157.506568,155.414318,143.836541,145.279875,148.518653],"1.19rc2":[138.938721,141.814189,142.070896,144.854262,143.809738,144.728259,151.094411,146.398199,142.002594,144.683659],"gotip":[146.599002,139.155123,145.757781,141.658483,136.982693,139.613378,139.697376,140.163466,145.416356,160.647137]},"run_times":{"1.17":[5151.989484,5686.010887,5717.516186,5449.022046,5140.418497,5178.70464,5243.615058,5743.131654,5399.084295,5536.938008],"1.18":[5114.413109,5622.326392,5494.402678,5116.944673,5241.060338,5108.024096,5102.349259,7093.344409,6262.942498,5724.789112],"1.19beta1":[5027.945055,5160.074689,5246.847396,5203.977187,5000.844651,5029.849037,5021.291807,5282.38058,5261.067232,5245.111855],"1.19rc1":[5600.256272,5466.915677,5619.210719,5610.863553,5508.495337,5310.196567,5252.872282,5042.928102,5002.669397,5072.731512],"1.19rc2":[5277.632742,5386.153416,5295.049868,5430.192977,5532.666159,5627.349986,5520.605262,5193.001723,5357.247355,5405.83943],"gotip":[5197.169947,5374.749195,5527.704732,5446.570286,5558.258627,5468.453938,5588.845415,5586.219771,5635.262983,5271.59086]}},"Goroutine_Creation":{"name":"Goroutine_Creation","build_times":{"1.17":[142.619326,138.323844,132.588934,140.380699,145.442358,147.666001,156.925583,133.925131,139.140234,143.431318],"1.18":[147.816948,149.171875,150.969809,148.170756,148.506561,139.976598,149.317777,146.994633,156.349013,160.919101],"1.19beta1":[272.730023,272.514414,277.415016,288.473471,299.502798,285.136188,293.689873,297.355354,297.855764,312.769287],"1.19rc1":[149.303153,148.235245,142.281623,149.692596,157.774485,162.725201,161.024661,159.373122,159.840133,156.577557],"1.19rc2":[149.72654,152.594095,159.553927,157.333485,150.706559,162.856089,144.869649,147.871905,168.662,155.267145],"gotip":[145.948601,148.571452,144.383671,136.872427,147.595733,140.225992,140.075788,151.834015,145.872399,141.641218]},"run_times":{"1.17":[8762.540782,8754.602825,9201.442405,9323.58031,9255.579336,9177.327471,8723.935615,8799.126673,8787.971879,8832.64654],"1.18":[5531.877514,5477.347084,5445.233012,5412.495474,5255.651062,5199.979978,5295.810379,5319.155612,5310.7955,5148.319236],"1.19beta1":[5500.893145,5485.733903,5503.837733,5562.503087,5535.95011,5633.351486,5684.728686,5754.800833,5424.714334,5322.268637],"1.19rc1":[9099.767566,9050.881918,9173.765884,9185.694947,9193.587964,9149.953828,9072.779302,9076.936324,9130.532538,9177.031072],"1.19rc2":[9200.755328,9122.241692,9055.713969,9080.915841,9160.745297,8900.485787,8733.912953,8630.834075,8607.558353,9030.019017],"gotip":[8796.583544,8750.543623,8807.073384,8597.445178,8673.410982,8709.802396,8745.414268,8756.267246,8731.603512,8686.759288]}},"MergeSort":{"name":"MergeSort","build_times":{"1.17":[146.601454,128.960238,140.537111,138.827772,125.068746,122.375784,125.904366,134.583171,134.198262,142.244752],"1.18":[138.462378,146.636573,145.628348,143.283093,140.935437,131.384312,128.734048,133.785868,131.457313,129.332762],"1.19beta1":[301.248652,285.136369,260.363681,276.77047,283.789038,288.317845,291.454619,287.965137,287.934435,279.424633],"1.19rc1":[169.940928,170.976252,166.037535,159.623183,163.550376,160.387401,174.992347,165.82433,160.611406,166.427845],"1.19rc2":[146.596574,145.412346,155.251579,140.843937,142.511177,140.862237,143.907211,147.412793,160.265097,145.948758],"gotip":[148.783935,162.799366,149.61645,148.277519,143.340002,150.258766,143.68921,153.79405,153.836951,151.996007]},"run_times":{"1.17":[5996.476146,6032.734592,5920.301759,6099.841475,6214.738097,6267.377622,6254.082196,6271.88696,6301.743973,6100.026295],"1.18":[5892.205966,5965.380211,6276.792993,6145.7958,6155.35822,5971.368815,5884.925475,6020.666928,5962.61643,5840.719574],"1.19beta1":[6973.429758,7410.156321,7421.116275,8700.738903,7383.374614,7441.126226,7512.910268,7528.723599,7661.851698,7527.690152],"1.19rc1":[7568.068576,7502.065811,7343.934101,7322.082547,7255.653767,7612.476024,7721.046662,7640.255532,7245.511397,7144.950303],"1.19rc2":[7215.368678,7543.0861,7564.11084,7824.70711,7975.155581,7759.912893,7366.002167,7494.136502,7839.528769,7560.78434],"gotip":[7733.084146,7690.04402,7812.305687,7819.993296,7431.595931,7598.277151,7610.903199,7631.983459,7615.290979,7724.122357]}},"Sort_Random":{"name":"Sort_Random","build_times":{"1.17":[147.789835,140.270491,140.19159,145.070583,150.425886,140.963904,138.508358,141.157008,148.445347,161.672601],"1.18":[163.829218,147.5491,163.704515,158.706687,162.874994,151.81931,156.644433,158.199173,151.666906,151.427099],"1.19beta1":[301.803705,294.811755,302.03221,297.007202,294.13184,286.454474,299.290352,287.366294,283.641514,311.560616],"1.19rc1":[173.757913,165.646654,160.222347,158.503214,173.949017,167.607492,169.404728,167.909399,152.201189,160.210447],"1.19rc2":[156.231721,150.240501,147.211141,149.758291,151.085618,150.917514,157.658249,157.519547,155.458305,152.949155],"gotip":[172.90724,167.029826,164.61478,168.831361,153.892172,151.345724,156.455322,157.815948,165.078189,148.07406]},"run_times":{"1.17":[4421.794719,4426.156743,4421.620901,4425.761243,4423.339607,4425.55523,4424.990615,5016.170761,4439.378917,4423.550129],"1.18":[4436.402602,4454.503329,4439.780446,5030.449784,5032.247307,4440.774875,4442.767752,5030.48407,5032.852572,5027.092286],"1.19beta1":[4428.868561,5030.160253,5023.890553,4429.706775,4445.492103,4433.894382,4430.504194,4428.598884,4432.718435,4433.880411],"1.19rc1":[4508.356221,4502.939373,5097.986209,4506.020616,5099.869402,5103.306888,4499.488314,4497.368954,4499.204125,4502.19939],"1.19rc2":[4473.108029,4482.342047,5072.322469,5074.316744,5070.643647,5069.320904,5071.354097,5073.723814,4478.251112,4475.525947],"gotip":[4482.43442,4482.336991,5082.642157,5080.505772,5084.764201,5086.129215,5090.407815,5085.842349,4484.955625,4482.587576]}},"Sort_Reversed":{"name":"Sort_Reversed",