{"CGO_CALL_C_FUNC":{"name":"CGO_CALL_C_FUNC","build_times":{"1.17":[467.397148,445.203345,444.480545,438.274144,439.741644,440.991944,441.445345,442.058645,445.728546,440.288045],"1.18":[460.687247,440.980544,445.451345,450.231645,452.032146,446.847845,443.013844,455.668746,450.160046,448.548545],"1.19":[479.707248,470.953848,465.514747,468.689847,474.015447,466.038847,470.042447,472.411948,465.588146,472.404847],"1.20rc3":[400.61954,402.452351,413.533744,403.130441,404.588829,402.708241,405.769337,405.01234,401.209043,401.931541],"gotip":[433.922023,430.98284,434.963991,431.997318,432.299528,438.771677,442.336173,434.903098,433.757877,428.659849]},"run_times":{"1.17":[4027.368507,4023.866006,4029.503007,4025.004406,4022.986405,4024.876806,4027.111606,4027.512606,4045.906208,4026.416005],"1.18":[3617.323364,3615.271264,3616.063264,3612.080464,3619.073064,3614.864264,3614.941564,3618.256264,3615.914864,3617.298664],"1.19":[3612.321264,3618.830563,3612.447864,3610.468262,3609.398463,3614.125364,3610.042662,3611.804063,3609.591663,3613.743363],"1.20rc3":[3634.834314,3633.411575,3635.524766,3893.155868,3634.230701,3635.247001,3638.761161,3637.033046,3648.7186,3635.155846],"gotip":[3638.712005,3632.966684,3637.175898,3640.748278,3636.624988,3636.391607,3635.317405,3636.2708,3637.244794,3638.548341]}},"Fibonacci":{"name":"Fibonacci","build_times":{"1.17":[114.037432,105.69773,106.112031,107.296931,112.137232,112.815532,106.47523,103.55553,105.963031,109.989232],"1.18":[110.446932,117.122333,112.151033,112.232633,113.225833,108.816031,109.424632,110.410332,110.388632,108.687031],"1.19":[100.656928,104.982829,102.919129,104.403728,103.470629,103.086329,100.739728,100.873628,106.18793,101.305675],"1.20rc3":[110.067713,107.493613,105.381116,108.35601,107.680893,108.799113,108.246811,111.125411,112.100812,107.545414],"gotip":[111.983513,105.550804,109.347614,105.702306,111.933599,111.021211,111.119336,114.147009,108.126709,109.678811]},"run_times":{"1.17":[4790.951104,4790.767806,4790.469312,4790.944612,4790.676412,4790.700809,4790.738806,4795.1266,4791.089593,4792.659791],"1.18":[4802.117389,4795.260879,4796.150059,4795.158139,4800.488295,4796.108381,4795.199102,4796.903202,4796.718806,4796.370578],"1.19":[4791.094493,4791.620178,4791.97378,4791.146528,4793.524315,4791.970518,4791.755879,4792.102292,4792.657043,4791.56106],"1.20rc3":[4792.040246,4792.241008,4793.163687,4792.090375,4791.195509,4791.621967,4794.720948,4794.006749,4792.738478,4792.043182],"gotip":[4796.017484,4797.156393,4796.64599,4797.594184,4796.532675,4797.927572,4796.06077,4796.042171,4795.54157,4796.40367]}},"Garbage_Collection":{"name":"Garbage_Collection","build_times":{"1.17":[115.981311,122.880012,118.624511,120.825012,117.236911,117.015612,122.481112,119.187212,122.326712,122.110712],"1.18":[118.184453,162.454274,122.309355,121.104755,123.485556,117.662653,119.279454,121.047455,118.243753,120.212343],"1.19":[108.765129,107.193628,111.365429,109.287029,105.662728,110.739629,107.257928,110.496829,111.043429,110.876477],"1.20rc3":[115.105037,116.119125,108.479822,121.87091,118.171315,113.324119,108.956893,115.864512,110.833017,109.72751],"gotip":[109.963712,112.75021,108.988911,112.045112,116.386412,111.249039,110.074195,118.676119,113.632979,117.722116]},"run_times":{"1.17":[5165.311306,5429.244631,5114.213001,5228.140312,5247.156821,5111.394218,5255.644226,5240.931682,5295.344284,5131.013039],"1.18":[5150.212923,5182.880749,5162.962056,5181.548426,5132.792559,5173.007189,5163.76516,5152.945925,5120.346444,5177.894884],"1.19":[5221.156033,5200.49694,5206.500304,5229.476259,5222.885571,5214.65736,5171.040935,5196.806475,5180.15768,5173.119425],"1.20rc3":[6118.975566,6101.481578,6085.787255,6079.304849,6885.49163,6106.210241,6106.287843,6081.662269,6048.570739,6081.075052],"gotip":[5829.688819,5825.442214,5801.689172,5739.720846,5774.554384,5777.186292,5779.887416,5776.798152,5794.575375,5780.125985]}},"Goroutine_Creation":{"name":"Goroutine_Creation","build_times":{"1.17":[129.245177,122.263315,128.842516,129.957617,126.078916,122.517816,130.705616,120.858016,131.656017,124.054816],"1.18":[176.099203,123.277602,118.999102,123.276802,121.177902,122.396602,123.066801,120.723102,125.165002,124.600311],"1.19":[108.04291,108.24321,103.745009,108.154909,118.159711,104.868809,110.559511,108.950711,105.624011,101.18931],"1.20rc3":[121.561712,116.914211,121.835924,119.740217,115.624517,116.074406,114.649719,113.737722,113.828311,108.201601],"gotip":[119.398107,114.547608,118.376724,114.597009,119.847913,120.942708,111.543725,114.704598,117.917312,122.431706]},"run_times":{"1.17":[10398.166085,9954.323913,9886.673249,9802.533144,10242.604547,9790.416948,9835.133764,10092.196942,10330.146544,9950.349281],"1.18":[5967.347231,6429.461144,6374.872997,6367.441897,6309.330172,6327.965384,6147.900365,5782.725004,5759.189617,5713.821292],"1.19":[9838.282648,10065.711969,10430.273153,10445.281547,10505.060621,10217.581219,10051.449082,10432.330393,10378.162047,10401.158244],"1.20rc3":[10428.474293,10290.878198,10250.545498,10243.82908,10189.812956,10276.013871,10284.28269,10333.256752,10319.60299,10333.696511],"gotip":[6263.489421,6178.405281,6226.945777,6420.750001,6285.548201,6272.30704,6127.369283,6165.238704,6157.579324,6229.197692]}},"MergeSort":{"name":"MergeSort","build_times":{"1.17":[120.758412,113.851411,120.910512,111.479011,116.497612,115.862012,116.337612,117.921612,114.857112,121.482713],"1.18":[114.592408,114.501808,115.174408,117.888608,118.022708,116.806808,119.144909,117.963308,114.978808,118.690209],"1.19":[111.884912,106.648812,106.388812,106.968112,117.691213,108.103912,110.283712,105.584812,109.603312,112.810112],"1.20rc3":[112.97371,112.796211,111.384719,111.584712,110.552811,108.608805,114.651708,116.041517,118.75011,112.66811],"gotip":[114.417245,111.683538,114.748036,119.250841,109.928727,113.17483,115.433118,115.826401,116.385025,110.984526]},"run_times":{"1.17":[6665.261677,6683.046146,6563.23781,6546.732066,6530.774977,6572.759242,6588.636113,6538.790966,6593.222111,6483.876765],"1.18":[5598.542907,5539.696637,5605.030908,5565.324384,5583.397076,5562.670273,5565.165997,5614.011413,5549.216812,5647.162227],"1.19":[7187.381368,7147.725347,7118.921238,7159.55404,7174.835995,7153.86505,7158.898942,7070.639066,7073.18371,7117.90604],"1.20rc3":[7751.491038,7747.203222,7681.631078,7633.763711,7606.172158,7657.178112,7778.78378,7756.977527,7670.273822,7760.986548],"gotip":[7646.459958,7722.423329,7765.770679,7718.093033,7789.325636,7712.699487,7746.609324,7731.117411,7829.358372,7729.056524]}},"Sort_Random":{"name":"Sort_Random","build_times":{"1.17":[139.110508,131.625108,134.690808,134.175808,133.764908,130.159108,137.983708,130.771407,136.125108,132.298608],"1.18":[136.24431,144.24541,139.66701,136.190009,128.602209,133.532509,130.392609,138.06331,133.65191,130.601109],"1.19":[113.323212,118.671812,116.249812,117.014912,116.908012,122.528513,118.219113,121.632913,114.482612,114.941812],"1.20rc3":[123.959713,123.438613,123.379812,120.381012,120.773613,117.783524,125.181818,125.802312,113.550404,124.992606],"gotip":[125.147007,127.181008,126.072117,120.678811,124.571118,118.276912,129.529622,121.315614,127.519211,120.919612]},"run_times":{"1.17":[6097.977704,6106.962776,6096.819091,6097.176809,6096.187815,6092.389226,6099.748446,6095.880672,6097.574079,6091.450502],"1.18":[5995.670317,5973.089345,5987.609184,5973.458396,5990.900936,5991.991871,5980.721599,5979.940884,5973.189931,5974.080866],"1.19":[5920.446724,5923.477773,5920.036966,5924.086084,5926.753663,5925.363855,5921.115401,5920.447568,5922.665462,5929.017465],"1.20rc3":[6009.390296,6008.780417,6000.16581,6016.878809,5994.272208,6024.310397,6003.439388,5988.822493,5994.651701,5995.988302],"gotip":[6123.630702,6123.480519,6124.066342,6123.70974,6123.80845,6122.337364,6121.148986,6137.504053,6124.859917,6121.829884]}},"Sort_Reversed":{"name":"Sort_Reversed",